{"data":[{"frame":1,"time":0.0,"triangles":54134852,"vertices":76420982,"batches":3305,"drawCalls":3305,"dynamicBatches":0,"frameTime":0.14031019806861878,"renderTime":0.006816449109464884,"instancedBatches":10,"shadowCasters":4580,"staticBatches":0,"dynamicBatchedDrawCalls":0,"combinedTime":0.14712664484977723,"differenceTime":-0.14712664484977723,"extra":"leaves gpu instancing"},{"frame":2,"time":0.0,"triangles":54134852,"vertices":76420982,"batches":3305,"drawCalls":3305,"dynamicBatches":0,"frameTime":0.44096142053604128,"renderTime":0.005442523863166571,"instancedBatches":10,"shadowCasters":4580,"staticBatches":0,"dynamicBatchedDrawCalls":0,"combinedTime":0.44640395045280459,"differenceTime":-0.44640395045280459,"extra":"leaves gpu instancing"},{"frame":3,"time":0.019999999552965165,"triangles":54134852,"vertices":76420982,"batches":3305,"drawCalls":3305,"dynamicBatches":0,"frameTime":0.029163936153054239,"renderTime":0.009069071151316166,"instancedBatches":10,"shadowCasters":4580,"staticBatches":0,"dynamicBatchedDrawCalls":0,"combinedTime":0.03823300823569298,"differenceTime":-0.018233008682727815,"extra":"leaves gpu instancing"},{"frame":4,"time":0.08345132321119309,"triangles":54134852,"vertices":76420982,"batches":3305,"drawCalls":3305,"dynamicBatches":0,"frameTime":0.08346306532621384,"renderTime":0.0060490998439490799,"instancedBatches":10,"shadowCasters":4580,"staticBatches":0,"dynamicBatchedDrawCalls":0,"combinedTime":0.0895121619105339,"differenceTime":-0.00606083869934082,"extra":"leaves gpu instancing"},{"frame":5,"time":0.012523816898465157,"triangles":54134852,"vertices":76420982,"batches":3305,"drawCalls":3305,"dynamicBatches":0,"frameTime":0.08346306532621384,"renderTime":0.0060490998439490799,"instancedBatches":10,"shadowCasters":4580,"staticBatches":0,"dynamicBatchedDrawCalls":0,"combinedTime":0.0895121619105339,"differenceTime":-0.0769883468747139,"extra":"leaves gpu instancing"},{"frame":6,"time":0.050993118435144427,"triangles":54134852,"vertices":76420982,"batches":3305,"drawCalls":3305,"dynamicBatches":0,"frameTime":0.014283097349107266,"renderTime":0.009049861691892147,"instancedBatches":10,"shadowCasters":4580,"staticBatches":0,"dynamicBatchedDrawCalls":0,"combinedTime":0.023332959040999414,"differenceTime":0.027660159394145013,"extra":"leaves gpu instancing"},{"frame":7,"time":0.008666625246405602,"triangles":54134852,"vertices":76420982,"batches":3305,"drawCalls":3305,"dynamicBatches":0,"frameTime":0.008659114129841328,"renderTime":0.006092908792197704,"instancedBatches":10,"shadowCasters":4580,"staticBatches":0,"dynamicBatchedDrawCalls":0,"combinedTime":0.014752022922039032,"differenceTime":-0.0060853976756334309,"extra":"leaves gpu instancing"},{"frame":8,"time":0.044244252145290378,"triangles":54134852,"vertices":76420982,"batches":3305,"drawCalls":3305,"dynamicBatches":0,"frameTime":0.008659114129841328,"renderTime":0.006092908792197704,"instancedBatches":10,"shadowCasters":4580,"staticBatches":0,"dynamicBatchedDrawCalls":0,"combinedTime":0.014752022922039032,"differenceTime":0.029492229223251344,"extra":"leaves gpu instancing"},{"frame":9,"time":0.06168782338500023,"triangles":54134852,"vertices":76420982,"batches":3305,"drawCalls":3305,"dynamicBatches":0,"frameTime":0.0969296470284462,"renderTime":0.005718916188925505,"instancedBatches":10,"shadowCasters":4580,"staticBatches":0,"dynamicBatchedDrawCalls":0,"combinedTime":0.10264856368303299,"differenceTime":-0.04096074029803276,"extra":"leaves gpu instancing"},{"frame":10,"time":0.0599299818277359,"triangles":54134852,"vertices":76420982,"batches":3305,"drawCalls":3305,"dynamicBatches":0,"frameTime":0.059266407042741778,"renderTime":0.005464618094265461,"instancedBatches":10,"shadowCasters":4580,"staticBatches":0,"dynamicBatchedDrawCalls":0,"combinedTime":0.06473102420568466,"differenceTime":-0.004801042377948761,"extra":"leaves gpu instancing"},{"frame":11,"time":0.07212227582931519,"triangles":54134852,"vertices":76420982,"batches":3305,"drawCalls":3305,"dynamicBatches":0,"frameTime":0.05922180786728859,"renderTime":0.006173310801386833,"instancedBatches":10,"shadowCasters":4580,"staticBatches":0,"dynamicBatchedDrawCalls":0,"combinedTime":0.06539511680603028,"differenceTime":0.006727159023284912,"extra":"leaves gpu instancing"},{"frame":12,"time":0.05098531022667885,"triangles":54134852,"vertices":76420982,"batches":3305,"drawCalls":3305,"dynamicBatches":0,"frameTime":0.06068236753344536,"renderTime":0.010681376792490483,"instancedBatches":10,"shadowCasters":4580,"staticBatches":0,"dynamicBatchedDrawCalls":0,"combinedTime":0.07136374711990357,"differenceTime":-0.020378436893224717,"extra":"leaves gpu instancing"},{"frame":13,"time":0.05489109829068184,"triangles":54134852,"vertices":76420982,"batches":3305,"drawCalls":3305,"dynamicBatches":0,"frameTime":0.05920571833848953,"renderTime":0.00805484876036644,"instancedBatches":10,"shadowCasters":4580,"staticBatches":0,"dynamicBatchedDrawCalls":0,"combinedTime":0.06726056337356568,"differenceTime":-0.012369465082883835,"extra":"leaves gpu instancing"},{"frame":14,"time":0.06580245494842529,"triangles":54134852,"vertices":76420982,"batches":3305,"drawCalls":3305,"dynamicBatches":0,"frameTime":0.05925106257200241,"renderTime":0.005599229130893946,"instancedBatches":10,"shadowCasters":4580,"staticBatches":0,"dynamicBatchedDrawCalls":0,"combinedTime":0.06485029309988022,"differenceTime":0.0009521618485450745,"extra":"leaves gpu instancing"},{"frame":15,"time":0.05433853343129158,"triangles":54134852,"vertices":76420982,"batches":3305,"drawCalls":3305,"dynamicBatches":0,"frameTime":0.06057862937450409,"renderTime":0.005747351795434952,"instancedBatches":10,"shadowCasters":4580,"staticBatches":0,"dynamicBatchedDrawCalls":0,"combinedTime":0.06632597744464874,"differenceTime":-0.011987444013357163,"extra":"leaves gpu instancing"},{"frame":16,"time":0.05871504172682762,"triangles":54134852,"vertices":76420982,"batches":3305,"drawCalls":3305,"dynamicBatches":0,"frameTime":0.05924518033862114,"renderTime":0.005538462195545435,"instancedBatches":10,"shadowCasters":4580,"staticBatches":0,"dynamicBatchedDrawCalls":0,"combinedTime":0.06478364020586014,"differenceTime":-0.0060685984790325169,"extra":"leaves gpu instancing"},{"frame":17,"time":0.07375100255012512,"triangles":54134852,"vertices":76420982,"batches":3305,"drawCalls":3305,"dynamicBatches":0,"frameTime":0.05896756052970886,"renderTime":0.005443844012916088,"instancedBatches":10,"shadowCasters":4580,"staticBatches":0,"dynamicBatchedDrawCalls":0,"combinedTime":0.06441140174865723,"differenceTime":0.009339600801467896,"extra":"leaves gpu instancing"},{"frame":18,"time":0.048212144523859027,"triangles":54134852,"vertices":76420982,"batches":3305,"drawCalls":3305,"dynamicBatches":0,"frameTime":0.060847457498311999,"renderTime":0.011191435158252716,"instancedBatches":10,"shadowCasters":4580,"staticBatches":0,"dynamicBatchedDrawCalls":0,"combinedTime":0.07203888893127442,"differenceTime":-0.02382674440741539,"extra":"leaves gpu instancing"},{"frame":19,"time":0.05908803641796112,"triangles":54134852,"vertices":76420982,"batches":3305,"drawCalls":3305,"dynamicBatches":0,"frameTime":0.05923274904489517,"renderTime":0.006543198134750128,"instancedBatches":10,"shadowCasters":4580,"staticBatches":0,"dynamicBatchedDrawCalls":0,"combinedTime":0.06577594578266144,"differenceTime":-0.006687909364700317,"extra":"leaves gpu instancing"},{"frame":20,"time":0.06429444253444672,"triangles":54134852,"vertices":76420982,"batches":3305,"drawCalls":3305,"dynamicBatches":0,"frameTime":0.05914545804262161,"renderTime":0.007056741043925285,"instancedBatches":10,"shadowCasters":4580,"staticBatches":0,"dynamicBatchedDrawCalls":0,"combinedTime":0.06620220094919205,"differenceTime":-0.0019077584147453309,"extra":"leaves gpu instancing"},{"frame":21,"time":0.05508442223072052,"triangles":54134852,"vertices":76420982,"batches":3305,"drawCalls":3305,"dynamicBatches":0,"frameTime":0.06073375418782234,"renderTime":0.006302408874034882,"instancedBatches":10,"shadowCasters":4580,"staticBatches":0,"dynamicBatchedDrawCalls":0,"combinedTime":0.06703616678714752,"differenceTime":-0.011951744556427002,"extra":"leaves gpu instancing"},{"frame":22,"time":0.059101879596710208,"triangles":54134852,"vertices":76420982,"batches":3305,"drawCalls":3305,"dynamicBatches":0,"frameTime":0.059122759848833087,"renderTime":0.0063266027718782429,"instancedBatches":10,"shadowCasters":4580,"staticBatches":0,"dynamicBatchedDrawCalls":0,"combinedTime":0.06544936448335648,"differenceTime":-0.006347484886646271,"extra":"leaves gpu instancing"},{"frame":23,"time":0.0653245747089386,"triangles":54134852,"vertices":76420982,"batches":3305,"drawCalls":3305,"dynamicBatches":0,"frameTime":0.059221524745225909,"renderTime":0.005964524112641811,"instancedBatches":10,"shadowCasters":4580,"staticBatches":0,"dynamicBatchedDrawCalls":0,"combinedTime":0.0651860460639,"differenceTime":0.00013852864503860474,"extra":"leaves gpu instancing"},{"frame":24,"time":0.05480032414197922,"triangles":54134852,"vertices":76420982,"batches":3305,"drawCalls":3305,"dynamicBatches":0,"frameTime":0.06064412370324135,"renderTime":0.006139419972896576,"instancedBatches":10,"shadowCasters":4580,"staticBatches":0,"dynamicBatchedDrawCalls":0,"combinedTime":0.06678354740142822,"differenceTime":-0.011983223259449005,"extra":"leaves gpu instancing"},{"frame":25,"time":0.05712319165468216,"triangles":54134852,"vertices":76420982,"batches":3305,"drawCalls":3305,"dynamicBatches":0,"frameTime":0.059161681681871417,"renderTime":0.00699586421251297,"instancedBatches":10,"shadowCasters":4580,"staticBatches":0,"dynamicBatchedDrawCalls":0,"combinedTime":0.06615754961967468,"differenceTime":-0.009034357964992524,"extra":"leaves gpu instancing"},{"frame":26,"time":0.0688159242272377,"triangles":54134852,"vertices":76420982,"batches":3305,"drawCalls":3305,"dynamicBatches":0,"frameTime":0.05902567505836487,"renderTime":0.005427197087556124,"instancedBatches":10,"shadowCasters":4580,"staticBatches":0,"dynamicBatchedDrawCalls":0,"combinedTime":0.0644528716802597,"differenceTime":0.004363052546977997,"extra":"leaves gpu instancing"},{"frame":27,"time":0.05532354116439819,"triangles":54134852,"vertices":76420982,"batches":3305,"drawCalls":3305,"dynamicBatches":0,"frameTime":0.06084432080388069,"renderTime":0.007276265881955624,"instancedBatches":10,"shadowCasters":4580,"staticBatches":0,"dynamicBatchedDrawCalls":0,"combinedTime":0.06812058389186859,"differenceTime":-0.012797042727470398,"extra":"leaves gpu instancing"},{"frame":28,"time":0.056698620319366458,"triangles":54134852,"vertices":76420982,"batches":3305,"drawCalls":3305,"dynamicBatches":0,"frameTime":0.059063754975795749,"renderTime":0.008341505192220211,"instancedBatches":10,"shadowCasters":4580,"staticBatches":0,"dynamicBatchedDrawCalls":0,"combinedTime":0.06740526109933853,"differenceTime":-0.010706640779972077,"extra":"leaves gpu instancing"},{"frame":29,"time":0.07120312005281449,"triangles":54134852,"vertices":76420982,"batches":3305,"drawCalls":3305,"dynamicBatches":0,"frameTime":0.059071846306324008,"renderTime":0.006342827808111906,"instancedBatches":10,"shadowCasters":4580,"staticBatches":0,"dynamicBatchedDrawCalls":0,"combinedTime":0.0654146745800972,"differenceTime":0.005788445472717285,"extra":"leaves gpu instancing"},{"frame":30,"time":0.04721333459019661,"triangles":54134852,"vertices":76420982,"batches":3305,"drawCalls":3305,"dynamicBatches":0,"frameTime":0.0605662539601326,"renderTime":0.00889161042869091,"instancedBatches":10,"shadowCasters":4580,"staticBatches":0,"dynamicBatchedDrawCalls":0,"combinedTime":0.06945786625146866,"differenceTime":-0.02224453166127205,"extra":"leaves gpu instancing"},{"frame":31,"time":0.06009640172123909,"triangles":54134852,"vertices":76420982,"batches":3305,"drawCalls":3305,"dynamicBatches":0,"frameTime":0.05926316976547241,"renderTime":0.005810320843011141,"instancedBatches":10,"shadowCasters":4580,"staticBatches":0,"dynamicBatchedDrawCalls":0,"combinedTime":0.06507349014282227,"differenceTime":-0.004977088421583176,"extra":"leaves gpu instancing"},{"frame":32,"time":0.06993714720010758,"triangles":54134852,"vertices":76420982,"batches":3305,"drawCalls":3305,"dynamicBatches":0,"frameTime":0.05955522879958153,"renderTime":0.006280289031565189,"instancedBatches":10,"shadowCasters":4580,"staticBatches":0,"dynamicBatchedDrawCalls":0,"combinedTime":0.06583552062511444,"differenceTime":0.0041016265749931339,"extra":"leaves gpu instancing"},{"frame":33,"time":0.05089018866419792,"triangles":54134852,"vertices":76420982,"batches":3305,"drawCalls":3305,"dynamicBatches":0,"frameTime":0.06035612151026726,"renderTime":0.008237925358116627,"instancedBatches":10,"shadowCasters":4580,"staticBatches":0,"dynamicBatchedDrawCalls":0,"combinedTime":0.06859404593706131,"differenceTime":-0.017703857272863389,"extra":"leaves gpu instancing"},{"frame":34,"time":0.05718615651130676,"triangles":54134852,"vertices":76420982,"batches":3305,"drawCalls":3305,"dynamicBatches":0,"frameTime":0.059079237282276157,"renderTime":0.006521256174892187,"instancedBatches":10,"shadowCasters":4580,"staticBatches":0,"dynamicBatchedDrawCalls":0,"combinedTime":0.06560049206018448,"differenceTime":-0.008414335548877716,"extra":"leaves gpu instancing"},{"frame":35,"time":0.06518448144197464,"triangles":54134852,"vertices":76420982,"batches":3305,"drawCalls":3305,"dynamicBatches":0,"frameTime":0.05922418832778931,"renderTime":0.005631328094750643,"instancedBatches":10,"shadowCasters":4580,"staticBatches":0,"dynamicBatchedDrawCalls":0,"combinedTime":0.06485551595687866,"differenceTime":0.0003289654850959778,"extra":"leaves gpu instancing"},{"frame":36,"time":0.05533561483025551,"triangles":54134852,"vertices":76420982,"batches":3305,"drawCalls":3305,"dynamicBatches":0,"frameTime":0.0607590526342392,"renderTime":0.005500591825693846,"instancedBatches":10,"shadowCasters":4580,"staticBatches":0,"dynamicBatchedDrawCalls":0,"combinedTime":0.06625964492559433,"differenceTime":-0.010924030095338822,"extra":"leaves gpu instancing"},{"frame":37,"time":0.060091182589530948,"triangles":54134852,"vertices":76420982,"batches":3305,"drawCalls":3305,"dynamicBatches":0,"frameTime":0.059148356318473819,"renderTime":0.005999318789690733,"instancedBatches":10,"shadowCasters":4580,"staticBatches":0,"dynamicBatchedDrawCalls":0,"combinedTime":0.06514767557382584,"differenceTime":-0.005056492984294891,"extra":"leaves gpu instancing"},{"frame":38,"time":0.07321488857269287,"triangles":54134852,"vertices":76420982,"batches":3305,"drawCalls":3305,"dynamicBatches":0,"frameTime":0.059246279299259189,"renderTime":0.006553960032761097,"instancedBatches":10,"shadowCasters":4580,"staticBatches":0,"dynamicBatchedDrawCalls":0,"combinedTime":0.065800242125988,"differenceTime":0.0074146464467048649,"extra":"leaves gpu instancing"},{"frame":39,"time":0.04555772617459297,"triangles":54134852,"vertices":76420982,"batches":3305,"drawCalls":3305,"dynamicBatches":0,"frameTime":0.06037985160946846,"renderTime":0.010052211582660675,"instancedBatches":10,"shadowCasters":4580,"staticBatches":0,"dynamicBatchedDrawCalls":0,"combinedTime":0.07043206691741944,"differenceTime":-0.024874340742826463,"extra":"leaves gpu instancing"},{"frame":40,"time":0.05960824340581894,"triangles":54134852,"vertices":76420982,"batches":3305,"drawCalls":3305,"dynamicBatches":0,"frameTime":0.05926588550209999,"renderTime":0.006135229952633381,"instancedBatches":10,"shadowCasters":4580,"staticBatches":0,"dynamicBatchedDrawCalls":0,"combinedTime":0.0654011145234108,"differenceTime":-0.005792871117591858,"extra":"leaves gpu instancing"},{"frame":41,"time":0.06743324548006058,"triangles":54134852,"vertices":76420982,"batches":3305,"drawCalls":3305,"dynamicBatches":0,"frameTime":0.059032026678323749,"renderTime":0.006142353173345327,"instancedBatches":10,"shadowCasters":4580,"staticBatches":0,"dynamicBatchedDrawCalls":0,"combinedTime":0.06517437845468521,"differenceTime":0.002258867025375366,"extra":"leaves gpu instancing"},{"frame":42,"time":0.0545414537191391,"triangles":54134852,"vertices":76420982,"batches":3305,"drawCalls":3305,"dynamicBatches":0,"frameTime":0.06081586331129074,"renderTime":0.007299141027033329,"instancedBatches":10,"shadowCasters":4580,"staticBatches":0,"dynamicBatchedDrawCalls":0,"combinedTime":0.0681150034070015,"differenceTime":-0.013573549687862397,"extra":"leaves gpu instancing"},{"frame":43,"time":0.05803806707262993,"triangles":54134852,"vertices":76420982,"batches":3305,"drawCalls":3305,"dynamicBatches":0,"frameTime":0.05894536152482033,"renderTime":0.007706136908382177,"instancedBatches":10,"shadowCasters":4580,"staticBatches":0,"dynamicBatchedDrawCalls":0,"combinedTime":0.06665150076150894,"differenceTime":-0.008613433688879013,"extra":"leaves gpu instancing"},{"frame":44,"time":0.0645960345864296,"triangles":54134852,"vertices":76420982,"batches":3305,"drawCalls":3305,"dynamicBatches":0,"frameTime":0.05917114019393921,"renderTime":0.007012742105871439,"instancedBatches":10,"shadowCasters":4580,"staticBatches":0,"dynamicBatchedDrawCalls":0,"combinedTime":0.06618387997150421,"differenceTime":-0.0015878453850746155,"extra":"leaves gpu instancing"},{"frame":45,"time":0.05338898301124573,"triangles":54134852,"vertices":76420982,"batches":3305,"drawCalls":3305,"dynamicBatches":0,"frameTime":0.06064537540078163,"renderTime":0.006378458812832832,"instancedBatches":10,"shadowCasters":4580,"staticBatches":0,"dynamicBatchedDrawCalls":0,"combinedTime":0.06702383607625961,"differenceTime":-0.013634853065013886,"extra":"leaves gpu instancing"},{"frame":46,"time":0.06455688178539276,"triangles":54134852,"vertices":76420982,"batches":3305,"drawCalls":3305,"dynamicBatches":0,"frameTime":0.05918656289577484,"renderTime":0.005996504798531532,"instancedBatches":10,"shadowCasters":4580,"staticBatches":0,"dynamicBatchedDrawCalls":0,"combinedTime":0.06518306583166123,"differenceTime":-0.0006261840462684631,"extra":"leaves gpu instancing"},{"frame":47,"time":0.06440594792366028,"triangles":54134852,"vertices":76420982,"batches":3305,"drawCalls":3305,"dynamicBatches":0,"frameTime":0.0591314472258091,"renderTime":0.008039710111916066,"instancedBatches":10,"shadowCasters":4580,"staticBatches":0,"dynamicBatchedDrawCalls":0,"combinedTime":0.06717115640640259,"differenceTime":-0.0027652084827423097,"extra":"leaves gpu instancing"},{"frame":48,"time":0.055129747837781909,"triangles":54134852,"vertices":76420982,"batches":3305,"drawCalls":3305,"dynamicBatches":0,"frameTime":0.060774970799684528,"renderTime":0.006599283777177334,"instancedBatches":10,"shadowCasters":4580,"staticBatches":0,"dynamicBatchedDrawCalls":0,"combinedTime":0.06737425178289414,"differenceTime":-0.012244503945112229,"extra":"leaves gpu instancing"},{"frame":49,"time":0.05484031140804291,"triangles":54134852,"vertices":76420982,"batches":3305,"drawCalls":3305,"dynamicBatches":0,"frameTime":0.059135280549526218,"renderTime":0.008950630202889443,"instancedBatches":10,"shadowCasters":4580,"staticBatches":0,"dynamicBatchedDrawCalls":0,"combinedTime":0.06808590888977051,"differenceTime":-0.0132455974817276,"extra":"leaves gpu instancing"},{"frame":50,"time":0.06512287259101868,"triangles":54134852,"vertices":76420982,"batches":3305,"drawCalls":3305,"dynamicBatches":0,"frameTime":0.0589042492210865,"renderTime":0.005738105159252882,"instancedBatches":10,"shadowCasters":4580,"staticBatches":0,"dynamicBatchedDrawCalls":0,"combinedTime":0.06464235484600067,"differenceTime":0.00048051774501800537,"extra":"leaves gpu instancing"},{"frame":51,"time":0.05433473363518715,"triangles":54134852,"vertices":76420982,"batches":3305,"drawCalls":3305,"dynamicBatches":0,"frameTime":0.06105012074112892,"renderTime":0.006147798150777817,"instancedBatches":10,"shadowCasters":4580,"staticBatches":0,"dynamicBatchedDrawCalls":0,"combinedTime":0.06719791889190674,"differenceTime":-0.01286318525671959,"extra":"leaves gpu instancing"},{"frame":52,"time":0.060757823288440707,"triangles":54134852,"vertices":76420982,"batches":3305,"drawCalls":3305,"dynamicBatches":0,"frameTime":0.059004127979278567,"renderTime":0.005914167035371065,"instancedBatches":10,"shadowCasters":4580,"staticBatches":0,"dynamicBatchedDrawCalls":0,"combinedTime":0.06491829454898834,"differenceTime":-0.004160471260547638,"extra":"leaves gpu instancing"},{"frame":53,"time":0.068410724401474,"triangles":54134852,"vertices":76420982,"batches":3305,"drawCalls":3305,"dynamicBatches":0,"frameTime":0.05917104333639145,"renderTime":0.0070226360112428669,"instancedBatches":10,"shadowCasters":4580,"staticBatches":0,"dynamicBatchedDrawCalls":0,"combinedTime":0.06619367748498917,"differenceTime":0.0022170469164848329,"extra":"leaves gpu instancing"},{"frame":54,"time":0.050769608467817309,"triangles":54134852,"vertices":76420982,"batches":3305,"drawCalls":3305,"dynamicBatches":0,"frameTime":0.06062359735369682,"renderTime":0.009047810919582844,"instancedBatches":10,"shadowCasters":4580,"staticBatches":0,"dynamicBatchedDrawCalls":0,"combinedTime":0.06967140734195709,"differenceTime":-0.018901798874139787,"extra":"leaves gpu instancing"},{"frame":55,"time":0.05715290457010269,"triangles":54134852,"vertices":76420982,"batches":3305,"drawCalls":3305,"dynamicBatches":0,"frameTime":0.0591905303299427,"renderTime":0.006392737850546837,"instancedBatches":10,"shadowCasters":4580,"staticBatches":0,"dynamicBatchedDrawCalls":0,"combinedTime":0.06558326631784439,"differenceTime":-0.0084303617477417,"extra":"leaves gpu instancing"},{"frame":56,"time":0.06480042636394501,"triangles":54134852,"vertices":76420982,"batches":3305,"drawCalls":3305,"dynamicBatches":0,"frameTime":0.059151459485292438,"renderTime":0.0055353459902107719,"instancedBatches":10,"shadowCasters":4580,"staticBatches":0,"dynamicBatchedDrawCalls":0,"combinedTime":0.06468680500984192,"differenceTime":0.00011362135410308838,"extra":"leaves gpu instancing"},{"frame":57,"time":0.055310480296611789,"triangles":54134852,"vertices":76420982,"batches":3305,"drawCalls":3305,"dynamicBatches":0,"frameTime":0.06066540628671646,"renderTime":0.005563926883041859,"instancedBatches":10,"shadowCasters":4580,"staticBatches":0,"dynamicBatchedDrawCalls":0,"combinedTime":0.06622933596372605,"differenceTime":-0.010918855667114258,"extra":"leaves gpu instancing"},{"frame":58,"time":0.06165522336959839,"triangles":54134852,"vertices":76420982,"batches":3305,"drawCalls":3305,"dynamicBatches":0,"frameTime":0.05924844369292259,"renderTime":0.005445144139230251,"instancedBatches":10,"shadowCasters":4580,"staticBatches":0,"dynamicBatchedDrawCalls":0,"combinedTime":0.06469358503818512,"differenceTime":-0.003038361668586731,"extra":"leaves gpu instancing"},{"frame":59,"time":0.0657329186797142,"triangles":54134852,"vertices":76420982,"batches":3305,"drawCalls":3305,"dynamicBatches":0,"frameTime":0.059010863304138187,"renderTime":0.007203460205346346,"instancedBatches":10,"shadowCasters":4580,"staticBatches":0,"dynamicBatchedDrawCalls":0,"combinedTime":0.06621432304382324,"differenceTime":-0.0004814043641090393,"extra":"leaves gpu instancing"},{"frame":60,"time":0.053060658276081088,"triangles":54134852,"vertices":76420982,"batches":3305,"drawCalls":3305,"dynamicBatches":0,"frameTime":0.060650136321783069,"renderTime":0.007503089029341936,"instancedBatches":10,"shadowCasters":4580,"staticBatches":0,"dynamicBatchedDrawCalls":0,"combinedTime":0.06815322488546372,"differenceTime":-0.01509256660938263,"extra":"leaves gpu instancing"},{"frame":61,"time":0.05726724490523338,"triangles":54134852,"vertices":76420982,"batches":3305,"drawCalls":3305,"dynamicBatches":0,"frameTime":0.059213507920503619,"renderTime":0.006548088975250721,"instancedBatches":10,"shadowCasters":4580,"staticBatches":0,"dynamicBatchedDrawCalls":0,"combinedTime":0.06576159596443176,"differenceTime":-0.00849435105919838,"extra":"leaves gpu instancing"},{"frame":62,"time":0.07067742198705673,"triangles":54134852,"vertices":76420982,"batches":3305,"drawCalls":3305,"dynamicBatches":0,"frameTime":0.05889490991830826,"renderTime":0.005590022075921297,"instancedBatches":10,"shadowCasters":4580,"staticBatches":0,"dynamicBatchedDrawCalls":0,"combinedTime":0.06448493152856827,"differenceTime":0.006192490458488464,"extra":"leaves gpu instancing"},{"frame":63,"time":0.054409418255090716,"triangles":54134852,"vertices":76420982,"batches":3305,"drawCalls":3305,"dynamicBatches":0,"frameTime":0.0608602873980999,"renderTime":0.005968294106423855,"instancedBatches":10,"shadowCasters":4580,"staticBatches":0,"dynamicBatchedDrawCalls":0,"combinedTime":0.06682857871055603,"differenceTime":-0.012419160455465317,"extra":"leaves gpu instancing"},{"frame":64,"time":0.05775270238518715,"triangles":54134852,"vertices":76420982,"batches":3305,"drawCalls":3305,"dynamicBatches":0,"frameTime":0.05913420394062996,"renderTime":0.009691862389445305,"instancedBatches":10,"shadowCasters":4580,"staticBatches":0,"dynamicBatchedDrawCalls":0,"combinedTime":0.06882606446743012,"differenceTime":-0.011073362082242966,"extra":"leaves gpu instancing"},{"frame":65,"time":0.061180055141448978,"triangles":54134852,"vertices":76420982,"batches":3305,"drawCalls":3305,"dynamicBatches":0,"frameTime":0.05915473401546478,"renderTime":0.00783534999936819,"instancedBatches":10,"shadowCasters":4580,"staticBatches":0,"dynamicBatchedDrawCalls":0,"combinedTime":0.06699008494615555,"differenceTime":-0.0058100298047065739,"extra":"leaves gpu instancing"},{"frame":66,"time":0.0551469512283802,"triangles":54134852,"vertices":76420982,"batches":3305,"drawCalls":3305,"dynamicBatches":0,"frameTime":0.06075982004404068,"renderTime":0.005562627222388983,"instancedBatches":10,"shadowCasters":4580,"staticBatches":0,"dynamicBatchedDrawCalls":0,"combinedTime":0.0663224458694458,"differenceTime":-0.011175494641065598,"extra":"leaves gpu instancing"},{"frame":67,"time":0.06067908555269241,"triangles":54134852,"vertices":76420982,"batches":3305,"drawCalls":3305,"dynamicBatches":0,"frameTime":0.05913541838526726,"renderTime":0.005124002229422331,"instancedBatches":10,"shadowCasters":4580,"staticBatches":0,"dynamicBatchedDrawCalls":0,"combinedTime":0.06425941735506058,"differenceTime":-0.003580331802368164,"extra":"leaves gpu instancing"},{"frame":68,"time":0.06997650116682053,"triangles":54134852,"vertices":76420982,"batches":3305,"drawCalls":3305,"dynamicBatches":0,"frameTime":0.059312883764505389,"renderTime":0.006506665144115686,"instancedBatches":10,"shadowCasters":4580,"staticBatches":0,"dynamicBatchedDrawCalls":0,"combinedTime":0.06581954658031464,"differenceTime":0.00415695458650589,"extra":"leaves gpu instancing"},{"frame":69,"time":0.05054554343223572,"triangles":54134852,"vertices":76420982,"batches":3305,"drawCalls":3305,"dynamicBatches":0,"frameTime":0.06052988022565842,"renderTime":0.009343573823571206,"instancedBatches":10,"shadowCasters":4580,"staticBatches":0,"dynamicBatchedDrawCalls":0,"combinedTime":0.06987345218658447,"differenceTime":-0.019327908754348756,"extra":"leaves gpu instancing"},{"frame":70,"time":0.057478293776512149,"triangles":54134852,"vertices":76420982,"batches":3305,"drawCalls":3305,"dynamicBatches":0,"frameTime":0.05918987840414047,"renderTime":0.007401736918836832,"instancedBatches":10,"shadowCasters":4580,"staticBatches":0,"dynamicBatchedDrawCalls":0,"combinedTime":0.06659161299467087,"differenceTime":-0.009113319218158722,"extra":"leaves gpu instancing"},{"frame":71,"time":0.06518823653459549,"triangles":54134852,"vertices":76420982,"batches":3305,"drawCalls":3305,"dynamicBatches":0,"frameTime":0.059218019247055057,"renderTime":0.005881159100681543,"instancedBatches":10,"shadowCasters":4580,"staticBatches":0,"dynamicBatchedDrawCalls":0,"combinedTime":0.06509917974472046,"differenceTime":0.00008905678987503052,"extra":"leaves gpu instancing"},{"frame":72,"time":0.05506302788853645,"triangles":54134852,"vertices":76420982,"batches":3305,"drawCalls":3305,"dynamicBatches":0,"frameTime":0.06069498136639595,"renderTime":0.005798737984150648,"instancedBatches":10,"shadowCasters":4580,"staticBatches":0,"dynamicBatchedDrawCalls":0,"combinedTime":0.06649371981620789,"differenceTime":-0.011430691927671433,"extra":"leaves gpu instancing"},{"frame":73,"time":0.0596390925347805,"triangles":54134852,"vertices":76420982,"batches":3305,"drawCalls":3305,"dynamicBatches":0,"frameTime":0.05917157977819443,"renderTime":0.006351604126393795,"instancedBatches":10,"shadowCasters":4580,"staticBatches":0,"dynamicBatchedDrawCalls":0,"combinedTime":0.0655231848359108,"differenceTime":-0.005884092301130295,"extra":"leaves gpu instancing"},{"frame":74,"time":0.0688837543129921,"triangles":54134852,"vertices":76420982,"batches":3305,"drawCalls":3305,"dynamicBatches":0,"frameTime":0.058919865638017657,"renderTime":0.007100616116076708,"instancedBatches":10,"shadowCasters":4580,"staticBatches":0,"dynamicBatchedDrawCalls":0,"combinedTime":0.06602048128843308,"differenceTime":0.002863273024559021,"extra":"leaves gpu instancing"},{"frame":75,"time":0.049846261739730838,"triangles":54134852,"vertices":76420982,"batches":3305,"drawCalls":3305,"dynamicBatches":0,"frameTime":0.06070040166378021,"renderTime":0.009386229328811169,"instancedBatches":10,"shadowCasters":4580,"staticBatches":0,"dynamicBatchedDrawCalls":0,"combinedTime":0.07008662819862366,"differenceTime":-0.020240366458892823,"extra":"leaves gpu instancing"},{"frame":76,"time":0.05874720960855484,"triangles":54134852,"vertices":76420982,"batches":3305,"drawCalls":3305,"dynamicBatches":0,"frameTime":0.05921494960784912,"renderTime":0.005668323952704668,"instancedBatches":10,"shadowCasters":4580,"staticBatches":0,"dynamicBatchedDrawCalls":0,"combinedTime":0.0648832768201828,"differenceTime":-0.00613606721162796,"extra":"leaves gpu instancing"},{"frame":77,"time":0.0661906749010086,"triangles":54134852,"vertices":76420982,"batches":3305,"drawCalls":3305,"dynamicBatches":0,"frameTime":0.059179794043302539,"renderTime":0.005651428829878569,"instancedBatches":10,"shadowCasters":4580,"staticBatches":0,"dynamicBatchedDrawCalls":0,"combinedTime":0.0648312196135521,"differenceTime":0.0013594552874565125,"extra":"leaves gpu instancing"},{"frame":78,"time":0.06301689147949219,"triangles":54134852,"vertices":76420982,"batches":3305,"drawCalls":3305,"dynamicBatches":0,"frameTime":0.06066454201936722,"renderTime":0.006399672944098711,"instancedBatches":10,"shadowCasters":4580,"staticBatches":0,"dynamicBatchedDrawCalls":0,"combinedTime":0.06706421822309494,"differenceTime":-0.004047326743602753,"extra":"leaves gpu instancing"},{"frame":79,"time":0.05712927505373955,"triangles":54134852,"vertices":76420982,"batches":3305,"drawCalls":3305,"dynamicBatches":0,"frameTime":0.059172216802835467,"renderTime":0.008537925779819489,"instancedBatches":10,"shadowCasters":4580,"staticBatches":0,"dynamicBatchedDrawCalls":0,"combinedTime":0.06771014630794525,"differenceTime":-0.010580871254205704,"extra":"leaves gpu instancing"},{"frame":80,"time":0.05978367477655411,"triangles":54134852,"vertices":76420982,"batches":3305,"drawCalls":3305,"dynamicBatches":0,"frameTime":0.05917133763432503,"renderTime":0.008308369666337967,"instancedBatches":10,"shadowCasters":4580,"staticBatches":0,"dynamicBatchedDrawCalls":0,"combinedTime":0.067479707300663,"differenceTime":-0.007696032524108887,"extra":"leaves gpu instancing"},{"frame":81,"time":0.053582563996315,"triangles":54134852,"vertices":76420982,"batches":3305,"drawCalls":3305,"dynamicBatches":0,"frameTime":0.0606837272644043,"renderTime":0.0061430479399859909,"instancedBatches":10,"shadowCasters":4580,"staticBatches":0,"dynamicBatchedDrawCalls":0,"combinedTime":0.06682677567005158,"differenceTime":-0.013244211673736573,"extra":"leaves gpu instancing"},{"frame":82,"time":0.05765862390398979,"triangles":54134852,"vertices":76420982,"batches":3305,"drawCalls":3305,"dynamicBatches":0,"frameTime":0.05916868522763252,"renderTime":0.0060621039010584358,"instancedBatches":10,"shadowCasters":4580,"staticBatches":0,"dynamicBatchedDrawCalls":0,"combinedTime":0.06523078680038452,"differenceTime":-0.00757216289639473,"extra":"leaves gpu instancing"},{"frame":83,"time":0.06947000324726105,"triangles":54134852,"vertices":76420982,"batches":3305,"drawCalls":3305,"dynamicBatches":0,"frameTime":0.05893788859248161,"renderTime":0.005226733162999153,"instancedBatches":10,"shadowCasters":4580,"staticBatches":0,"dynamicBatchedDrawCalls":0,"combinedTime":0.06416462361812592,"differenceTime":0.005305379629135132,"extra":"leaves gpu instancing"},{"frame":84,"time":0.05723372846841812,"triangles":54134852,"vertices":76420982,"batches":3305,"drawCalls":3305,"dynamicBatches":0,"frameTime":0.06079908832907677,"renderTime":0.005574342794716358,"instancedBatches":10,"shadowCasters":4580,"staticBatches":0,"dynamicBatchedDrawCalls":0,"combinedTime":0.06637343019247055,"differenceTime":-0.00913970172405243,"extra":"leaves gpu instancing"},{"frame":85,"time":0.054725777357816699,"triangles":54134852,"vertices":76420982,"batches":3305,"drawCalls":3305,"dynamicBatches":0,"frameTime":0.059135802090168,"renderTime":0.0100936908274889,"instancedBatches":10,"shadowCasters":4580,"staticBatches":0,"dynamicBatchedDrawCalls":0,"combinedTime":0.06922949105501175,"differenceTime":-0.014503713697195053,"extra":"leaves gpu instancing"},{"frame":86,"time":0.06474713981151581,"triangles":54134852,"vertices":76420982,"batches":3305,"drawCalls":3305,"dynamicBatches":0,"frameTime":0.059037115424871448,"renderTime":0.0069275349378585819,"instancedBatches":10,"shadowCasters":4580,"staticBatches":0,"dynamicBatchedDrawCalls":0,"combinedTime":0.06596465408802033,"differenceTime":-0.0012175142765045167,"extra":"leaves gpu instancing"},{"frame":87,"time":0.05658604949712753,"triangles":54134852,"vertices":76420982,"batches":3305,"drawCalls":3305,"dynamicBatches":0,"frameTime":0.061075106263160709,"renderTime":0.0060619572177529339,"instancedBatches":10,"shadowCasters":4580,"staticBatches":0,"dynamicBatchedDrawCalls":0,"combinedTime":0.06713706254959107,"differenceTime":-0.010551013052463532,"extra":"leaves gpu instancing"},{"frame":88,"time":0.05663936585187912,"triangles":54134852,"vertices":76420982,"batches":3305,"drawCalls":3305,"dynamicBatches":0,"frameTime":0.05884050577878952,"renderTime":0.007377199828624725,"instancedBatches":10,"shadowCasters":4580,"staticBatches":0,"dynamicBatchedDrawCalls":0,"combinedTime":0.06621770560741425,"differenceTime":-0.009578339755535126,"extra":"leaves gpu instancing"},{"frame":89,"time":0.06446695327758789,"triangles":54134852,"vertices":76420982,"batches":3305,"drawCalls":3305,"dynamicBatches":0,"frameTime":0.05912332236766815,"renderTime":0.005998864769935608,"instancedBatches":10,"shadowCasters":4580,"staticBatches":0,"dynamicBatchedDrawCalls":0,"combinedTime":0.06512218713760376,"differenceTime":-0.0006552338600158691,"extra":"leaves gpu instancing"},{"frame":90,"time":0.057200461626052859,"triangles":54134852,"vertices":76420982,"batches":3305,"drawCalls":3305,"dynamicBatches":0,"frameTime":0.06077902019023895,"renderTime":0.005794894881546497,"instancedBatches":10,"shadowCasters":4580,"staticBatches":0,"dynamicBatchedDrawCalls":0,"combinedTime":0.06657391786575318,"differenceTime":-0.009373456239700318,"extra":"leaves gpu instancing"},{"frame":91,"time":0.05675043538212776,"triangles":54134852,"vertices":76420982,"batches":3305,"drawCalls":3305,"dynamicBatches":0,"frameTime":0.059060100466012958,"renderTime":0.007181251887232065,"instancedBatches":10,"shadowCasters":4580,"staticBatches":0,"dynamicBatchedDrawCalls":0,"combinedTime":0.06624135375022888,"differenceTime":-0.00949091836810112,"extra":"leaves gpu instancing"},{"frame":92,"time":0.06427676975727081,"triangles":54134852,"vertices":76420982,"batches":3305,"drawCalls":3305,"dynamicBatches":0,"frameTime":0.05918504670262337,"renderTime":0.005675053223967552,"instancedBatches":10,"shadowCasters":4580,"staticBatches":0,"dynamicBatchedDrawCalls":0,"combinedTime":0.06486009806394577,"differenceTime":-0.0005833283066749573,"extra":"leaves gpu instancing"},{"frame":93,"time":0.05548378825187683,"triangles":54134852,"vertices":76420982,"batches":3305,"drawCalls":3305,"dynamicBatches":0,"frameTime":0.06071428582072258,"renderTime":0.005374533124268055,"instancedBatches":10,"shadowCasters":4580,"staticBatches":0,"dynamicBatchedDrawCalls":0,"combinedTime":0.06608881801366806,"differenceTime":-0.01060502976179123,"extra":"leaves gpu instancing"},{"frame":94,"time":0.05864302068948746,"triangles":54134852,"vertices":76420982,"batches":3305,"drawCalls":3305,"dynamicBatches":0,"frameTime":0.05915462598204613,"renderTime":0.005603693891316652,"instancedBatches":10,"shadowCasters":4580,"staticBatches":0,"dynamicBatchedDrawCalls":0,"combinedTime":0.06475832313299179,"differenceTime":-0.0061153024435043339,"extra":"leaves gpu instancing"},{"frame":95,"time":0.06575963646173477,"triangles":54134852,"vertices":76420982,"batches":3305,"drawCalls":3305,"dynamicBatches":0,"frameTime":0.058947570621967319,"renderTime":0.005517156794667244,"instancedBatches":10,"shadowCasters":4580,"staticBatches":0,"dynamicBatchedDrawCalls":0,"combinedTime":0.06446472555398941,"differenceTime":0.0012949109077453614,"extra":"leaves gpu instancing"},{"frame":96,"time":0.058021802455186847,"triangles":54134852,"vertices":76420982,"batches":3305,"drawCalls":3305,"dynamicBatches":0,"frameTime":0.06083079054951668,"renderTime":0.005684061907231808,"instancedBatches":10,"shadowCasters":4580,"staticBatches":0,"dynamicBatchedDrawCalls":0,"combinedTime":0.06651484966278076,"differenceTime":-0.008493047207593918,"extra":"leaves gpu instancing"},{"frame":97,"time":0.05814944952726364,"triangles":54134852,"vertices":76420982,"batches":3305,"drawCalls":3305,"dynamicBatches":0,"frameTime":0.05922075733542442,"renderTime":0.008163790218532086,"instancedBatches":10,"shadowCasters":4580,"staticBatches":0,"dynamicBatchedDrawCalls":0,"combinedTime":0.06738454848527909,"differenceTime":-0.009235098958015442,"extra":"leaves gpu instancing"},{"frame":98,"time":0.06587893515825272,"triangles":54134852,"vertices":76420982,"batches":3305,"drawCalls":3305,"dynamicBatches":0,"frameTime":0.058895256370306018,"renderTime":0.0074542551301419739,"instancedBatches":10,"shadowCasters":4580,"staticBatches":0,"dynamicBatchedDrawCalls":0,"combinedTime":0.06634951382875443,"differenceTime":-0.000470578670501709,"extra":"leaves gpu instancing"},{"frame":99,"time":0.053156737238168719,"triangles":54134852,"vertices":76420982,"batches":3305,"drawCalls":3305,"dynamicBatches":0,"frameTime":0.060657087713479999,"renderTime":0.006980346981436014,"instancedBatches":10,"shadowCasters":4580,"staticBatches":0,"dynamicBatchedDrawCalls":0,"combinedTime":0.06763743609189987,"differenceTime":-0.014480698853731156,"extra":"leaves gpu instancing"},{"frame":100,"time":0.059516988694667819,"triangles":54134852,"vertices":76420982,"batches":3305,"drawCalls":3305,"dynamicBatches":0,"frameTime":0.059251315891742709,"renderTime":0.006864231079816818,"instancedBatches":10,"shadowCasters":4580,"staticBatches":0,"dynamicBatchedDrawCalls":0,"combinedTime":0.06611554324626923,"differenceTime":-0.00659855455160141,"extra":"leaves gpu instancing"}]}