{"data":[{"frame":1,"time":0.019999999552965165,"triangles":41476,"vertices":80222,"batches":3069,"drawCalls":3069,"dynamicBatches":0,"frameTime":0.008101860992610455,"renderTime":0.005627586971968412,"instancedBatches":0,"shadowCasters":1196,"staticBatches":0,"dynamicBatchedDrawCalls":0,"extra":""},{"frame":2,"time":0.019999999552965165,"triangles":41476,"vertices":80222,"batches":3069,"drawCalls":3069,"dynamicBatches":0,"frameTime":0.008101860992610455,"renderTime":0.005627586971968412,"instancedBatches":0,"shadowCasters":1196,"staticBatches":0,"dynamicBatchedDrawCalls":0,"extra":""},{"frame":3,"time":0.3333333432674408,"triangles":82956,"vertices":160452,"batches":6140,"drawCalls":6140,"dynamicBatches":0,"frameTime":3.5270028114318849,"renderTime":-17964.349609375,"instancedBatches":0,"shadowCasters":2392,"staticBatches":0,"dynamicBatchedDrawCalls":0,"extra":""},{"frame":4,"time":0.03651755303144455,"triangles":82956,"vertices":160452,"batches":6140,"drawCalls":6140,"dynamicBatches":0,"frameTime":3.5270028114318849,"renderTime":-17964.349609375,"instancedBatches":0,"shadowCasters":2392,"staticBatches":0,"dynamicBatchedDrawCalls":0,"extra":""},{"frame":5,"time":0.02595428377389908,"triangles":41476,"vertices":80222,"batches":3069,"drawCalls":3069,"dynamicBatches":0,"frameTime":0.016673380509018899,"renderTime":0.006311015225946903,"instancedBatches":0,"shadowCasters":1196,"staticBatches":0,"dynamicBatchedDrawCalls":0,"extra":""},{"frame":6,"time":0.00889909453690052,"triangles":41476,"vertices":80222,"batches":3069,"drawCalls":3069,"dynamicBatches":0,"frameTime":0.016673380509018899,"renderTime":0.006311015225946903,"instancedBatches":0,"shadowCasters":1196,"staticBatches":0,"dynamicBatchedDrawCalls":0,"extra":""},{"frame":7,"time":0.009285569190979004,"triangles":41476,"vertices":80222,"batches":3069,"drawCalls":3069,"dynamicBatches":0,"frameTime":0.009489388205111027,"renderTime":0.006596841849386692,"instancedBatches":0,"shadowCasters":1196,"staticBatches":0,"dynamicBatchedDrawCalls":0,"extra":""},{"frame":8,"time":0.009911343455314637,"triangles":41476,"vertices":80222,"batches":3069,"drawCalls":3069,"dynamicBatches":0,"frameTime":0.009640826843678952,"renderTime":0.006814999971538782,"instancedBatches":0,"shadowCasters":1196,"staticBatches":0,"dynamicBatchedDrawCalls":0,"extra":""},{"frame":9,"time":0.008851955644786358,"triangles":41476,"vertices":80222,"batches":3069,"drawCalls":3069,"dynamicBatches":0,"frameTime":0.008898133412003518,"renderTime":0.006497005000710487,"instancedBatches":0,"shadowCasters":1196,"staticBatches":0,"dynamicBatchedDrawCalls":0,"extra":""},{"frame":10,"time":0.00883328728377819,"triangles":41476,"vertices":80222,"batches":3069,"drawCalls":3069,"dynamicBatches":0,"frameTime":0.0090218810364604,"renderTime":0.005860744975507259,"instancedBatches":0,"shadowCasters":1196,"staticBatches":0,"dynamicBatchedDrawCalls":0,"extra":""},{"frame":11,"time":0.008910863660275936,"triangles":41476,"vertices":80222,"batches":3069,"drawCalls":3069,"dynamicBatches":0,"frameTime":0.0090218810364604,"renderTime":0.005860744975507259,"instancedBatches":0,"shadowCasters":1196,"staticBatches":0,"dynamicBatchedDrawCalls":0,"extra":""},{"frame":12,"time":0.007987694814801216,"triangles":41476,"vertices":80222,"batches":3069,"drawCalls":3069,"dynamicBatches":0,"frameTime":0.008913491852581501,"renderTime":0.006332248914986849,"instancedBatches":0,"shadowCasters":1196,"staticBatches":0,"dynamicBatchedDrawCalls":0,"extra":""},{"frame":13,"time":0.014142826199531556,"triangles":41476,"vertices":80222,"batches":3069,"drawCalls":3069,"dynamicBatches":0,"frameTime":0.013738780282437802,"renderTime":0.007159033790230751,"instancedBatches":0,"shadowCasters":1196,"staticBatches":0,"dynamicBatchedDrawCalls":0,"extra":""},{"frame":14,"time":0.00884621124714613,"triangles":41476,"vertices":80222,"batches":3069,"drawCalls":3069,"dynamicBatches":0,"frameTime":0.00888584554195404,"renderTime":0.006414359901100397,"instancedBatches":0,"shadowCasters":1196,"staticBatches":0,"dynamicBatchedDrawCalls":0,"extra":""},{"frame":15,"time":0.008036185055971146,"triangles":41476,"vertices":80222,"batches":3069,"drawCalls":3069,"dynamicBatches":0,"frameTime":0.00888584554195404,"renderTime":0.006414359901100397,"instancedBatches":0,"shadowCasters":1196,"staticBatches":0,"dynamicBatchedDrawCalls":0,"extra":""},{"frame":16,"time":0.008357834070920945,"triangles":41476,"vertices":80222,"batches":3069,"drawCalls":3069,"dynamicBatches":0,"frameTime":0.008459798991680146,"renderTime":0.006045786198228598,"instancedBatches":0,"shadowCasters":1196,"staticBatches":0,"dynamicBatchedDrawCalls":0,"extra":""},{"frame":17,"time":0.008034843020141125,"triangles":41476,"vertices":80222,"batches":3069,"drawCalls":3069,"dynamicBatches":0,"frameTime":0.008102333173155785,"renderTime":0.005769783165305853,"instancedBatches":0,"shadowCasters":1196,"staticBatches":0,"dynamicBatchedDrawCalls":0,"extra":""},{"frame":18,"time":0.00829121470451355,"triangles":41476,"vertices":80222,"batches":3069,"drawCalls":3069,"dynamicBatches":0,"frameTime":0.008162019774317742,"renderTime":0.0057030487805604939,"instancedBatches":0,"shadowCasters":1196,"staticBatches":0,"dynamicBatchedDrawCalls":0,"extra":""},{"frame":19,"time":0.008020132780075074,"triangles":41476,"vertices":80222,"batches":3069,"drawCalls":3069,"dynamicBatches":0,"frameTime":0.008239402435719967,"renderTime":0.0059281508438289169,"instancedBatches":0,"shadowCasters":1196,"staticBatches":0,"dynamicBatchedDrawCalls":0,"extra":""},{"frame":20,"time":0.008182232268154621,"triangles":41476,"vertices":80222,"batches":3069,"drawCalls":3069,"dynamicBatches":0,"frameTime":0.008090155199170113,"renderTime":0.0056305998004972939,"instancedBatches":0,"shadowCasters":1196,"staticBatches":0,"dynamicBatchedDrawCalls":0,"extra":""},{"frame":21,"time":0.00782614666968584,"triangles":41476,"vertices":80222,"batches":3069,"drawCalls":3069,"dynamicBatches":0,"frameTime":0.008048891089856625,"renderTime":0.0056955767795443539,"instancedBatches":0,"shadowCasters":1196,"staticBatches":0,"dynamicBatchedDrawCalls":0,"extra":""},{"frame":22,"time":0.008172200061380864,"triangles":41476,"vertices":80222,"batches":3069,"drawCalls":3069,"dynamicBatches":0,"frameTime":0.00791460182517767,"renderTime":0.0056075891479849819,"instancedBatches":0,"shadowCasters":1196,"staticBatches":0,"dynamicBatchedDrawCalls":0,"extra":""},{"frame":23,"time":0.02779233455657959,"triangles":41476,"vertices":80222,"batches":3069,"drawCalls":3069,"dynamicBatches":0,"frameTime":0.02761710062623024,"renderTime":0.0058869170024991039,"instancedBatches":0,"shadowCasters":1196,"staticBatches":0,"dynamicBatchedDrawCalls":0,"extra":""},{"frame":24,"time":0.01202977541834116,"triangles":41476,"vertices":80222,"batches":3069,"drawCalls":3069,"dynamicBatches":0,"frameTime":0.012014229781925679,"renderTime":0.00592393521219492,"instancedBatches":0,"shadowCasters":1196,"staticBatches":0,"dynamicBatchedDrawCalls":0,"extra":""},{"frame":25,"time":0.009816909208893776,"triangles":41476,"vertices":80222,"batches":3069,"drawCalls":3069,"dynamicBatches":0,"frameTime":0.012014229781925679,"renderTime":0.00592393521219492,"instancedBatches":0,"shadowCasters":1196,"staticBatches":0,"dynamicBatchedDrawCalls":0,"extra":""},{"frame":26,"time":0.007663798984140158,"triangles":41476,"vertices":80222,"batches":3069,"drawCalls":3069,"dynamicBatches":0,"frameTime":0.0098930848762393,"renderTime":0.005972644779831171,"instancedBatches":0,"shadowCasters":1196,"staticBatches":0,"dynamicBatchedDrawCalls":0,"extra":""},{"frame":27,"time":0.008122474886476994,"triangles":41476,"vertices":80222,"batches":3069,"drawCalls":3069,"dynamicBatches":0,"frameTime":0.007903685793280602,"renderTime":0.005596084054559469,"instancedBatches":0,"shadowCasters":1196,"staticBatches":0,"dynamicBatchedDrawCalls":0,"extra":""},{"frame":28,"time":0.008284728042781353,"triangles":41476,"vertices":80222,"batches":3069,"drawCalls":3069,"dynamicBatches":0,"frameTime":0.008216075599193573,"renderTime":0.005699680186808109,"instancedBatches":0,"shadowCasters":1196,"staticBatches":0,"dynamicBatchedDrawCalls":0,"extra":""},{"frame":29,"time":0.008378452621400357,"triangles":41476,"vertices":80222,"batches":3069,"drawCalls":3069,"dynamicBatches":0,"frameTime":0.008216075599193573,"renderTime":0.005699680186808109,"instancedBatches":0,"shadowCasters":1196,"staticBatches":0,"dynamicBatchedDrawCalls":0,"extra":""},{"frame":30,"time":0.008228935301303864,"triangles":41476,"vertices":80222,"batches":3069,"drawCalls":3069,"dynamicBatches":0,"frameTime":0.008623448200523854,"renderTime":0.006231415085494518,"instancedBatches":0,"shadowCasters":1196,"staticBatches":0,"dynamicBatchedDrawCalls":0,"extra":""},{"frame":31,"time":0.007999246940016747,"triangles":41476,"vertices":80222,"batches":3069,"drawCalls":3069,"dynamicBatches":0,"frameTime":0.00817224569618702,"renderTime":0.005591806024312973,"instancedBatches":0,"shadowCasters":1196,"staticBatches":0,"dynamicBatchedDrawCalls":0,"extra":""},{"frame":32,"time":0.008328896947205067,"triangles":41476,"vertices":80222,"batches":3069,"drawCalls":3069,"dynamicBatches":0,"frameTime":0.007998661138117314,"renderTime":0.005567220039665699,"instancedBatches":0,"shadowCasters":1196,"staticBatches":0,"dynamicBatchedDrawCalls":0,"extra":""},{"frame":33,"time":0.008356976322829724,"triangles":41476,"vertices":80222,"batches":3069,"drawCalls":3069,"dynamicBatches":0,"frameTime":0.008372526615858078,"renderTime":0.005785773973912001,"instancedBatches":0,"shadowCasters":1196,"staticBatches":0,"dynamicBatchedDrawCalls":0,"extra":""},{"frame":34,"time":0.008550179190933705,"triangles":41476,"vertices":80222,"batches":3069,"drawCalls":3069,"dynamicBatches":0,"frameTime":0.008228561840951443,"renderTime":0.00580966891720891,"instancedBatches":0,"shadowCasters":1196,"staticBatches":0,"dynamicBatchedDrawCalls":0,"extra":""},{"frame":35,"time":0.008359657600522042,"triangles":41476,"vertices":80222,"batches":3069,"drawCalls":3069,"dynamicBatches":0,"frameTime":0.008186395280063153,"renderTime":0.005702679045498371,"instancedBatches":0,"shadowCasters":1196,"staticBatches":0,"dynamicBatchedDrawCalls":0,"extra":""},{"frame":36,"time":0.00825952272862196,"triangles":41476,"vertices":80222,"batches":3069,"drawCalls":3069,"dynamicBatches":0,"frameTime":0.00844451691955328,"renderTime":0.0058682868257164959,"instancedBatches":0,"shadowCasters":1196,"staticBatches":0,"dynamicBatchedDrawCalls":0,"extra":""},{"frame":37,"time":0.008174634538590908,"triangles":41476,"vertices":80222,"batches":3069,"drawCalls":3069,"dynamicBatches":0,"frameTime":0.00844451691955328,"renderTime":0.0058682868257164959,"instancedBatches":0,"shadowCasters":1196,"staticBatches":0,"dynamicBatchedDrawCalls":0,"extra":""},{"frame":38,"time":0.008062588050961495,"triangles":41476,"vertices":80222,"batches":3069,"drawCalls":3069,"dynamicBatches":0,"frameTime":0.00815976969897747,"renderTime":0.005856487900018692,"instancedBatches":0,"shadowCasters":1196,"staticBatches":0,"dynamicBatchedDrawCalls":0,"extra":""},{"frame":39,"time":0.008355910889804364,"triangles":41476,"vertices":80222,"batches":3069,"drawCalls":3069,"dynamicBatches":0,"frameTime":0.008430141024291516,"renderTime":0.005835934076458216,"instancedBatches":0,"shadowCasters":1196,"staticBatches":0,"dynamicBatchedDrawCalls":0,"extra":""},{"frame":40,"time":0.008602517656981945,"triangles":41476,"vertices":80222,"batches":3069,"drawCalls":3069,"dynamicBatches":0,"frameTime":0.0083728963509202,"renderTime":0.005938486196100712,"instancedBatches":0,"shadowCasters":1196,"staticBatches":0,"dynamicBatchedDrawCalls":0,"extra":""},{"frame":41,"time":0.008608945645391941,"triangles":41476,"vertices":80222,"batches":3069,"drawCalls":3069,"dynamicBatches":0,"frameTime":0.008391273207962513,"renderTime":0.005886451806873083,"instancedBatches":0,"shadowCasters":1196,"staticBatches":0,"dynamicBatchedDrawCalls":0,"extra":""},{"frame":42,"time":0.00880780816078186,"triangles":41476,"vertices":80222,"batches":3069,"drawCalls":3069,"dynamicBatches":0,"frameTime":0.00883177574723959,"renderTime":0.006199211813509464,"instancedBatches":0,"shadowCasters":1196,"staticBatches":0,"dynamicBatchedDrawCalls":0,"extra":""},{"frame":43,"time":0.007791001815348864,"triangles":41476,"vertices":80222,"batches":3069,"drawCalls":3069,"dynamicBatches":0,"frameTime":0.007998036220669747,"renderTime":0.005687172058969736,"instancedBatches":0,"shadowCasters":1196,"staticBatches":0,"dynamicBatchedDrawCalls":0,"extra":""},{"frame":44,"time":0.008337688632309437,"triangles":41476,"vertices":80222,"batches":3069,"drawCalls":3069,"dynamicBatches":0,"frameTime":0.007998036220669747,"renderTime":0.005687172058969736,"instancedBatches":0,"shadowCasters":1196,"staticBatches":0,"dynamicBatchedDrawCalls":0,"extra":""},{"frame":45,"time":0.0083008436486125,"triangles":41476,"vertices":80222,"batches":3069,"drawCalls":3069,"dynamicBatches":0,"frameTime":0.00835986714810133,"renderTime":0.005870854016393423,"instancedBatches":0,"shadowCasters":1196,"staticBatches":0,"dynamicBatchedDrawCalls":0,"extra":""},{"frame":46,"time":0.008293123915791512,"triangles":41476,"vertices":80222,"batches":3069,"drawCalls":3069,"dynamicBatches":0,"frameTime":0.00835986714810133,"renderTime":0.005870854016393423,"instancedBatches":0,"shadowCasters":1196,"staticBatches":0,"dynamicBatchedDrawCalls":0,"extra":""},{"frame":47,"time":0.007899240590631962,"triangles":41476,"vertices":80222,"batches":3069,"drawCalls":3069,"dynamicBatches":0,"frameTime":0.008164322935044766,"renderTime":0.005712601821869612,"instancedBatches":0,"shadowCasters":1196,"staticBatches":0,"dynamicBatchedDrawCalls":0,"extra":""},{"frame":48,"time":0.008331923745572567,"triangles":41476,"vertices":80222,"batches":3069,"drawCalls":3069,"dynamicBatches":0,"frameTime":0.008046436123549939,"renderTime":0.005673894193023443,"instancedBatches":0,"shadowCasters":1196,"staticBatches":0,"dynamicBatchedDrawCalls":0,"extra":""},{"frame":49,"time":0.008344230242073536,"triangles":41476,"vertices":80222,"batches":3069,"drawCalls":3069,"dynamicBatches":0,"frameTime":0.008691815659403801,"renderTime":0.005864033941179514,"instancedBatches":0,"shadowCasters":1196,"staticBatches":0,"dynamicBatchedDrawCalls":0,"extra":""},{"frame":50,"time":0.008010429330170155,"triangles":41476,"vertices":80222,"batches":3069,"drawCalls":3069,"dynamicBatches":0,"frameTime":0.008109348826110363,"renderTime":0.005664939060807228,"instancedBatches":0,"shadowCasters":1196,"staticBatches":0,"dynamicBatchedDrawCalls":0,"extra":""},{"frame":51,"time":0.00794600322842598,"triangles":41476,"vertices":80222,"batches":3069,"drawCalls":3069,"dynamicBatches":0,"frameTime":0.007908768020570279,"renderTime":0.005559694953262806,"instancedBatches":0,"shadowCasters":1196,"staticBatches":0,"dynamicBatchedDrawCalls":0,"extra":""},{"frame":52,"time":0.008392431773245335,"triangles":41476,"vertices":80222,"batches":3069,"drawCalls":3069,"dynamicBatches":0,"frameTime":0.007986553013324738,"renderTime":0.005714099854230881,"instancedBatches":0,"shadowCasters":1196,"staticBatches":0,"dynamicBatchedDrawCalls":0,"extra":""},{"frame":53,"time":0.007781508844345808,"triangles":41476,"vertices":80222,"batches":3069,"drawCalls":3069,"dynamicBatches":0,"frameTime":0.008382412604987622,"renderTime":0.005841858219355345,"instancedBatches":0,"shadowCasters":1196,"staticBatches":0,"dynamicBatchedDrawCalls":0,"extra":""},{"frame":54,"time":0.008683131076395512,"triangles":41476,"vertices":80222,"batches":3069,"drawCalls":3069,"dynamicBatches":0,"frameTime":0.008105686865746975,"renderTime":0.005688278935849667,"instancedBatches":0,"shadowCasters":1196,"staticBatches":0,"dynamicBatchedDrawCalls":0,"extra":""},{"frame":55,"time":0.00806407816708088,"triangles":41476,"vertices":80222,"batches":3069,"drawCalls":3069,"dynamicBatches":0,"frameTime":0.008339224383234978,"renderTime":0.005792891141027212,"instancedBatches":0,"shadowCasters":1196,"staticBatches":0,"dynamicBatchedDrawCalls":0,"extra":""},{"frame":56,"time":0.008547043427824974,"triangles":41476,"vertices":80222,"batches":3069,"drawCalls":3069,"dynamicBatches":0,"frameTime":0.008130000904202462,"renderTime":0.005744596011936665,"instancedBatches":0,"shadowCasters":1196,"staticBatches":0,"dynamicBatchedDrawCalls":0,"extra":""},{"frame":57,"time":0.007840150967240334,"triangles":41476,"vertices":80222,"batches":3069,"drawCalls":3069,"dynamicBatches":0,"frameTime":0.008294657804071904,"renderTime":0.005788612179458141,"instancedBatches":0,"shadowCasters":1196,"staticBatches":0,"dynamicBatchedDrawCalls":0,"extra":""},{"frame":58,"time":0.008424380794167519,"triangles":41476,"vertices":80222,"batches":3069,"drawCalls":3069,"dynamicBatches":0,"frameTime":0.008055265061557293,"renderTime":0.005680137779563665,"instancedBatches":0,"shadowCasters":1196,"staticBatches":0,"dynamicBatchedDrawCalls":0,"extra":""},{"frame":59,"time":0.00803420040756464,"triangles":41476,"vertices":80222,"batches":3069,"drawCalls":3069,"dynamicBatches":0,"frameTime":0.008413419127464295,"renderTime":0.0058036320842802528,"instancedBatches":0,"shadowCasters":1196,"staticBatches":0,"dynamicBatchedDrawCalls":0,"extra":""},{"frame":60,"time":0.008265053853392601,"triangles":41476,"vertices":80222,"batches":3069,"drawCalls":3069,"dynamicBatches":0,"frameTime":0.008114556781947613,"renderTime":0.005681389942765236,"instancedBatches":0,"shadowCasters":1196,"staticBatches":0,"dynamicBatchedDrawCalls":0,"extra":""},{"frame":61,"time":0.0083312401548028,"triangles":41476,"vertices":80222,"batches":3069,"drawCalls":3069,"dynamicBatches":0,"frameTime":0.008114556781947613,"renderTime":0.005681389942765236,"instancedBatches":0,"shadowCasters":1196,"staticBatches":0,"dynamicBatchedDrawCalls":0,"extra":""},{"frame":62,"time":0.008907649666070938,"triangles":41476,"vertices":80222,"batches":3069,"drawCalls":3069,"dynamicBatches":0,"frameTime":0.008700267411768437,"renderTime":0.005754446145147085,"instancedBatches":0,"shadowCasters":1196,"staticBatches":0,"dynamicBatchedDrawCalls":0,"extra":""},{"frame":63,"time":0.00854398775845766,"triangles":41476,"vertices":80222,"batches":3069,"drawCalls":3069,"dynamicBatches":0,"frameTime":0.008700267411768437,"renderTime":0.005754446145147085,"instancedBatches":0,"shadowCasters":1196,"staticBatches":0,"dynamicBatchedDrawCalls":0,"extra":""},{"frame":64,"time":0.00904367957264185,"triangles":41476,"vertices":80222,"batches":3069,"drawCalls":3069,"dynamicBatches":0,"frameTime":0.00885738804936409,"renderTime":0.00576630886644125,"instancedBatches":0,"shadowCasters":1196,"staticBatches":0,"dynamicBatchedDrawCalls":0,"extra":""},{"frame":65,"time":0.007747904863208532,"triangles":41476,"vertices":80222,"batches":3069,"drawCalls":3069,"dynamicBatches":0,"frameTime":0.00885738804936409,"renderTime":0.00576630886644125,"instancedBatches":0,"shadowCasters":1196,"staticBatches":0,"dynamicBatchedDrawCalls":0,"extra":""},{"frame":66,"time":0.00894197542220354,"triangles":41476,"vertices":80222,"batches":3069,"drawCalls":3069,"dynamicBatches":0,"frameTime":0.008586755022406578,"renderTime":0.005763079039752483,"instancedBatches":0,"shadowCasters":1196,"staticBatches":0,"dynamicBatchedDrawCalls":0,"extra":""},{"frame":67,"time":0.008715519681572914,"triangles":41476,"vertices":80222,"batches":3069,"drawCalls":3069,"dynamicBatches":0,"frameTime":0.008700058795511723,"renderTime":0.006089212838560343,"instancedBatches":0,"shadowCasters":1196,"staticBatches":0,"dynamicBatchedDrawCalls":0,"extra":""},{"frame":68,"time":0.00852956622838974,"triangles":41476,"vertices":80222,"batches":3069,"drawCalls":3069,"dynamicBatches":0,"frameTime":0.008522800169885159,"renderTime":0.006003351882100105,"instancedBatches":0,"shadowCasters":1196,"staticBatches":0,"dynamicBatchedDrawCalls":0,"extra":""},{"frame":69,"time":0.00888136401772499,"triangles":41476,"vertices":80222,"batches":3069,"drawCalls":3069,"dynamicBatches":0,"frameTime":0.009063155390322209,"renderTime":0.006565001793205738,"instancedBatches":0,"shadowCasters":1196,"staticBatches":0,"dynamicBatchedDrawCalls":0,"extra":""},{"frame":70,"time":0.009498434141278267,"triangles":41476,"vertices":80222,"batches":3069,"drawCalls":3069,"dynamicBatches":0,"frameTime":0.009315180592238903,"renderTime":0.006357734091579914,"instancedBatches":0,"shadowCasters":1196,"staticBatches":0,"dynamicBatchedDrawCalls":0,"extra":""},{"frame":71,"time":0.008748162537813187,"triangles":41476,"vertices":80222,"batches":3069,"drawCalls":3069,"dynamicBatches":0,"frameTime":0.008788648061454296,"renderTime":0.006354298908263445,"instancedBatches":0,"shadowCasters":1196,"staticBatches":0,"dynamicBatchedDrawCalls":0,"extra":""},{"frame":72,"time":0.008045597933232785,"triangles":41476,"vertices":80222,"batches":3069,"drawCalls":3069,"dynamicBatches":0,"frameTime":0.008788648061454296,"renderTime":0.006354298908263445,"instancedBatches":0,"shadowCasters":1196,"staticBatches":0,"dynamicBatchedDrawCalls":0,"extra":""},{"frame":73,"time":0.00881395023316145,"triangles":41476,"vertices":80222,"batches":3069,"drawCalls":3069,"dynamicBatches":0,"frameTime":0.00854282733052969,"renderTime":0.00577278807759285,"instancedBatches":0,"shadowCasters":1196,"staticBatches":0,"dynamicBatchedDrawCalls":0,"extra":""},{"frame":74,"time":0.008274195715785027,"triangles":41476,"vertices":80222,"batches":3069,"drawCalls":3069,"dynamicBatches":0,"frameTime":0.008507877588272095,"renderTime":0.005763980094343424,"instancedBatches":0,"shadowCasters":1196,"staticBatches":0,"dynamicBatchedDrawCalls":0,"extra":""},{"frame":75,"time":0.008915267884731293,"triangles":41476,"vertices":80222,"batches":3069,"drawCalls":3069,"dynamicBatches":0,"frameTime":0.008721466176211834,"renderTime":0.005933181848376989,"instancedBatches":0,"shadowCasters":1196,"staticBatches":0,"dynamicBatchedDrawCalls":0,"extra":""},{"frame":76,"time":0.010469106025993824,"triangles":41476,"vertices":80222,"batches":3069,"drawCalls":3069,"dynamicBatches":0,"frameTime":0.010424928739666939,"renderTime":0.0058364239521324638,"instancedBatches":0,"shadowCasters":1196,"staticBatches":0,"dynamicBatchedDrawCalls":0,"extra":""},{"frame":77,"time":0.012337525375187397,"triangles":41476,"vertices":80222,"batches":3069,"drawCalls":3069,"dynamicBatches":0,"frameTime":0.012335116043686867,"renderTime":0.006040106061846018,"instancedBatches":0,"shadowCasters":1196,"staticBatches":0,"dynamicBatchedDrawCalls":0,"extra":""},{"frame":78,"time":0.010460599325597287,"triangles":41476,"vertices":80222,"batches":3069,"drawCalls":3069,"dynamicBatches":0,"frameTime":0.010496229864656926,"renderTime":0.006623724941164255,"instancedBatches":0,"shadowCasters":1196,"staticBatches":0,"dynamicBatchedDrawCalls":0,"extra":""},{"frame":79,"time":0.008501707576215268,"triangles":41476,"vertices":80222,"batches":3069,"drawCalls":3069,"dynamicBatches":0,"frameTime":0.0085150096565485,"renderTime":0.006233572028577328,"instancedBatches":0,"shadowCasters":1196,"staticBatches":0,"dynamicBatchedDrawCalls":0,"extra":""},{"frame":80,"time":0.009325571358203888,"triangles":41476,"vertices":80222,"batches":3069,"drawCalls":3069,"dynamicBatches":0,"frameTime":0.009283574298024178,"renderTime":0.006310286931693554,"instancedBatches":0,"shadowCasters":1196,"staticBatches":0,"dynamicBatchedDrawCalls":0,"extra":""},{"frame":81,"time":0.008283210918307305,"triangles":41476,"vertices":80222,"batches":3069,"drawCalls":3069,"dynamicBatches":0,"frameTime":0.009283574298024178,"renderTime":0.006310286931693554,"instancedBatches":0,"shadowCasters":1196,"staticBatches":0,"dynamicBatchedDrawCalls":0,"extra":""},{"frame":82,"time":0.008976442739367485,"triangles":41476,"vertices":80222,"batches":3069,"drawCalls":3069,"dynamicBatches":0,"frameTime":0.008668359369039536,"renderTime":0.00610932195559144,"instancedBatches":0,"shadowCasters":1196,"staticBatches":0,"dynamicBatchedDrawCalls":0,"extra":""},{"frame":83,"time":0.008483045734465123,"triangles":41476,"vertices":80222,"batches":3069,"drawCalls":3069,"dynamicBatches":0,"frameTime":0.008668359369039536,"renderTime":0.00610932195559144,"instancedBatches":0,"shadowCasters":1196,"staticBatches":0,"dynamicBatchedDrawCalls":0,"extra":""},{"frame":84,"time":0.008238633163273335,"triangles":41476,"vertices":80222,"batches":3069,"drawCalls":3069,"dynamicBatches":0,"frameTime":0.008758940733969212,"renderTime":0.006339746993035078,"instancedBatches":0,"shadowCasters":1196,"staticBatches":0,"dynamicBatchedDrawCalls":0,"extra":""},{"frame":85,"time":0.008105635643005371,"triangles":41476,"vertices":80222,"batches":3069,"drawCalls":3069,"dynamicBatches":0,"frameTime":0.008182835765182972,"renderTime":0.005741974804550409,"instancedBatches":0,"shadowCasters":1196,"staticBatches":0,"dynamicBatchedDrawCalls":0,"extra":""},{"frame":86,"time":0.009081793949007988,"triangles":41476,"vertices":80222,"batches":3069,"drawCalls":3069,"dynamicBatches":0,"frameTime":0.008794521912932396,"renderTime":0.006007858086377382,"instancedBatches":0,"shadowCasters":1196,"staticBatches":0,"dynamicBatchedDrawCalls":0,"extra":""},{"frame":87,"time":0.008278087712824345,"triangles":41476,"vertices":80222,"batches":3069,"drawCalls":3069,"dynamicBatches":0,"frameTime":0.008353554643690586,"renderTime":0.005895553156733513,"instancedBatches":0,"shadowCasters":1196,"staticBatches":0,"dynamicBatchedDrawCalls":0,"extra":""},{"frame":88,"time":0.00861477479338646,"triangles":41476,"vertices":80222,"batches":3069,"drawCalls":3069,"dynamicBatches":0,"frameTime":0.008608411066234112,"renderTime":0.005956956185400486,"instancedBatches":0,"shadowCasters":1196,"staticBatches":0,"dynamicBatchedDrawCalls":0,"extra":""},{"frame":89,"time":0.008143126964569092,"triangles":41476,"vertices":80222,"batches":3069,"drawCalls":3069,"dynamicBatches":0,"frameTime":0.008228846825659275,"renderTime":0.0055237109772861,"instancedBatches":0,"shadowCasters":1196,"staticBatches":0,"dynamicBatchedDrawCalls":0,"extra":""},{"frame":90,"time":0.008869411423802376,"triangles":41476,"vertices":80222,"batches":3069,"drawCalls":3069,"dynamicBatches":0,"frameTime":0.008710663765668869,"renderTime":0.005910493899136782,"instancedBatches":0,"shadowCasters":1196,"staticBatches":0,"dynamicBatchedDrawCalls":0,"extra":""},{"frame":91,"time":0.00784381665289402,"triangles":41476,"vertices":80222,"batches":3069,"drawCalls":3069,"dynamicBatches":0,"frameTime":0.008710663765668869,"renderTime":0.005910493899136782,"instancedBatches":0,"shadowCasters":1196,"staticBatches":0,"dynamicBatchedDrawCalls":0,"extra":""},{"frame":92,"time":0.009090515784919262,"triangles":41476,"vertices":80222,"batches":3069,"drawCalls":3069,"dynamicBatches":0,"frameTime":0.008690403774380684,"renderTime":0.005802996922284365,"instancedBatches":0,"shadowCasters":1196,"staticBatches":0,"dynamicBatchedDrawCalls":0,"extra":""},{"frame":93,"time":0.008150856010615826,"triangles":41476,"vertices":80222,"batches":3069,"drawCalls":3069,"dynamicBatches":0,"frameTime":0.008690403774380684,"renderTime":0.005802996922284365,"instancedBatches":0,"shadowCasters":1196,"staticBatches":0,"dynamicBatchedDrawCalls":0,"extra":""},{"frame":94,"time":0.008346587419509888,"triangles":41476,"vertices":80222,"batches":3069,"drawCalls":3069,"dynamicBatches":0,"frameTime":0.008365090005099774,"renderTime":0.00567407812923193,"instancedBatches":0,"shadowCasters":1196,"staticBatches":0,"dynamicBatchedDrawCalls":0,"extra":""},{"frame":95,"time":0.008126316592097283,"triangles":41476,"vertices":80222,"batches":3069,"drawCalls":3069,"dynamicBatches":0,"frameTime":0.008365090005099774,"renderTime":0.00567407812923193,"instancedBatches":0,"shadowCasters":1196,"staticBatches":0,"dynamicBatchedDrawCalls":0,"extra":""},{"frame":96,"time":0.008628956973552704,"triangles":41476,"vertices":80222,"batches":3069,"drawCalls":3069,"dynamicBatches":0,"frameTime":0.00848302524536848,"renderTime":0.005773055832833052,"instancedBatches":0,"shadowCasters":1196,"staticBatches":0,"dynamicBatchedDrawCalls":0,"extra":""},{"frame":97,"time":0.008312455378472805,"triangles":41476,"vertices":80222,"batches":3069,"drawCalls":3069,"dynamicBatches":0,"frameTime":0.008309980854392052,"renderTime":0.005921214818954468,"instancedBatches":0,"shadowCasters":1196,"staticBatches":0,"dynamicBatchedDrawCalls":0,"extra":""},{"frame":98,"time":0.008468289859592915,"triangles":41476,"vertices":80222,"batches":3069,"drawCalls":3069,"dynamicBatches":0,"frameTime":0.008476396091282368,"renderTime":0.005895277019590139,"instancedBatches":0,"shadowCasters":1196,"staticBatches":0,"dynamicBatchedDrawCalls":0,"extra":""},{"frame":99,"time":0.008532742969691754,"triangles":41476,"vertices":80222,"batches":3069,"drawCalls":3069,"dynamicBatches":0,"frameTime":0.008529179729521275,"renderTime":0.006170631852000952,"instancedBatches":0,"shadowCasters":1196,"staticBatches":0,"dynamicBatchedDrawCalls":0,"extra":""},{"frame":100,"time":0.008645856752991677,"triangles":41476,"vertices":80222,"batches":3069,"drawCalls":3069,"dynamicBatches":0,"frameTime":0.008641501888632775,"renderTime":0.006260713096708059,"instancedBatches":0,"shadowCasters":1196,"staticBatches":0,"dynamicBatchedDrawCalls":0,"extra":""}]}