{"data":[{"frame":1,"time":0.0,"triangles":54134852,"vertices":76420982,"batches":7579,"drawCalls":7579,"dynamicBatches":0,"frameTime":0.029301369562745096,"renderTime":0.024918632581830026,"instancedBatches":0,"shadowCasters":4580,"staticBatches":0,"dynamicBatchedDrawCalls":0,"combinedTime":0.05422000214457512,"differenceTime":-0.05422000214457512,"extra":"leaves gpu"},{"frame":2,"time":0.0,"triangles":54134852,"vertices":76420982,"batches":7579,"drawCalls":7579,"dynamicBatches":0,"frameTime":1.3630146980285645,"renderTime":0.0210260022431612,"instancedBatches":0,"shadowCasters":4580,"staticBatches":0,"dynamicBatchedDrawCalls":0,"combinedTime":1.3840407133102418,"differenceTime":-1.3840407133102418,"extra":"leaves gpu"},{"frame":3,"time":0.019999999552965165,"triangles":54134852,"vertices":76420982,"batches":7579,"drawCalls":7579,"dynamicBatches":0,"frameTime":1.3630146980285645,"renderTime":0.0210260022431612,"instancedBatches":0,"shadowCasters":4580,"staticBatches":0,"dynamicBatchedDrawCalls":0,"combinedTime":1.3840407133102418,"differenceTime":-1.364040732383728,"extra":"leaves gpu"},{"frame":4,"time":0.3333333432674408,"triangles":54134852,"vertices":76420982,"batches":7579,"drawCalls":7579,"dynamicBatches":0,"frameTime":0.5393646955490112,"renderTime":0.013680549338459969,"instancedBatches":0,"shadowCasters":4580,"staticBatches":0,"dynamicBatchedDrawCalls":0,"combinedTime":0.5530452728271484,"differenceTime":-0.21971192955970765,"extra":"leaves gpu"},{"frame":5,"time":0.08844199031591416,"triangles":54134852,"vertices":76420982,"batches":7579,"drawCalls":7579,"dynamicBatches":0,"frameTime":0.08160625398159027,"renderTime":0.01216648705303669,"instancedBatches":0,"shadowCasters":4580,"staticBatches":0,"dynamicBatchedDrawCalls":0,"combinedTime":0.09377273917198181,"differenceTime":-0.0053307488560676579,"extra":"leaves gpu"},{"frame":6,"time":0.05363301932811737,"triangles":54134852,"vertices":76420982,"batches":7579,"drawCalls":7579,"dynamicBatches":0,"frameTime":0.060017429292201999,"renderTime":0.013785731047391892,"instancedBatches":0,"shadowCasters":4580,"staticBatches":0,"dynamicBatchedDrawCalls":0,"combinedTime":0.07380315661430359,"differenceTime":-0.020170137286186219,"extra":"leaves gpu"},{"frame":7,"time":0.06197896599769592,"triangles":54134852,"vertices":76420982,"batches":7579,"drawCalls":7579,"dynamicBatches":0,"frameTime":0.060669805854558948,"renderTime":0.011133385822176934,"instancedBatches":0,"shadowCasters":4580,"staticBatches":0,"dynamicBatchedDrawCalls":0,"combinedTime":0.07180318981409073,"differenceTime":-0.009824223816394806,"extra":"leaves gpu"},{"frame":8,"time":0.06484130769968033,"triangles":54134852,"vertices":76420982,"batches":7579,"drawCalls":7579,"dynamicBatches":0,"frameTime":0.06119988486170769,"renderTime":0.01383331697434187,"instancedBatches":0,"shadowCasters":4580,"staticBatches":0,"dynamicBatchedDrawCalls":0,"combinedTime":0.07503320276737213,"differenceTime":-0.010191895067691803,"extra":"leaves gpu"},{"frame":9,"time":0.052573829889297488,"triangles":54134852,"vertices":76420982,"batches":7579,"drawCalls":7579,"dynamicBatches":0,"frameTime":0.01551296841353178,"renderTime":0.01209304016083479,"instancedBatches":0,"shadowCasters":4580,"staticBatches":0,"dynamicBatchedDrawCalls":0,"combinedTime":0.02760600857436657,"differenceTime":0.024967821314930917,"extra":"leaves gpu"},{"frame":10,"time":0.013612858951091767,"triangles":54134852,"vertices":76420982,"batches":7579,"drawCalls":7579,"dynamicBatches":0,"frameTime":0.01551296841353178,"renderTime":0.01209304016083479,"instancedBatches":0,"shadowCasters":4580,"staticBatches":0,"dynamicBatchedDrawCalls":0,"combinedTime":0.02760600857436657,"differenceTime":-0.013993149623274804,"extra":"leaves gpu"},{"frame":11,"time":0.04792466387152672,"triangles":54134852,"vertices":76420982,"batches":7579,"drawCalls":7579,"dynamicBatches":0,"frameTime":0.01678858883678913,"renderTime":0.012870022095739842,"instancedBatches":0,"shadowCasters":4580,"staticBatches":0,"dynamicBatchedDrawCalls":0,"combinedTime":0.029658611863851548,"differenceTime":0.01826605200767517,"extra":"leaves gpu"},{"frame":12,"time":0.05383862182497978,"triangles":54134852,"vertices":76420982,"batches":7579,"drawCalls":7579,"dynamicBatches":0,"frameTime":0.01678858883678913,"renderTime":0.012870022095739842,"instancedBatches":0,"shadowCasters":4580,"staticBatches":0,"dynamicBatchedDrawCalls":0,"combinedTime":0.029658611863851548,"differenceTime":0.024180009961128236,"extra":"leaves gpu"},{"frame":13,"time":0.06906936317682266,"triangles":54134852,"vertices":76420982,"batches":7579,"drawCalls":7579,"dynamicBatches":0,"frameTime":0.1040329784154892,"renderTime":0.013727978803217411,"instancedBatches":0,"shadowCasters":4580,"staticBatches":0,"dynamicBatchedDrawCalls":0,"combinedTime":0.11776095628738404,"differenceTime":-0.04869159311056137,"extra":"leaves gpu"},{"frame":14,"time":0.05828222259879112,"triangles":54134852,"vertices":76420982,"batches":7579,"drawCalls":7579,"dynamicBatches":0,"frameTime":0.059646472334861758,"renderTime":0.01599782146513462,"instancedBatches":0,"shadowCasters":4580,"staticBatches":0,"dynamicBatchedDrawCalls":0,"combinedTime":0.07564429193735123,"differenceTime":-0.017362069338560106,"extra":"leaves gpu"},{"frame":15,"time":0.06527199596166611,"triangles":54134852,"vertices":76420982,"batches":7579,"drawCalls":7579,"dynamicBatches":0,"frameTime":0.06059997156262398,"renderTime":0.012538031674921513,"instancedBatches":0,"shadowCasters":4580,"staticBatches":0,"dynamicBatchedDrawCalls":0,"combinedTime":0.07313800603151322,"differenceTime":-0.007866010069847107,"extra":"leaves gpu"},{"frame":16,"time":0.05323966220021248,"triangles":54134852,"vertices":76420982,"batches":7579,"drawCalls":7579,"dynamicBatches":0,"frameTime":0.060329370200634,"renderTime":0.012500105425715447,"instancedBatches":0,"shadowCasters":4580,"staticBatches":0,"dynamicBatchedDrawCalls":0,"combinedTime":0.0728294774889946,"differenceTime":-0.01958981528878212,"extra":"leaves gpu"},{"frame":17,"time":0.05976606532931328,"triangles":54134852,"vertices":76420982,"batches":7579,"drawCalls":7579,"dynamicBatches":0,"frameTime":0.059382058680057529,"renderTime":0.011938991025090218,"instancedBatches":0,"shadowCasters":4580,"staticBatches":0,"dynamicBatchedDrawCalls":0,"combinedTime":0.0713210478425026,"differenceTime":-0.011554982513189316,"extra":"leaves gpu"},{"frame":18,"time":0.06598612666130066,"triangles":54134852,"vertices":76420982,"batches":7579,"drawCalls":7579,"dynamicBatches":0,"frameTime":0.05963330715894699,"renderTime":0.012392707169055939,"instancedBatches":0,"shadowCasters":4580,"staticBatches":0,"dynamicBatchedDrawCalls":0,"combinedTime":0.07202601432800293,"differenceTime":-0.0060398876667022709,"extra":"leaves gpu"},{"frame":19,"time":0.05486678332090378,"triangles":54134852,"vertices":76420982,"batches":7579,"drawCalls":7579,"dynamicBatches":0,"frameTime":0.06117691844701767,"renderTime":0.012208361178636551,"instancedBatches":0,"shadowCasters":4580,"staticBatches":0,"dynamicBatchedDrawCalls":0,"combinedTime":0.07338528335094452,"differenceTime":-0.01851850003004074,"extra":"leaves gpu"},{"frame":20,"time":0.05763057991862297,"triangles":54134852,"vertices":76420982,"batches":7579,"drawCalls":7579,"dynamicBatches":0,"frameTime":0.05961984768509865,"renderTime":0.012207085266709328,"instancedBatches":0,"shadowCasters":4580,"staticBatches":0,"dynamicBatchedDrawCalls":0,"combinedTime":0.07182693481445313,"differenceTime":-0.014196354895830155,"extra":"leaves gpu"},{"frame":21,"time":0.06854860484600067,"triangles":54134852,"vertices":76420982,"batches":7579,"drawCalls":7579,"dynamicBatches":0,"frameTime":0.059721220284700397,"renderTime":0.01144433580338955,"instancedBatches":0,"shadowCasters":4580,"staticBatches":0,"dynamicBatchedDrawCalls":0,"combinedTime":0.0711655542254448,"differenceTime":-0.0026169493794441225,"extra":"leaves gpu"},{"frame":22,"time":0.05449274927377701,"triangles":54134852,"vertices":76420982,"batches":7579,"drawCalls":7579,"dynamicBatches":0,"frameTime":0.06109955906867981,"renderTime":0.012964635156095028,"instancedBatches":0,"shadowCasters":4580,"staticBatches":0,"dynamicBatchedDrawCalls":0,"combinedTime":0.07406419515609741,"differenceTime":-0.019571445882320405,"extra":"leaves gpu"},{"frame":23,"time":0.05735626444220543,"triangles":54134852,"vertices":76420982,"batches":7579,"drawCalls":7579,"dynamicBatches":0,"frameTime":0.059538282454013827,"renderTime":0.011855660006403923,"instancedBatches":0,"shadowCasters":4580,"staticBatches":0,"dynamicBatchedDrawCalls":0,"combinedTime":0.0713939443230629,"differenceTime":-0.014037679880857468,"extra":"leaves gpu"},{"frame":24,"time":0.07101941108703613,"triangles":54134852,"vertices":76420982,"batches":7579,"drawCalls":7579,"dynamicBatches":0,"frameTime":0.06009066104888916,"renderTime":0.011082679964601994,"instancedBatches":0,"shadowCasters":4580,"staticBatches":0,"dynamicBatchedDrawCalls":0,"combinedTime":0.07117334008216858,"differenceTime":-0.0001539289951324463,"extra":"leaves gpu"},{"frame":25,"time":0.05083555728197098,"triangles":54134852,"vertices":76420982,"batches":7579,"drawCalls":7579,"dynamicBatches":0,"frameTime":0.06081712990999222,"renderTime":0.01410843525081873,"instancedBatches":0,"shadowCasters":4580,"staticBatches":0,"dynamicBatchedDrawCalls":0,"combinedTime":0.07492556422948837,"differenceTime":-0.024090006947517396,"extra":"leaves gpu"},{"frame":26,"time":0.06130673736333847,"triangles":54134852,"vertices":76420982,"batches":7579,"drawCalls":7579,"dynamicBatches":0,"frameTime":0.05970659852027893,"renderTime":0.011733544059097767,"instancedBatches":0,"shadowCasters":4580,"staticBatches":0,"dynamicBatchedDrawCalls":0,"combinedTime":0.07144014537334442,"differenceTime":-0.010133408010005951,"extra":"leaves gpu"},{"frame":27,"time":0.06800471246242523,"triangles":54134852,"vertices":76420982,"batches":7579,"drawCalls":7579,"dynamicBatches":0,"frameTime":0.0595795214176178,"renderTime":0.013033161871135235,"instancedBatches":0,"shadowCasters":4580,"staticBatches":0,"dynamicBatchedDrawCalls":0,"combinedTime":0.07261268049478531,"differenceTime":-0.004607968032360077,"extra":"leaves gpu"},{"frame":28,"time":0.05949157848954201,"triangles":54134852,"vertices":76420982,"batches":7579,"drawCalls":7579,"dynamicBatches":0,"frameTime":0.06119569391012192,"renderTime":0.012346106581389904,"instancedBatches":0,"shadowCasters":4580,"staticBatches":0,"dynamicBatchedDrawCalls":0,"combinedTime":0.0735417976975441,"differenceTime":-0.01405021920800209,"extra":"leaves gpu"},{"frame":29,"time":0.05780423805117607,"triangles":54134852,"vertices":76420982,"batches":7579,"drawCalls":7579,"dynamicBatches":0,"frameTime":0.05963670089840889,"renderTime":0.019563725218176843,"instancedBatches":0,"shadowCasters":4580,"staticBatches":0,"dynamicBatchedDrawCalls":0,"combinedTime":0.07920042425394058,"differenceTime":-0.02139618620276451,"extra":"leaves gpu"},{"frame":30,"time":0.05917380377650261,"triangles":54134852,"vertices":76420982,"batches":7579,"drawCalls":7579,"dynamicBatches":0,"frameTime":0.05959960073232651,"renderTime":0.015776708722114564,"instancedBatches":0,"shadowCasters":4580,"staticBatches":0,"dynamicBatchedDrawCalls":0,"combinedTime":0.07537630945444107,"differenceTime":-0.01620250567793846,"extra":"leaves gpu"},{"frame":31,"time":0.05615190416574478,"triangles":54134852,"vertices":76420982,"batches":7579,"drawCalls":7579,"dynamicBatches":0,"frameTime":0.06126004830002785,"renderTime":0.011725748889148236,"instancedBatches":0,"shadowCasters":4580,"staticBatches":0,"dynamicBatchedDrawCalls":0,"combinedTime":0.07298579812049866,"differenceTime":-0.016833893954753877,"extra":"leaves gpu"},{"frame":32,"time":0.05920488014817238,"triangles":54134852,"vertices":76420982,"batches":7579,"drawCalls":7579,"dynamicBatches":0,"frameTime":0.0595535971224308,"renderTime":0.012192399241030217,"instancedBatches":0,"shadowCasters":4580,"staticBatches":0,"dynamicBatchedDrawCalls":0,"combinedTime":0.07174599915742874,"differenceTime":-0.012541119009256363,"extra":"leaves gpu"},{"frame":33,"time":0.0686173066496849,"triangles":54134852,"vertices":76420982,"batches":7579,"drawCalls":7579,"dynamicBatches":0,"frameTime":0.059482499957084659,"renderTime":0.011993478052318097,"instancedBatches":0,"shadowCasters":4580,"staticBatches":0,"dynamicBatchedDrawCalls":0,"combinedTime":0.07147597521543503,"differenceTime":-0.002858668565750122,"extra":"leaves gpu"},{"frame":34,"time":0.05295690521597862,"triangles":54134852,"vertices":76420982,"batches":7579,"drawCalls":7579,"dynamicBatches":0,"frameTime":0.06115693598985672,"renderTime":0.01425748411566019,"instancedBatches":0,"shadowCasters":4580,"staticBatches":0,"dynamicBatchedDrawCalls":0,"combinedTime":0.07541441917419434,"differenceTime":-0.022457513958215715,"extra":"leaves gpu"},{"frame":35,"time":0.05952105298638344,"triangles":54134852,"vertices":76420982,"batches":7579,"drawCalls":7579,"dynamicBatches":0,"frameTime":0.05956104025244713,"renderTime":0.012668287381529808,"instancedBatches":0,"shadowCasters":4580,"staticBatches":0,"dynamicBatchedDrawCalls":0,"combinedTime":0.07222932577133179,"differenceTime":-0.012708272784948349,"extra":"leaves gpu"},{"frame":36,"time":0.06566496938467026,"triangles":54134852,"vertices":76420982,"batches":7579,"drawCalls":7579,"dynamicBatches":0,"frameTime":0.05972294136881828,"renderTime":0.012716849334537983,"instancedBatches":0,"shadowCasters":4580,"staticBatches":0,"dynamicBatchedDrawCalls":0,"combinedTime":0.07243978977203369,"differenceTime":-0.006774820387363434,"extra":"leaves gpu"},{"frame":37,"time":0.055026810616254809,"triangles":54134852,"vertices":76420982,"batches":7579,"drawCalls":7579,"dynamicBatches":0,"frameTime":0.061108581721782687,"renderTime":0.01253510918468237,"instancedBatches":0,"shadowCasters":4580,"staticBatches":0,"dynamicBatchedDrawCalls":0,"combinedTime":0.07364369183778763,"differenceTime":-0.01861688122153282,"extra":"leaves gpu"},{"frame":38,"time":0.059888098388910297,"triangles":54134852,"vertices":76420982,"batches":7579,"drawCalls":7579,"dynamicBatches":0,"frameTime":0.05965779349207878,"renderTime":0.01259322464466095,"instancedBatches":0,"shadowCasters":4580,"staticBatches":0,"dynamicBatchedDrawCalls":0,"combinedTime":0.07225102186203003,"differenceTime":-0.012362923473119736,"extra":"leaves gpu"},{"frame":39,"time":0.06484014540910721,"triangles":54134852,"vertices":76420982,"batches":7579,"drawCalls":7579,"dynamicBatches":0,"frameTime":0.05961165577173233,"renderTime":0.012787826359272004,"instancedBatches":0,"shadowCasters":4580,"staticBatches":0,"dynamicBatchedDrawCalls":0,"combinedTime":0.07239948213100434,"differenceTime":-0.007559336721897125,"extra":"leaves gpu"},{"frame":40,"time":0.06056566908955574,"triangles":54134852,"vertices":76420982,"batches":7579,"drawCalls":7579,"dynamicBatches":0,"frameTime":0.0611271895468235,"renderTime":0.012250695377588272,"instancedBatches":0,"shadowCasters":4580,"staticBatches":0,"dynamicBatchedDrawCalls":0,"combinedTime":0.07337788492441178,"differenceTime":-0.012812215834856034,"extra":"leaves gpu"},{"frame":41,"time":0.05247785523533821,"triangles":54134852,"vertices":76420982,"batches":7579,"drawCalls":7579,"dynamicBatches":0,"frameTime":0.05968121066689491,"renderTime":0.016259921714663507,"instancedBatches":0,"shadowCasters":4580,"staticBatches":0,"dynamicBatchedDrawCalls":0,"combinedTime":0.07594113051891327,"differenceTime":-0.023463275283575059,"extra":"leaves gpu"},{"frame":42,"time":0.06873617321252823,"triangles":54134852,"vertices":76420982,"batches":7579,"drawCalls":7579,"dynamicBatches":0,"frameTime":0.059745337814092639,"renderTime":0.010608812794089318,"instancedBatches":0,"shadowCasters":4580,"staticBatches":0,"dynamicBatchedDrawCalls":0,"combinedTime":0.0703541487455368,"differenceTime":-0.0016179755330085755,"extra":"leaves gpu"},{"frame":43,"time":0.05424731969833374,"triangles":54134852,"vertices":76420982,"batches":7579,"drawCalls":7579,"dynamicBatches":0,"frameTime":0.06101761758327484,"renderTime":0.012747341766953469,"instancedBatches":0,"shadowCasters":4580,"staticBatches":0,"dynamicBatchedDrawCalls":0,"combinedTime":0.07376495748758316,"differenceTime":-0.01951763778924942,"extra":"leaves gpu"},{"frame":44,"time":0.06039855629205704,"triangles":54134852,"vertices":76420982,"batches":7579,"drawCalls":7579,"dynamicBatches":0,"frameTime":0.059685707092285159,"renderTime":0.012548035010695458,"instancedBatches":0,"shadowCasters":4580,"staticBatches":0,"dynamicBatchedDrawCalls":0,"combinedTime":0.07223374396562576,"differenceTime":-0.011835187673568726,"extra":"leaves gpu"},{"frame":45,"time":0.06321272999048233,"triangles":54134852,"vertices":76420982,"batches":7579,"drawCalls":7579,"dynamicBatches":0,"frameTime":0.05963180586695671,"renderTime":0.013139263726770878,"instancedBatches":0,"shadowCasters":4580,"staticBatches":0,"dynamicBatchedDrawCalls":0,"combinedTime":0.07277107238769531,"differenceTime":-0.009558342397212983,"extra":"leaves gpu"},{"frame":46,"time":0.057090383023023608,"triangles":54134852,"vertices":76420982,"batches":7579,"drawCalls":7579,"dynamicBatches":0,"frameTime":0.06123445928096771,"renderTime":0.011596674099564553,"instancedBatches":0,"shadowCasters":4580,"staticBatches":0,"dynamicBatchedDrawCalls":0,"combinedTime":0.07283113151788712,"differenceTime":-0.01574074849486351,"extra":"leaves gpu"},{"frame":47,"time":0.05681523308157921,"triangles":54134852,"vertices":76420982,"batches":7579,"drawCalls":7579,"dynamicBatches":0,"frameTime":0.059532519429922107,"renderTime":0.012489572167396546,"instancedBatches":0,"shadowCasters":4580,"staticBatches":0,"dynamicBatchedDrawCalls":0,"combinedTime":0.07202209532260895,"differenceTime":-0.01520686224102974,"extra":"leaves gpu"},{"frame":48,"time":0.07393395155668259,"triangles":54134852,"vertices":76420982,"batches":7579,"drawCalls":7579,"dynamicBatches":0,"frameTime":0.05976053699851036,"renderTime":0.011271776631474495,"instancedBatches":0,"shadowCasters":4580,"staticBatches":0,"dynamicBatchedDrawCalls":0,"combinedTime":0.07103231549263,"differenceTime":0.002901636064052582,"extra":"leaves gpu"},{"frame":49,"time":0.05209127441048622,"triangles":54134852,"vertices":76420982,"batches":7579,"drawCalls":7579,"dynamicBatches":0,"frameTime":0.061192963272333148,"renderTime":0.018972737714648248,"instancedBatches":0,"shadowCasters":4580,"staticBatches":0,"dynamicBatchedDrawCalls":0,"combinedTime":0.08016569912433624,"differenceTime":-0.02807442471385002,"extra":"leaves gpu"},{"frame":50,"time":0.055161166936159137,"triangles":54134852,"vertices":76420982,"batches":7579,"drawCalls":7579,"dynamicBatches":0,"frameTime":0.059614624828100207,"renderTime":0.013991082087159157,"instancedBatches":0,"shadowCasters":4580,"staticBatches":0,"dynamicBatchedDrawCalls":0,"combinedTime":0.07360570877790451,"differenceTime":-0.018444541841745378,"extra":"leaves gpu"},{"frame":51,"time":0.06874103099107743,"triangles":54134852,"vertices":76420982,"batches":7579,"drawCalls":7579,"dynamicBatches":0,"frameTime":0.05998966470360756,"renderTime":0.011314772069454193,"instancedBatches":0,"shadowCasters":4580,"staticBatches":0,"dynamicBatchedDrawCalls":0,"combinedTime":0.07130444049835205,"differenceTime":-0.0025634095072746279,"extra":"leaves gpu"},{"frame":52,"time":0.05538303777575493,"triangles":54134852,"vertices":76420982,"batches":7579,"drawCalls":7579,"dynamicBatches":0,"frameTime":0.06092188134789467,"renderTime":0.01263862568885088,"instancedBatches":0,"shadowCasters":4580,"staticBatches":0,"dynamicBatchedDrawCalls":0,"combinedTime":0.07356050610542298,"differenceTime":-0.018177468329668046,"extra":"leaves gpu"},{"frame":53,"time":0.06093093752861023,"triangles":54134852,"vertices":76420982,"batches":7579,"drawCalls":7579,"dynamicBatches":0,"frameTime":0.05959341675043106,"renderTime":0.014748265035450459,"instancedBatches":0,"shadowCasters":4580,"staticBatches":0,"dynamicBatchedDrawCalls":0,"combinedTime":0.07434168457984925,"differenceTime":-0.013410747051239014,"extra":"leaves gpu"},{"frame":54,"time":0.06488621979951859,"triangles":54134852,"vertices":76420982,"batches":7579,"drawCalls":7579,"dynamicBatches":0,"frameTime":0.059669241309165958,"renderTime":0.01481294073164463,"instancedBatches":0,"shadowCasters":4580,"staticBatches":0,"dynamicBatchedDrawCalls":0,"combinedTime":0.07448218017816544,"differenceTime":-0.00959596037864685,"extra":"leaves gpu"},{"frame":55,"time":0.052768997848033908,"triangles":54134852,"vertices":76420982,"batches":7579,"drawCalls":7579,"dynamicBatches":0,"frameTime":0.06113505735993385,"renderTime":0.01309717446565628,"instancedBatches":0,"shadowCasters":4580,"staticBatches":0,"dynamicBatchedDrawCalls":0,"combinedTime":0.07423223555088043,"differenceTime":-0.021463237702846528,"extra":"leaves gpu"},{"frame":56,"time":0.06034785881638527,"triangles":54134852,"vertices":76420982,"batches":7579,"drawCalls":7579,"dynamicBatches":0,"frameTime":0.05960880219936371,"renderTime":0.012090962380170823,"instancedBatches":0,"shadowCasters":4580,"staticBatches":0,"dynamicBatchedDrawCalls":0,"combinedTime":0.07169976830482483,"differenceTime":-0.01135190948843956,"extra":"leaves gpu"},{"frame":57,"time":0.06526332348585129,"triangles":54134852,"vertices":76420982,"batches":7579,"drawCalls":7579,"dynamicBatches":0,"frameTime":0.05966721102595329,"renderTime":0.012378256767988205,"instancedBatches":0,"shadowCasters":4580,"staticBatches":0,"dynamicBatchedDrawCalls":0,"combinedTime":0.0720454677939415,"differenceTime":-0.00678214430809021,"extra":"leaves gpu"},{"frame":58,"time":0.05786994472146034,"triangles":54134852,"vertices":76420982,"batches":7579,"drawCalls":7579,"dynamicBatches":0,"frameTime":0.06110215559601784,"renderTime":0.011764823459088803,"instancedBatches":0,"shadowCasters":4580,"staticBatches":0,"dynamicBatchedDrawCalls":0,"combinedTime":0.07286697626113892,"differenceTime":-0.014997031539678574,"extra":"leaves gpu"},{"frame":59,"time":0.055879298597574237,"triangles":54134852,"vertices":76420982,"batches":7579,"drawCalls":7579,"dynamicBatches":0,"frameTime":0.05965681001543999,"renderTime":0.014293443411588669,"instancedBatches":0,"shadowCasters":4580,"staticBatches":0,"dynamicBatchedDrawCalls":0,"combinedTime":0.07395025342702866,"differenceTime":-0.018070954829454423,"extra":"leaves gpu"},{"frame":60,"time":0.06383796781301499,"triangles":54134852,"vertices":76420982,"batches":7579,"drawCalls":7579,"dynamicBatches":0,"frameTime":0.059620101004838946,"renderTime":0.011363287456333638,"instancedBatches":0,"shadowCasters":4580,"staticBatches":0,"dynamicBatchedDrawCalls":0,"combinedTime":0.07098338752985,"differenceTime":-0.007145419716835022,"extra":"leaves gpu"},{"frame":61,"time":0.05794481933116913,"triangles":54134852,"vertices":76420982,"batches":7579,"drawCalls":7579,"dynamicBatches":0,"frameTime":0.061159584671258929,"renderTime":0.010713756084442139,"instancedBatches":0,"shadowCasters":4580,"staticBatches":0,"dynamicBatchedDrawCalls":0,"combinedTime":0.07187333703041077,"differenceTime":-0.013928517699241639,"extra":"leaves gpu"},{"frame":62,"time":0.058410849422216418,"triangles":54134852,"vertices":76420982,"batches":7579,"drawCalls":7579,"dynamicBatches":0,"frameTime":0.0596022792160511,"renderTime":0.01206950657069683,"instancedBatches":0,"shadowCasters":4580,"staticBatches":0,"dynamicBatchedDrawCalls":0,"combinedTime":0.07167178392410279,"differenceTime":-0.013260934501886368,"extra":"leaves gpu"},{"frame":63,"time":0.06950338929891586,"triangles":54134852,"vertices":76420982,"batches":7579,"drawCalls":7579,"dynamicBatches":0,"frameTime":0.059793464839458469,"renderTime":0.011616984382271767,"instancedBatches":0,"shadowCasters":4580,"staticBatches":0,"dynamicBatchedDrawCalls":0,"combinedTime":0.07141044735908508,"differenceTime":-0.00190705806016922,"extra":"leaves gpu"},{"frame":64,"time":0.050566088408231738,"triangles":54134852,"vertices":76420982,"batches":7579,"drawCalls":7579,"dynamicBatches":0,"frameTime":0.06105146184563637,"renderTime":0.013756182976067067,"instancedBatches":0,"shadowCasters":4580,"staticBatches":0,"dynamicBatchedDrawCalls":0,"combinedTime":0.07480764389038086,"differenceTime":-0.024241555482149125,"extra":"leaves gpu"},{"frame":65,"time":0.059676140546798709,"triangles":54134852,"vertices":76420982,"batches":7579,"drawCalls":7579,"dynamicBatches":0,"frameTime":0.05970297381281853,"renderTime":0.011243547312915326,"instancedBatches":0,"shadowCasters":4580,"staticBatches":0,"dynamicBatchedDrawCalls":0,"combinedTime":0.07094652205705643,"differenceTime":-0.011270381510257721,"extra":"leaves gpu"},{"frame":66,"time":0.06789291650056839,"triangles":54134852,"vertices":76420982,"batches":7579,"drawCalls":7579,"dynamicBatches":0,"frameTime":0.0596785806119442,"renderTime":0.010972900316119194,"instancedBatches":0,"shadowCasters":4580,"staticBatches":0,"dynamicBatchedDrawCalls":0,"combinedTime":0.07065147906541825,"differenceTime":-0.0027585625648498537,"extra":"leaves gpu"},{"frame":67,"time":0.05331682413816452,"triangles":54134852,"vertices":76420982,"batches":7579,"drawCalls":7579,"dynamicBatches":0,"frameTime":0.061057403683662418,"renderTime":0.012447290122509003,"instancedBatches":0,"shadowCasters":4580,"staticBatches":0,"dynamicBatchedDrawCalls":0,"combinedTime":0.07350469380617142,"differenceTime":-0.020187869668006898,"extra":"leaves gpu"},{"frame":68,"time":0.059923041611909869,"triangles":54134852,"vertices":76420982,"batches":7579,"drawCalls":7579,"dynamicBatches":0,"frameTime":0.05961347743868828,"renderTime":0.011327843181788922,"instancedBatches":0,"shadowCasters":4580,"staticBatches":0,"dynamicBatchedDrawCalls":0,"combinedTime":0.07094132155179978,"differenceTime":-0.011018279939889908,"extra":"leaves gpu"},{"frame":69,"time":0.06789518147706986,"triangles":54134852,"vertices":76420982,"batches":7579,"drawCalls":7579,"dynamicBatches":0,"frameTime":0.059799183160066608,"renderTime":0.011701173149049282,"instancedBatches":0,"shadowCasters":4580,"staticBatches":0,"dynamicBatchedDrawCalls":0,"combinedTime":0.07150035351514816,"differenceTime":-0.003605172038078308,"extra":"leaves gpu"},{"frame":70,"time":0.05435439944267273,"triangles":54134852,"vertices":76420982,"batches":7579,"drawCalls":7579,"dynamicBatches":0,"frameTime":0.06116300821304321,"renderTime":0.01277231890708208,"instancedBatches":0,"shadowCasters":4580,"staticBatches":0,"dynamicBatchedDrawCalls":0,"combinedTime":0.07393532991409302,"differenceTime":-0.019580930471420289,"extra":"leaves gpu"},{"frame":71,"time":0.0579589307308197,"triangles":54134852,"vertices":76420982,"batches":7579,"drawCalls":7579,"dynamicBatches":0,"frameTime":0.05955485627055168,"renderTime":0.012352175079286099,"instancedBatches":0,"shadowCasters":4580,"staticBatches":0,"dynamicBatchedDrawCalls":0,"combinedTime":0.07190702855587006,"differenceTime":-0.013948097825050354,"extra":"leaves gpu"},{"frame":72,"time":0.06749033182859421,"triangles":54134852,"vertices":76420982,"batches":7579,"drawCalls":7579,"dynamicBatches":0,"frameTime":0.05965525656938553,"renderTime":0.011460462585091591,"instancedBatches":0,"shadowCasters":4580,"staticBatches":0,"dynamicBatchedDrawCalls":0,"combinedTime":0.07111571729183197,"differenceTime":-0.0036253854632377626,"extra":"leaves gpu"},{"frame":73,"time":0.05596783012151718,"triangles":54134852,"vertices":76420982,"batches":7579,"drawCalls":7579,"dynamicBatches":0,"frameTime":0.06115913763642311,"renderTime":0.012242316268384457,"instancedBatches":0,"shadowCasters":4580,"staticBatches":0,"dynamicBatchedDrawCalls":0,"combinedTime":0.07340145111083985,"differenceTime":-0.017433620989322664,"extra":"leaves gpu"},{"frame":74,"time":0.05670126527547836,"triangles":54134852,"vertices":76420982,"batches":7579,"drawCalls":7579,"dynamicBatches":0,"frameTime":0.05964166671037674,"renderTime":0.013301298953592778,"instancedBatches":0,"shadowCasters":4580,"staticBatches":0,"dynamicBatchedDrawCalls":0,"combinedTime":0.07294296473264694,"differenceTime":-0.01624169945716858,"extra":"leaves gpu"},{"frame":75,"time":0.06882411241531372,"triangles":54134852,"vertices":76420982,"batches":7579,"drawCalls":7579,"dynamicBatches":0,"frameTime":0.059631604701280597,"renderTime":0.011583838611841202,"instancedBatches":0,"shadowCasters":4580,"staticBatches":0,"dynamicBatchedDrawCalls":0,"combinedTime":0.0712154433131218,"differenceTime":-0.002391330897808075,"extra":"leaves gpu"},{"frame":76,"time":0.06955587863922119,"triangles":54134852,"vertices":76420982,"batches":7579,"drawCalls":7579,"dynamicBatches":0,"frameTime":0.06117325648665428,"renderTime":0.012847517617046833,"instancedBatches":0,"shadowCasters":4580,"staticBatches":0,"dynamicBatchedDrawCalls":0,"combinedTime":0.07402077317237854,"differenceTime":-0.004464894533157349,"extra":"leaves gpu"},{"frame":77,"time":0.04181035980582237,"triangles":54134852,"vertices":76420982,"batches":7579,"drawCalls":7579,"dynamicBatches":0,"frameTime":0.05954919755458832,"renderTime":0.024747807532548906,"instancedBatches":0,"shadowCasters":4580,"staticBatches":0,"dynamicBatchedDrawCalls":0,"combinedTime":0.08429700136184693,"differenceTime":-0.04248664155602455,"extra":"leaves gpu"},{"frame":78,"time":0.07058965414762497,"triangles":54134852,"vertices":76420982,"batches":7579,"drawCalls":7579,"dynamicBatches":0,"frameTime":0.06003231182694435,"renderTime":0.011129869148135186,"instancedBatches":0,"shadowCasters":4580,"staticBatches":0,"dynamicBatchedDrawCalls":0,"combinedTime":0.07116217911243439,"differenceTime":-0.0005725249648094177,"extra":"leaves gpu"},{"frame":79,"time":0.05130286514759064,"triangles":54134852,"vertices":76420982,"batches":7579,"drawCalls":7579,"dynamicBatches":0,"frameTime":0.0609443373978138,"renderTime":0.01392268668860197,"instancedBatches":0,"shadowCasters":4580,"staticBatches":0,"dynamicBatchedDrawCalls":0,"combinedTime":0.07486702501773834,"differenceTime":-0.023564159870147706,"extra":"leaves gpu"},{"frame":80,"time":0.05964690446853638,"triangles":54134852,"vertices":76420982,"batches":7579,"drawCalls":7579,"dynamicBatches":0,"frameTime":0.059493470937013629,"renderTime":0.011819368228316307,"instancedBatches":0,"shadowCasters":4580,"staticBatches":0,"dynamicBatchedDrawCalls":0,"combinedTime":0.07131283730268479,"differenceTime":-0.011665932834148407,"extra":"leaves gpu"},{"frame":81,"time":0.06446783244609833,"triangles":54134852,"vertices":76420982,"batches":7579,"drawCalls":7579,"dynamicBatches":0,"frameTime":0.05966073274612427,"renderTime":0.01200677827000618,"instancedBatches":0,"shadowCasters":4580,"staticBatches":0,"dynamicBatchedDrawCalls":0,"combinedTime":0.07166750729084015,"differenceTime":-0.007199674844741821,"extra":"leaves gpu"},{"frame":82,"time":0.056020013988018039,"triangles":54134852,"vertices":76420982,"batches":7579,"drawCalls":7579,"dynamicBatches":0,"frameTime":0.06118157133460045,"renderTime":0.01090414822101593,"instancedBatches":0,"shadowCasters":4580,"staticBatches":0,"dynamicBatchedDrawCalls":0,"combinedTime":0.07208572328090668,"differenceTime":-0.01606570929288864,"extra":"leaves gpu"},{"frame":83,"time":0.059575166553258899,"triangles":54134852,"vertices":76420982,"batches":7579,"drawCalls":7579,"dynamicBatches":0,"frameTime":0.05968765541911125,"renderTime":0.011810719966888428,"instancedBatches":0,"shadowCasters":4580,"staticBatches":0,"dynamicBatchedDrawCalls":0,"combinedTime":0.07149837911128998,"differenceTime":-0.011923212558031083,"extra":"leaves gpu"},{"frame":84,"time":0.06555693596601486,"triangles":54134852,"vertices":76420982,"batches":7579,"drawCalls":7579,"dynamicBatches":0,"frameTime":0.05939770117402077,"renderTime":0.01153233740478754,"instancedBatches":0,"shadowCasters":4580,"staticBatches":0,"dynamicBatchedDrawCalls":0,"combinedTime":0.07093004137277603,"differenceTime":-0.0053731054067611698,"extra":"leaves gpu"},{"frame":85,"time":0.054453954100608829,"triangles":54134852,"vertices":76420982,"batches":7579,"drawCalls":7579,"dynamicBatches":0,"frameTime":0.0612151175737381,"renderTime":0.011452414095401764,"instancedBatches":0,"shadowCasters":4580,"staticBatches":0,"dynamicBatchedDrawCalls":0,"combinedTime":0.07266753166913986,"differenceTime":-0.018213577568531038,"extra":"leaves gpu"},{"frame":86,"time":0.06639504432678223,"triangles":54134852,"vertices":76420982,"batches":7579,"drawCalls":7579,"dynamicBatches":0,"frameTime":0.05964444577693939,"renderTime":0.011416373774409294,"instancedBatches":0,"shadowCasters":4580,"staticBatches":0,"dynamicBatchedDrawCalls":0,"combinedTime":0.07106082141399384,"differenceTime":-0.004665777087211609,"extra":"leaves gpu"},{"frame":87,"time":0.06042018532752991,"triangles":54134852,"vertices":76420982,"batches":7579,"drawCalls":7579,"dynamicBatches":0,"frameTime":0.05939449369907379,"renderTime":0.011013463139533997,"instancedBatches":0,"shadowCasters":4580,"staticBatches":0,"dynamicBatchedDrawCalls":0,"combinedTime":0.07040795683860779,"differenceTime":-0.00998777151107788,"extra":"leaves gpu"},{"frame":88,"time":0.054540131241083148,"triangles":54134852,"vertices":76420982,"batches":7579,"drawCalls":7579,"dynamicBatches":0,"frameTime":0.0612579882144928,"renderTime":0.011794384568929673,"instancedBatches":0,"shadowCasters":4580,"staticBatches":0,"dynamicBatchedDrawCalls":0,"combinedTime":0.07305237650871277,"differenceTime":-0.018512245267629625,"extra":"leaves gpu"},{"frame":89,"time":0.06082472950220108,"triangles":54134852,"vertices":76420982,"batches":7579,"drawCalls":7579,"dynamicBatches":0,"frameTime":0.059596676379442218,"renderTime":0.011860601603984833,"instancedBatches":0,"shadowCasters":4580,"staticBatches":0,"dynamicBatchedDrawCalls":0,"combinedTime":0.07145728170871735,"differenceTime":-0.010632552206516266,"extra":"leaves gpu"},{"frame":90,"time":0.0657011866569519,"triangles":54134852,"vertices":76420982,"batches":7579,"drawCalls":7579,"dynamicBatches":0,"frameTime":0.05973760411143303,"renderTime":0.012656987644731999,"instancedBatches":0,"shadowCasters":4580,"staticBatches":0,"dynamicBatchedDrawCalls":0,"combinedTime":0.07239459455013275,"differenceTime":-0.006693407893180847,"extra":"leaves gpu"},{"frame":91,"time":0.05321794003248215,"triangles":54134852,"vertices":76420982,"batches":7579,"drawCalls":7579,"dynamicBatches":0,"frameTime":0.061224572360515597,"renderTime":0.012418324127793312,"instancedBatches":0,"shadowCasters":4580,"staticBatches":0,"dynamicBatchedDrawCalls":0,"combinedTime":0.07364289462566376,"differenceTime":-0.02042495459318161,"extra":"leaves gpu"},{"frame":92,"time":0.06115587428212166,"triangles":54134852,"vertices":76420982,"batches":7579,"drawCalls":7579,"dynamicBatches":0,"frameTime":0.05945071950554848,"renderTime":0.01136875431984663,"instancedBatches":0,"shadowCasters":4580,"staticBatches":0,"dynamicBatchedDrawCalls":0,"combinedTime":0.07081947475671768,"differenceTime":-0.009663600474596024,"extra":"leaves gpu"},{"frame":93,"time":0.06482555717229843,"triangles":54134852,"vertices":76420982,"batches":7579,"drawCalls":7579,"dynamicBatches":0,"frameTime":0.05963394418358803,"renderTime":0.012015693821012974,"instancedBatches":0,"shadowCasters":4580,"staticBatches":0,"dynamicBatchedDrawCalls":0,"combinedTime":0.07164964079856873,"differenceTime":-0.006824083626270294,"extra":"leaves gpu"},{"frame":94,"time":0.053914625197649,"triangles":54134852,"vertices":76420982,"batches":7579,"drawCalls":7579,"dynamicBatches":0,"frameTime":0.06110387295484543,"renderTime":0.012091375887393952,"instancedBatches":0,"shadowCasters":4580,"staticBatches":0,"dynamicBatchedDrawCalls":0,"combinedTime":0.07319524884223938,"differenceTime":-0.019280623644590379,"extra":"leaves gpu"},{"frame":95,"time":0.06077156960964203,"triangles":54134852,"vertices":76420982,"batches":7579,"drawCalls":7579,"dynamicBatches":0,"frameTime":0.05975976958870888,"renderTime":0.01114898081868887,"instancedBatches":0,"shadowCasters":4580,"staticBatches":0,"dynamicBatchedDrawCalls":0,"combinedTime":0.07090874761343003,"differenceTime":-0.010137178003787995,"extra":"leaves gpu"},{"frame":96,"time":0.06522859632968903,"triangles":54134852,"vertices":76420982,"batches":7579,"drawCalls":7579,"dynamicBatches":0,"frameTime":0.059571243822574618,"renderTime":0.01164559181779623,"instancedBatches":0,"shadowCasters":4580,"staticBatches":0,"dynamicBatchedDrawCalls":0,"combinedTime":0.07121683657169342,"differenceTime":-0.0059882402420043949,"extra":"leaves gpu"},{"frame":97,"time":0.05524156615138054,"triangles":54134852,"vertices":76420982,"batches":7579,"drawCalls":7579,"dynamicBatches":0,"frameTime":0.06122048944234848,"renderTime":0.01145104132592678,"instancedBatches":0,"shadowCasters":4580,"staticBatches":0,"dynamicBatchedDrawCalls":0,"combinedTime":0.07267153263092041,"differenceTime":-0.01742996647953987,"extra":"leaves gpu"},{"frame":98,"time":0.06202162429690361,"triangles":54134852,"vertices":76420982,"batches":7579,"drawCalls":7579,"dynamicBatches":0,"frameTime":0.05960385501384735,"renderTime":0.011545351706445217,"instancedBatches":0,"shadowCasters":4580,"staticBatches":0,"dynamicBatchedDrawCalls":0,"combinedTime":0.07114920765161514,"differenceTime":-0.009127583354711533,"extra":"leaves gpu"},{"frame":99,"time":0.06523449718952179,"triangles":54134852,"vertices":76420982,"batches":7579,"drawCalls":7579,"dynamicBatches":0,"frameTime":0.05970698967576027,"renderTime":0.012882562354207039,"instancedBatches":0,"shadowCasters":4580,"staticBatches":0,"dynamicBatchedDrawCalls":0,"combinedTime":0.07258955389261246,"differenceTime":-0.007355056703090668,"extra":"leaves gpu"},{"frame":100,"time":0.052828285843133929,"triangles":54134852,"vertices":76420982,"batches":7579,"drawCalls":7579,"dynamicBatches":0,"frameTime":0.0610789954662323,"renderTime":0.012509594671428204,"instancedBatches":0,"shadowCasters":4580,"staticBatches":0,"dynamicBatchedDrawCalls":0,"combinedTime":0.07358858734369278,"differenceTime":-0.020760301500558854,"extra":"leaves gpu"}]}