{"data":[{"frame":1,"time":0.019999999552965165,"triangles":41476,"vertices":80222,"batches":3069,"drawCalls":3069,"dynamicBatches":0,"frameTime":0.009328520856797696,"renderTime":0.005857829935848713,"instancedBatches":0,"shadowCasters":1196,"staticBatches":0,"dynamicBatchedDrawCalls":0,"combinedTime":0.015186350792646408,"differenceTime":0.004813648760318756,"extra":"cube prefab speed tree material"},{"frame":2,"time":0.019999999552965165,"triangles":41476,"vertices":80222,"batches":3069,"drawCalls":3069,"dynamicBatches":0,"frameTime":0.009328520856797696,"renderTime":0.005857829935848713,"instancedBatches":0,"shadowCasters":1196,"staticBatches":0,"dynamicBatchedDrawCalls":0,"combinedTime":0.015186350792646408,"differenceTime":0.004813648760318756,"extra":"cube prefab speed tree material"},{"frame":3,"time":0.3333333432674408,"triangles":82956,"vertices":160452,"batches":6140,"drawCalls":6140,"dynamicBatches":0,"frameTime":7.210480690002441,"renderTime":-19532.44921875,"instancedBatches":0,"shadowCasters":2392,"staticBatches":0,"dynamicBatchedDrawCalls":0,"combinedTime":-19525.23828125,"differenceTime":19525.572265625,"extra":"cube prefab speed tree material"},{"frame":4,"time":0.03778190165758133,"triangles":82956,"vertices":160452,"batches":6140,"drawCalls":6140,"dynamicBatches":0,"frameTime":7.210480690002441,"renderTime":-19532.44921875,"instancedBatches":0,"shadowCasters":2392,"staticBatches":0,"dynamicBatchedDrawCalls":0,"combinedTime":-19525.23828125,"differenceTime":19525.275390625,"extra":"cube prefab speed tree material"},{"frame":5,"time":0.053551141172647479,"triangles":41476,"vertices":80222,"batches":3069,"drawCalls":3069,"dynamicBatches":0,"frameTime":0.027210233733057977,"renderTime":0.007821383886039257,"instancedBatches":0,"shadowCasters":1196,"staticBatches":0,"dynamicBatchedDrawCalls":0,"combinedTime":0.03503161668777466,"differenceTime":0.018519524484872819,"extra":"cube prefab speed tree material"},{"frame":6,"time":0.017503466457128526,"triangles":41476,"vertices":80222,"batches":3069,"drawCalls":3069,"dynamicBatches":0,"frameTime":0.01748535968363285,"renderTime":0.00736564677208662,"instancedBatches":0,"shadowCasters":1196,"staticBatches":0,"dynamicBatchedDrawCalls":0,"combinedTime":0.024851005524396898,"differenceTime":-0.007347539067268372,"extra":"cube prefab speed tree material"},{"frame":7,"time":0.010672852396965027,"triangles":41476,"vertices":80222,"batches":3069,"drawCalls":3069,"dynamicBatches":0,"frameTime":0.01068994589149952,"renderTime":0.007284585852175951,"instancedBatches":0,"shadowCasters":1196,"staticBatches":0,"dynamicBatchedDrawCalls":0,"combinedTime":0.017974531278014184,"differenceTime":-0.007301678881049156,"extra":"cube prefab speed tree material"},{"frame":8,"time":0.011974352411925793,"triangles":41476,"vertices":80222,"batches":3069,"drawCalls":3069,"dynamicBatches":0,"frameTime":0.011979167349636555,"renderTime":0.008804947137832642,"instancedBatches":0,"shadowCasters":1196,"staticBatches":0,"dynamicBatchedDrawCalls":0,"combinedTime":0.02078411355614662,"differenceTime":-0.008809761144220829,"extra":"cube prefab speed tree material"},{"frame":9,"time":0.011387334205210209,"triangles":41476,"vertices":80222,"batches":3069,"drawCalls":3069,"dynamicBatches":0,"frameTime":0.011383645236492157,"renderTime":0.008155078627169133,"instancedBatches":0,"shadowCasters":1196,"staticBatches":0,"dynamicBatchedDrawCalls":0,"combinedTime":0.019538722932338716,"differenceTime":-0.008151388727128506,"extra":"cube prefab speed tree material"},{"frame":10,"time":0.011138553731143475,"triangles":41476,"vertices":80222,"batches":3069,"drawCalls":3069,"dynamicBatches":0,"frameTime":0.011136030778288842,"renderTime":0.007207321003079414,"instancedBatches":0,"shadowCasters":1196,"staticBatches":0,"dynamicBatchedDrawCalls":0,"combinedTime":0.018343351781368257,"differenceTime":-0.007204798050224781,"extra":"cube prefab speed tree material"},{"frame":11,"time":0.011390193365514279,"triangles":41476,"vertices":80222,"batches":3069,"drawCalls":3069,"dynamicBatches":0,"frameTime":0.0113960737362504,"renderTime":0.006890162825584412,"instancedBatches":0,"shadowCasters":1196,"staticBatches":0,"dynamicBatchedDrawCalls":0,"combinedTime":0.018286235630512239,"differenceTime":-0.006896042264997959,"extra":"cube prefab speed tree material"},{"frame":12,"time":0.010049530304968357,"triangles":41476,"vertices":80222,"batches":3069,"drawCalls":3069,"dynamicBatches":0,"frameTime":0.010046480223536492,"renderTime":0.006474576890468597,"instancedBatches":0,"shadowCasters":1196,"staticBatches":0,"dynamicBatchedDrawCalls":0,"combinedTime":0.01652105711400509,"differenceTime":-0.006471526809036732,"extra":"cube prefab speed tree material"},{"frame":13,"time":0.010123059153556824,"triangles":41476,"vertices":80222,"batches":3069,"drawCalls":3069,"dynamicBatches":0,"frameTime":0.010122111067175866,"renderTime":0.006594595964998007,"instancedBatches":0,"shadowCasters":1196,"staticBatches":0,"dynamicBatchedDrawCalls":0,"combinedTime":0.01671670749783516,"differenceTime":-0.006593648344278336,"extra":"cube prefab speed tree material"},{"frame":14,"time":0.009135065600275994,"triangles":41476,"vertices":80222,"batches":3069,"drawCalls":3069,"dynamicBatches":0,"frameTime":0.009276588447391987,"renderTime":0.006768140010535717,"instancedBatches":0,"shadowCasters":1196,"staticBatches":0,"dynamicBatchedDrawCalls":0,"combinedTime":0.016044728457927705,"differenceTime":-0.0069096628576517109,"extra":"cube prefab speed tree material"},{"frame":15,"time":0.009814755991101265,"triangles":41476,"vertices":80222,"batches":3069,"drawCalls":3069,"dynamicBatches":0,"frameTime":0.009688243269920349,"renderTime":0.006594084203243256,"instancedBatches":0,"shadowCasters":1196,"staticBatches":0,"dynamicBatchedDrawCalls":0,"combinedTime":0.016282327473163606,"differenceTime":-0.00646757148206234,"extra":"cube prefab speed tree material"},{"frame":16,"time":0.012652367353439331,"triangles":41476,"vertices":80222,"batches":3069,"drawCalls":3069,"dynamicBatches":0,"frameTime":0.012637254782021046,"renderTime":0.007414618041366339,"instancedBatches":0,"shadowCasters":1196,"staticBatches":0,"dynamicBatchedDrawCalls":0,"combinedTime":0.020051872357726098,"differenceTime":-0.007399505004286766,"extra":"cube prefab speed tree material"},{"frame":17,"time":0.009765803813934327,"triangles":41476,"vertices":80222,"batches":3069,"drawCalls":3069,"dynamicBatches":0,"frameTime":0.009925958700478077,"renderTime":0.006913128774613142,"instancedBatches":0,"shadowCasters":1196,"staticBatches":0,"dynamicBatchedDrawCalls":0,"combinedTime":0.01683908700942993,"differenceTime":-0.0070732831954956059,"extra":"cube prefab speed tree material"},{"frame":18,"time":0.011001196689903736,"triangles":41476,"vertices":80222,"batches":3069,"drawCalls":3069,"dynamicBatches":0,"frameTime":0.010839398950338364,"renderTime":0.0062611340545117859,"instancedBatches":0,"shadowCasters":1196,"staticBatches":0,"dynamicBatchedDrawCalls":0,"combinedTime":0.017100533470511438,"differenceTime":-0.0060993367806077,"extra":"cube prefab speed tree material"},{"frame":19,"time":0.01022249087691307,"triangles":41476,"vertices":80222,"batches":3069,"drawCalls":3069,"dynamicBatches":0,"frameTime":0.010264409705996514,"renderTime":0.006830461788922548,"instancedBatches":0,"shadowCasters":1196,"staticBatches":0,"dynamicBatchedDrawCalls":0,"combinedTime":0.017094871029257776,"differenceTime":-0.006872380152344704,"extra":"cube prefab speed tree material"},{"frame":20,"time":0.01763734221458435,"triangles":41476,"vertices":80222,"batches":3069,"drawCalls":3069,"dynamicBatches":0,"frameTime":0.01759767346084118,"renderTime":0.0065101198852062229,"instancedBatches":0,"shadowCasters":1196,"staticBatches":0,"dynamicBatchedDrawCalls":0,"combinedTime":0.0241077933460474,"differenceTime":-0.006470451131463051,"extra":"cube prefab speed tree material"},{"frame":21,"time":0.009503666311502457,"triangles":41476,"vertices":80222,"batches":3069,"drawCalls":3069,"dynamicBatches":0,"frameTime":0.009536456316709519,"renderTime":0.006351076997816563,"instancedBatches":0,"shadowCasters":1196,"staticBatches":0,"dynamicBatchedDrawCalls":0,"combinedTime":0.015887532383203508,"differenceTime":-0.00638386607170105,"extra":"cube prefab speed tree material"},{"frame":22,"time":0.0108767319470644,"triangles":41476,"vertices":80222,"batches":3069,"drawCalls":3069,"dynamicBatches":0,"frameTime":0.01086276862770319,"renderTime":0.007438440807163715,"instancedBatches":0,"shadowCasters":1196,"staticBatches":0,"dynamicBatchedDrawCalls":0,"combinedTime":0.018301209434866906,"differenceTime":-0.0074244774878025059,"extra":"cube prefab speed tree material"},{"frame":23,"time":0.009582080878317356,"triangles":41476,"vertices":80222,"batches":3069,"drawCalls":3069,"dynamicBatches":0,"frameTime":0.009544065222144127,"renderTime":0.006415357813239098,"instancedBatches":0,"shadowCasters":1196,"staticBatches":0,"dynamicBatchedDrawCalls":0,"combinedTime":0.015959423035383226,"differenceTime":-0.006377342157065868,"extra":"cube prefab speed tree material"},{"frame":24,"time":0.01030370220541954,"triangles":41476,"vertices":80222,"batches":3069,"drawCalls":3069,"dynamicBatches":0,"frameTime":0.010304336436092854,"renderTime":0.007337187882512808,"instancedBatches":0,"shadowCasters":1196,"staticBatches":0,"dynamicBatchedDrawCalls":0,"combinedTime":0.017641523852944375,"differenceTime":-0.007337821647524834,"extra":"cube prefab speed tree material"},{"frame":25,"time":0.009110641665756703,"triangles":41476,"vertices":80222,"batches":3069,"drawCalls":3069,"dynamicBatches":0,"frameTime":0.009129533544182778,"renderTime":0.006514979060739279,"instancedBatches":0,"shadowCasters":1196,"staticBatches":0,"dynamicBatchedDrawCalls":0,"combinedTime":0.015644513070583345,"differenceTime":-0.006533871404826641,"extra":"cube prefab speed tree material"},{"frame":26,"time":0.01129070296883583,"triangles":41476,"vertices":80222,"batches":3069,"drawCalls":3069,"dynamicBatches":0,"frameTime":0.011289806105196476,"renderTime":0.006627803202718496,"instancedBatches":0,"shadowCasters":1196,"staticBatches":0,"dynamicBatchedDrawCalls":0,"combinedTime":0.017917608842253686,"differenceTime":-0.006626905873417854,"extra":"cube prefab speed tree material"},{"frame":27,"time":0.009628217667341233,"triangles":41476,"vertices":80222,"batches":3069,"drawCalls":3069,"dynamicBatches":0,"frameTime":0.009627201594412327,"renderTime":0.006400282960385084,"instancedBatches":0,"shadowCasters":1196,"staticBatches":0,"dynamicBatchedDrawCalls":0,"combinedTime":0.016027484089136125,"differenceTime":-0.006399266421794891,"extra":"cube prefab speed tree material"},{"frame":28,"time":0.010701923631131649,"triangles":41476,"vertices":80222,"batches":3069,"drawCalls":3069,"dynamicBatches":0,"frameTime":0.010700329206883908,"renderTime":0.007531291805207729,"instancedBatches":0,"shadowCasters":1196,"staticBatches":0,"dynamicBatchedDrawCalls":0,"combinedTime":0.018231621012091638,"differenceTime":-0.007529697380959988,"extra":"cube prefab speed tree material"},{"frame":29,"time":0.009994237683713436,"triangles":41476,"vertices":80222,"batches":3069,"drawCalls":3069,"dynamicBatches":0,"frameTime":0.009995351545512677,"renderTime":0.006731254979968071,"instancedBatches":0,"shadowCasters":1196,"staticBatches":0,"dynamicBatchedDrawCalls":0,"combinedTime":0.016726605594158174,"differenceTime":-0.0067323679104447369,"extra":"cube prefab speed tree material"},{"frame":30,"time":0.010965690948069096,"triangles":41476,"vertices":80222,"batches":3069,"drawCalls":3069,"dynamicBatches":0,"frameTime":0.011013687588274479,"renderTime":0.0076441578567028049,"instancedBatches":0,"shadowCasters":1196,"staticBatches":0,"dynamicBatchedDrawCalls":0,"combinedTime":0.01865784451365471,"differenceTime":-0.007692153565585613,"extra":"cube prefab speed tree material"},{"frame":31,"time":0.011618643999099732,"triangles":41476,"vertices":80222,"batches":3069,"drawCalls":3069,"dynamicBatches":0,"frameTime":0.011574976146221161,"renderTime":0.007646752055734396,"instancedBatches":0,"shadowCasters":1196,"staticBatches":0,"dynamicBatchedDrawCalls":0,"combinedTime":0.019221728667616845,"differenceTime":-0.007603084668517113,"extra":"cube prefab speed tree material"},{"frame":32,"time":0.011802304536104203,"triangles":41476,"vertices":80222,"batches":3069,"drawCalls":3069,"dynamicBatches":0,"frameTime":0.011791463941335678,"renderTime":0.00797136127948761,"instancedBatches":0,"shadowCasters":1196,"staticBatches":0,"dynamicBatchedDrawCalls":0,"combinedTime":0.019762825220823289,"differenceTime":-0.007960520684719086,"extra":"cube prefab speed tree material"},{"frame":33,"time":0.012111762538552285,"triangles":41476,"vertices":80222,"batches":3069,"drawCalls":3069,"dynamicBatches":0,"frameTime":0.012137048877775669,"renderTime":0.007534971926361322,"instancedBatches":0,"shadowCasters":1196,"staticBatches":0,"dynamicBatchedDrawCalls":0,"combinedTime":0.01967202126979828,"differenceTime":-0.007560258731245995,"extra":"cube prefab speed tree material"},{"frame":34,"time":0.016742270439863206,"triangles":41476,"vertices":80222,"batches":3069,"drawCalls":3069,"dynamicBatches":0,"frameTime":0.016705432906746866,"renderTime":0.006648829206824303,"instancedBatches":0,"shadowCasters":1196,"staticBatches":0,"dynamicBatchedDrawCalls":0,"combinedTime":0.023354262113571168,"differenceTime":-0.006611991673707962,"extra":"cube prefab speed tree material"},{"frame":35,"time":0.011570198461413384,"triangles":41476,"vertices":80222,"batches":3069,"drawCalls":3069,"dynamicBatches":0,"frameTime":0.01156027615070343,"renderTime":0.007607121951878071,"instancedBatches":0,"shadowCasters":1196,"staticBatches":0,"dynamicBatchedDrawCalls":0,"combinedTime":0.019167397171258928,"differenceTime":-0.007597198709845543,"extra":"cube prefab speed tree material"},{"frame":36,"time":0.013587001711130143,"triangles":41476,"vertices":80222,"batches":3069,"drawCalls":3069,"dynamicBatches":0,"frameTime":0.013620579615235329,"renderTime":0.009238215163350106,"instancedBatches":0,"shadowCasters":1196,"staticBatches":0,"dynamicBatchedDrawCalls":0,"combinedTime":0.022858794778585435,"differenceTime":-0.009271793067455292,"extra":"cube prefab speed tree material"},{"frame":37,"time":0.01144221518188715,"triangles":41476,"vertices":80222,"batches":3069,"drawCalls":3069,"dynamicBatches":0,"frameTime":0.011438390240073204,"renderTime":0.0074762338772416119,"instancedBatches":0,"shadowCasters":1196,"staticBatches":0,"dynamicBatchedDrawCalls":0,"combinedTime":0.01891462504863739,"differenceTime":-0.00747240986675024,"extra":"cube prefab speed tree material"},{"frame":38,"time":0.013874617405235768,"triangles":41476,"vertices":80222,"batches":3069,"drawCalls":3069,"dynamicBatches":0,"frameTime":0.013880602084100247,"renderTime":0.009986139833927155,"instancedBatches":0,"shadowCasters":1196,"staticBatches":0,"dynamicBatchedDrawCalls":0,"combinedTime":0.023866742849349977,"differenceTime":-0.009992125444114209,"extra":"cube prefab speed tree material"},{"frame":39,"time":0.01052875630557537,"triangles":41476,"vertices":80222,"batches":3069,"drawCalls":3069,"dynamicBatches":0,"frameTime":0.010518694296479226,"renderTime":0.007186802104115486,"instancedBatches":0,"shadowCasters":1196,"staticBatches":0,"dynamicBatchedDrawCalls":0,"combinedTime":0.01770549640059471,"differenceTime":-0.0071767400950193409,"extra":"cube prefab speed tree material"},{"frame":40,"time":0.009286305867135525,"triangles":41476,"vertices":80222,"batches":3069,"drawCalls":3069,"dynamicBatches":0,"frameTime":0.009286874905228615,"renderTime":0.0063625420443713669,"instancedBatches":0,"shadowCasters":1196,"staticBatches":0,"dynamicBatchedDrawCalls":0,"combinedTime":0.01564941741526127,"differenceTime":-0.006363111548125744,"extra":"cube prefab speed tree material"},{"frame":41,"time":0.009633220732212067,"triangles":41476,"vertices":80222,"batches":3069,"drawCalls":3069,"dynamicBatches":0,"frameTime":0.009636386297643185,"renderTime":0.006664562970399857,"instancedBatches":0,"shadowCasters":1196,"staticBatches":0,"dynamicBatchedDrawCalls":0,"combinedTime":0.016300950199365617,"differenceTime":-0.006667729467153549,"extra":"cube prefab speed tree material"},{"frame":42,"time":0.009101198986172676,"triangles":41476,"vertices":80222,"batches":3069,"drawCalls":3069,"dynamicBatches":0,"frameTime":0.009105220437049866,"renderTime":0.006222472991794348,"instancedBatches":0,"shadowCasters":1196,"staticBatches":0,"dynamicBatchedDrawCalls":0,"combinedTime":0.0153276938945055,"differenceTime":-0.006226494908332825,"extra":"cube prefab speed tree material"},{"frame":43,"time":0.009991900995373726,"triangles":41476,"vertices":80222,"batches":3069,"drawCalls":3069,"dynamicBatches":0,"frameTime":0.009989221580326558,"renderTime":0.006620378233492374,"instancedBatches":0,"shadowCasters":1196,"staticBatches":0,"dynamicBatchedDrawCalls":0,"combinedTime":0.01660959981381893,"differenceTime":-0.006617698818445206,"extra":"cube prefab speed tree material"},{"frame":44,"time":0.009118985384702683,"triangles":41476,"vertices":80222,"batches":3069,"drawCalls":3069,"dynamicBatches":0,"frameTime":0.009115331806242466,"renderTime":0.006257457192987204,"instancedBatches":0,"shadowCasters":1196,"staticBatches":0,"dynamicBatchedDrawCalls":0,"combinedTime":0.015372788533568383,"differenceTime":-0.0062538031488657,"extra":"cube prefab speed tree material"},{"frame":45,"time":0.009679454378783703,"triangles":41476,"vertices":80222,"batches":3069,"drawCalls":3069,"dynamicBatches":0,"frameTime":0.009682643227279187,"renderTime":0.006633855868130922,"instancedBatches":0,"shadowCasters":1196,"staticBatches":0,"dynamicBatchedDrawCalls":0,"combinedTime":0.016316499561071397,"differenceTime":-0.006637045182287693,"extra":"cube prefab speed tree material"},{"frame":46,"time":0.009262071922421456,"triangles":41476,"vertices":80222,"batches":3069,"drawCalls":3069,"dynamicBatches":0,"frameTime":0.009264770895242691,"renderTime":0.0064555141143500809,"instancedBatches":0,"shadowCasters":1196,"staticBatches":0,"dynamicBatchedDrawCalls":0,"combinedTime":0.01572028547525406,"differenceTime":-0.0064582135528326038,"extra":"cube prefab speed tree material"},{"frame":47,"time":0.00936408992856741,"triangles":41476,"vertices":80222,"batches":3069,"drawCalls":3069,"dynamicBatches":0,"frameTime":0.009379538707435131,"renderTime":0.006430183071643114,"instancedBatches":0,"shadowCasters":1196,"staticBatches":0,"dynamicBatchedDrawCalls":0,"combinedTime":0.015809722244739534,"differenceTime":-0.006445632316172123,"extra":"cube prefab speed tree material"},{"frame":48,"time":0.015272485092282296,"triangles":41476,"vertices":80222,"batches":3069,"drawCalls":3069,"dynamicBatches":0,"frameTime":0.015252381563186646,"renderTime":0.006452383007854223,"instancedBatches":0,"shadowCasters":1196,"staticBatches":0,"dynamicBatchedDrawCalls":0,"combinedTime":0.021704765036702157,"differenceTime":-0.006432279944419861,"extra":"cube prefab speed tree material"},{"frame":49,"time":0.009211787022650242,"triangles":41476,"vertices":80222,"batches":3069,"drawCalls":3069,"dynamicBatches":0,"frameTime":0.009210173971951008,"renderTime":0.006438388954848051,"instancedBatches":0,"shadowCasters":1196,"staticBatches":0,"dynamicBatchedDrawCalls":0,"combinedTime":0.01564856246113777,"differenceTime":-0.00643677543848753,"extra":"cube prefab speed tree material"},{"frame":50,"time":0.009811031632125378,"triangles":41476,"vertices":80222,"batches":3069,"drawCalls":3069,"dynamicBatches":0,"frameTime":0.009813842363655568,"renderTime":0.0066731651313602928,"instancedBatches":0,"shadowCasters":1196,"staticBatches":0,"dynamicBatchedDrawCalls":0,"combinedTime":0.016487007960677148,"differenceTime":-0.006675976328551769,"extra":"cube prefab speed tree material"},{"frame":51,"time":0.009705660864710808,"triangles":41476,"vertices":80222,"batches":3069,"drawCalls":3069,"dynamicBatches":0,"frameTime":0.00970796961337328,"renderTime":0.0065490310080349449,"instancedBatches":0,"shadowCasters":1196,"staticBatches":0,"dynamicBatchedDrawCalls":0,"combinedTime":0.01625700108706951,"differenceTime":-0.006551340222358704,"extra":"cube prefab speed tree material"},{"frame":52,"time":0.00860495213419199,"triangles":41476,"vertices":80222,"batches":3069,"drawCalls":3069,"dynamicBatches":0,"frameTime":0.008603201247751713,"renderTime":0.006021317094564438,"instancedBatches":0,"shadowCasters":1196,"staticBatches":0,"dynamicBatchedDrawCalls":0,"combinedTime":0.01462451834231615,"differenceTime":-0.006019566208124161,"extra":"cube prefab speed tree material"},{"frame":53,"time":0.00928290281444788,"triangles":41476,"vertices":80222,"batches":3069,"drawCalls":3069,"dynamicBatches":0,"frameTime":0.00928230956196785,"renderTime":0.006584996823221445,"instancedBatches":0,"shadowCasters":1196,"staticBatches":0,"dynamicBatchedDrawCalls":0,"combinedTime":0.015867305919528009,"differenceTime":-0.006584403105080128,"extra":"cube prefab speed tree material"},{"frame":54,"time":0.009255090728402138,"triangles":41476,"vertices":80222,"batches":3069,"drawCalls":3069,"dynamicBatches":0,"frameTime":0.009252284653484822,"renderTime":0.006453714799135923,"instancedBatches":0,"shadowCasters":1196,"staticBatches":0,"dynamicBatchedDrawCalls":0,"combinedTime":0.015705998986959459,"differenceTime":-0.00645090825855732,"extra":"cube prefab speed tree material"},{"frame":55,"time":0.00928930938243866,"triangles":41476,"vertices":80222,"batches":3069,"drawCalls":3069,"dynamicBatches":0,"frameTime":0.00929136574268341,"renderTime":0.0064657218754291538,"instancedBatches":0,"shadowCasters":1196,"staticBatches":0,"dynamicBatchedDrawCalls":0,"combinedTime":0.015757087618112565,"differenceTime":-0.006467778235673904,"extra":"cube prefab speed tree material"},{"frame":56,"time":0.008616349659860134,"triangles":41476,"vertices":80222,"batches":3069,"drawCalls":3069,"dynamicBatches":0,"frameTime":0.008615816943347454,"renderTime":0.006104961037635803,"instancedBatches":0,"shadowCasters":1196,"staticBatches":0,"dynamicBatchedDrawCalls":0,"combinedTime":0.014720777980983258,"differenceTime":-0.006104428321123123,"extra":"cube prefab speed tree material"},{"frame":57,"time":0.008874574676156044,"triangles":41476,"vertices":80222,"batches":3069,"drawCalls":3069,"dynamicBatches":0,"frameTime":0.008913346566259861,"renderTime":0.006381098181009293,"instancedBatches":0,"shadowCasters":1196,"staticBatches":0,"dynamicBatchedDrawCalls":0,"combinedTime":0.015294444747269154,"differenceTime":-0.00641987007111311,"extra":"cube prefab speed tree material"},{"frame":58,"time":0.009135706350207329,"triangles":41476,"vertices":80222,"batches":3069,"drawCalls":3069,"dynamicBatches":0,"frameTime":0.009095295332372189,"renderTime":0.006478656083345413,"instancedBatches":0,"shadowCasters":1196,"staticBatches":0,"dynamicBatchedDrawCalls":0,"combinedTime":0.015573951415717602,"differenceTime":-0.006438245065510273,"extra":"cube prefab speed tree material"},{"frame":59,"time":0.009054074995219708,"triangles":41476,"vertices":80222,"batches":3069,"drawCalls":3069,"dynamicBatches":0,"frameTime":0.009080208837985993,"renderTime":0.006150899920612574,"instancedBatches":0,"shadowCasters":1196,"staticBatches":0,"dynamicBatchedDrawCalls":0,"combinedTime":0.015231108292937279,"differenceTime":-0.006177033297717571,"extra":"cube prefab speed tree material"},{"frame":60,"time":0.009231491945683957,"triangles":41476,"vertices":80222,"batches":3069,"drawCalls":3069,"dynamicBatches":0,"frameTime":0.009197583422064782,"renderTime":0.006576978135854006,"instancedBatches":0,"shadowCasters":1196,"staticBatches":0,"dynamicBatchedDrawCalls":0,"combinedTime":0.0157745610922575,"differenceTime":-0.0065430691465735439,"extra":"cube prefab speed tree material"},{"frame":61,"time":0.008891777135431767,"triangles":41476,"vertices":80222,"batches":3069,"drawCalls":3069,"dynamicBatches":0,"frameTime":0.008903540670871735,"renderTime":0.006186211947351694,"instancedBatches":0,"shadowCasters":1196,"staticBatches":0,"dynamicBatchedDrawCalls":0,"combinedTime":0.015089752152562142,"differenceTime":-0.006197975017130375,"extra":"cube prefab speed tree material"},{"frame":62,"time":0.009264013729989529,"triangles":41476,"vertices":80222,"batches":3069,"drawCalls":3069,"dynamicBatches":0,"frameTime":0.009264684282243252,"renderTime":0.006551011931151152,"instancedBatches":0,"shadowCasters":1196,"staticBatches":0,"dynamicBatchedDrawCalls":0,"combinedTime":0.015815695747733117,"differenceTime":-0.0065516820177435879,"extra":"cube prefab speed tree material"},{"frame":63,"time":0.008733325637876988,"triangles":41476,"vertices":80222,"batches":3069,"drawCalls":3069,"dynamicBatches":0,"frameTime":0.008744725026190281,"renderTime":0.006073043216019869,"instancedBatches":0,"shadowCasters":1196,"staticBatches":0,"dynamicBatchedDrawCalls":0,"combinedTime":0.014817768707871437,"differenceTime":-0.00608444306999445,"extra":"cube prefab speed tree material"},{"frame":64,"time":0.01537642814218998,"triangles":41476,"vertices":80222,"batches":3069,"drawCalls":3069,"dynamicBatches":0,"frameTime":0.015359070152044297,"renderTime":0.006512056104838848,"instancedBatches":0,"shadowCasters":1196,"staticBatches":0,"dynamicBatchedDrawCalls":0,"combinedTime":0.02187112718820572,"differenceTime":-0.0064946990460157398,"extra":"cube prefab speed tree material"},{"frame":65,"time":0.008976510725915432,"triangles":41476,"vertices":80222,"batches":3069,"drawCalls":3069,"dynamicBatches":0,"frameTime":0.008981101214885712,"renderTime":0.006242766976356506,"instancedBatches":0,"shadowCasters":1196,"staticBatches":0,"dynamicBatchedDrawCalls":0,"combinedTime":0.015223868191242218,"differenceTime":-0.006247357465326786,"extra":"cube prefab speed tree material"},{"frame":66,"time":0.009153295308351517,"triangles":41476,"vertices":80222,"batches":3069,"drawCalls":3069,"dynamicBatches":0,"frameTime":0.009139242582023144,"renderTime":0.006292061880230904,"instancedBatches":0,"shadowCasters":1196,"staticBatches":0,"dynamicBatchedDrawCalls":0,"combinedTime":0.015431304462254048,"differenceTime":-0.006278009153902531,"extra":"cube prefab speed tree material"},{"frame":67,"time":0.009041220881044865,"triangles":41476,"vertices":80222,"batches":3069,"drawCalls":3069,"dynamicBatches":0,"frameTime":0.009052721783518792,"renderTime":0.006364517845213413,"instancedBatches":0,"shadowCasters":1196,"staticBatches":0,"dynamicBatchedDrawCalls":0,"combinedTime":0.015417239628732205,"differenceTime":-0.00637601874768734,"extra":"cube prefab speed tree material"},{"frame":68,"time":0.008935045450925827,"triangles":41476,"vertices":80222,"batches":3069,"drawCalls":3069,"dynamicBatches":0,"frameTime":0.008924397639930249,"renderTime":0.006309686228632927,"instancedBatches":0,"shadowCasters":1196,"staticBatches":0,"dynamicBatchedDrawCalls":0,"combinedTime":0.015234083868563176,"differenceTime":-0.006299038417637348,"extra":"cube prefab speed tree material"},{"frame":69,"time":0.00903582014143467,"triangles":41476,"vertices":80222,"batches":3069,"drawCalls":3069,"dynamicBatches":0,"frameTime":0.009048590436577797,"renderTime":0.006357461214065552,"instancedBatches":0,"shadowCasters":1196,"staticBatches":0,"dynamicBatchedDrawCalls":0,"combinedTime":0.015406051650643349,"differenceTime":-0.006370231509208679,"extra":"cube prefab speed tree material"},{"frame":70,"time":0.009075330570340157,"triangles":41476,"vertices":80222,"batches":3069,"drawCalls":3069,"dynamicBatches":0,"frameTime":0.009076005779206753,"renderTime":0.006439570803195238,"instancedBatches":0,"shadowCasters":1196,"staticBatches":0,"dynamicBatchedDrawCalls":0,"combinedTime":0.015515577048063279,"differenceTime":-0.006440246477723122,"extra":"cube prefab speed tree material"},{"frame":71,"time":0.008840923197567463,"triangles":41476,"vertices":80222,"batches":3069,"drawCalls":3069,"dynamicBatches":0,"frameTime":0.008844026364386082,"renderTime":0.006119939964264631,"instancedBatches":0,"shadowCasters":1196,"staticBatches":0,"dynamicBatchedDrawCalls":0,"combinedTime":0.014963965862989426,"differenceTime":-0.006123042665421963,"extra":"cube prefab speed tree material"},{"frame":72,"time":0.009020389057695866,"triangles":41476,"vertices":80222,"batches":3069,"drawCalls":3069,"dynamicBatches":0,"frameTime":0.009016657248139382,"renderTime":0.006278960034251213,"instancedBatches":0,"shadowCasters":1196,"staticBatches":0,"dynamicBatchedDrawCalls":0,"combinedTime":0.015295617282390595,"differenceTime":-0.006275228224694729,"extra":"cube prefab speed tree material"},{"frame":73,"time":0.008861818350851536,"triangles":41476,"vertices":80222,"batches":3069,"drawCalls":3069,"dynamicBatches":0,"frameTime":0.008861984126269818,"renderTime":0.006187207065522671,"instancedBatches":0,"shadowCasters":1196,"staticBatches":0,"dynamicBatchedDrawCalls":0,"combinedTime":0.015049191191792488,"differenceTime":-0.006187372840940952,"extra":"cube prefab speed tree material"},{"frame":74,"time":0.008934931829571724,"triangles":41476,"vertices":80222,"batches":3069,"drawCalls":3069,"dynamicBatches":0,"frameTime":0.008934874087572098,"renderTime":0.0061739408411085609,"instancedBatches":0,"shadowCasters":1196,"staticBatches":0,"dynamicBatchedDrawCalls":0,"combinedTime":0.015108814463019371,"differenceTime":-0.006173882633447647,"extra":"cube prefab speed tree material"},{"frame":75,"time":0.009205209091305733,"triangles":41476,"vertices":80222,"batches":3069,"drawCalls":3069,"dynamicBatches":0,"frameTime":0.009221411310136319,"renderTime":0.006453209090977907,"instancedBatches":0,"shadowCasters":1196,"staticBatches":0,"dynamicBatchedDrawCalls":0,"combinedTime":0.015674620866775514,"differenceTime":-0.00646941177546978,"extra":"cube prefab speed tree material"},{"frame":76,"time":0.009113151580095292,"triangles":41476,"vertices":80222,"batches":3069,"drawCalls":3069,"dynamicBatches":0,"frameTime":0.009102948941290379,"renderTime":0.006446760147809982,"instancedBatches":0,"shadowCasters":1196,"staticBatches":0,"dynamicBatchedDrawCalls":0,"combinedTime":0.015549709089100361,"differenceTime":-0.00643655750900507,"extra":"cube prefab speed tree material"},{"frame":77,"time":0.008989591151475907,"triangles":41476,"vertices":80222,"batches":3069,"drawCalls":3069,"dynamicBatches":0,"frameTime":0.009002824313938618,"renderTime":0.00628217589110136,"instancedBatches":0,"shadowCasters":1196,"staticBatches":0,"dynamicBatchedDrawCalls":0,"combinedTime":0.015285000205039978,"differenceTime":-0.006295409053564072,"extra":"cube prefab speed tree material"},{"frame":78,"time":0.00901105161756277,"triangles":41476,"vertices":80222,"batches":3069,"drawCalls":3069,"dynamicBatches":0,"frameTime":0.008991045877337456,"renderTime":0.006213704124093056,"instancedBatches":0,"shadowCasters":1196,"staticBatches":0,"dynamicBatchedDrawCalls":0,"combinedTime":0.015204750001430512,"differenceTime":-0.006193698383867741,"extra":"cube prefab speed tree material"},{"frame":79,"time":0.00881021935492754,"triangles":41476,"vertices":80222,"batches":3069,"drawCalls":3069,"dynamicBatches":0,"frameTime":0.008820504881441594,"renderTime":0.006230982020497322,"instancedBatches":0,"shadowCasters":1196,"staticBatches":0,"dynamicBatchedDrawCalls":0,"combinedTime":0.015051486901938916,"differenceTime":-0.006241267547011375,"extra":"cube prefab speed tree material"},{"frame":80,"time":0.015256142243742943,"triangles":41476,"vertices":80222,"batches":3069,"drawCalls":3069,"dynamicBatches":0,"frameTime":0.015244865790009499,"renderTime":0.006208564154803753,"instancedBatches":0,"shadowCasters":1196,"staticBatches":0,"dynamicBatchedDrawCalls":0,"combinedTime":0.021453429013490678,"differenceTime":-0.006197286769747734,"extra":"cube prefab speed tree material"},{"frame":81,"time":0.00902398582547903,"triangles":41476,"vertices":80222,"batches":3069,"drawCalls":3069,"dynamicBatches":0,"frameTime":0.00902612041682005,"renderTime":0.006371561903506517,"instancedBatches":0,"shadowCasters":1196,"staticBatches":0,"dynamicBatchedDrawCalls":0,"combinedTime":0.015397682785987854,"differenceTime":-0.006373696960508823,"extra":"cube prefab speed tree material"},{"frame":82,"time":0.009037360548973084,"triangles":41476,"vertices":80222,"batches":3069,"drawCalls":3069,"dynamicBatches":0,"frameTime":0.009046830236911774,"renderTime":0.00630519213154912,"instancedBatches":0,"shadowCasters":1196,"staticBatches":0,"dynamicBatchedDrawCalls":0,"combinedTime":0.015352021902799607,"differenceTime":-0.006314661353826523,"extra":"cube prefab speed tree material"},{"frame":83,"time":0.009364141151309014,"triangles":41476,"vertices":80222,"batches":3069,"drawCalls":3069,"dynamicBatches":0,"frameTime":0.009352512657642365,"renderTime":0.006516849156469107,"instancedBatches":0,"shadowCasters":1196,"staticBatches":0,"dynamicBatchedDrawCalls":0,"combinedTime":0.01586936227977276,"differenceTime":-0.006505221128463745,"extra":"cube prefab speed tree material"},{"frame":84,"time":0.008921434171497822,"triangles":41476,"vertices":80222,"batches":3069,"drawCalls":3069,"dynamicBatches":0,"frameTime":0.008918076753616333,"renderTime":0.006221035961061716,"instancedBatches":0,"shadowCasters":1196,"staticBatches":0,"dynamicBatchedDrawCalls":0,"combinedTime":0.015139112249016762,"differenceTime":-0.00621767807751894,"extra":"cube prefab speed tree material"},{"frame":85,"time":0.009195776656270028,"triangles":41476,"vertices":80222,"batches":3069,"drawCalls":3069,"dynamicBatches":0,"frameTime":0.009202150627970696,"renderTime":0.006507460959255695,"instancedBatches":0,"shadowCasters":1196,"staticBatches":0,"dynamicBatchedDrawCalls":0,"combinedTime":0.015709612518548967,"differenceTime":-0.006513835862278938,"extra":"cube prefab speed tree material"},{"frame":86,"time":0.009242895059287548,"triangles":41476,"vertices":80222,"batches":3069,"drawCalls":3069,"dynamicBatches":0,"frameTime":0.009236371144652367,"renderTime":0.00645994720980525,"instancedBatches":0,"shadowCasters":1196,"staticBatches":0,"dynamicBatchedDrawCalls":0,"combinedTime":0.015696318820118905,"differenceTime":-0.006453423760831356,"extra":"cube prefab speed tree material"},{"frame":87,"time":0.009340202435851097,"triangles":41476,"vertices":80222,"batches":3069,"drawCalls":3069,"dynamicBatches":0,"frameTime":0.009342043660581112,"renderTime":0.00659113097935915,"instancedBatches":0,"shadowCasters":1196,"staticBatches":0,"dynamicBatchedDrawCalls":0,"combinedTime":0.015933174639940263,"differenceTime":-0.006592972204089165,"extra":"cube prefab speed tree material"},{"frame":88,"time":0.008928962983191014,"triangles":41476,"vertices":80222,"batches":3069,"drawCalls":3069,"dynamicBatches":0,"frameTime":0.008931845426559449,"renderTime":0.006298554129898548,"instancedBatches":0,"shadowCasters":1196,"staticBatches":0,"dynamicBatchedDrawCalls":0,"combinedTime":0.015230399556457997,"differenceTime":-0.006301436573266983,"extra":"cube prefab speed tree material"},{"frame":89,"time":0.009769229218363762,"triangles":41476,"vertices":80222,"batches":3069,"drawCalls":3069,"dynamicBatches":0,"frameTime":0.009783073328435421,"renderTime":0.0065268781036138538,"instancedBatches":0,"shadowCasters":1196,"staticBatches":0,"dynamicBatchedDrawCalls":0,"combinedTime":0.0163099505007267,"differenceTime":-0.006540721282362938,"extra":"cube prefab speed tree material"},{"frame":90,"time":0.009401842020452023,"triangles":41476,"vertices":80222,"batches":3069,"drawCalls":3069,"dynamicBatches":0,"frameTime":0.009386759251356125,"renderTime":0.006480832118541002,"instancedBatches":0,"shadowCasters":1196,"staticBatches":0,"dynamicBatchedDrawCalls":0,"combinedTime":0.01586759090423584,"differenceTime":-0.006465748883783817,"extra":"cube prefab speed tree material"},{"frame":91,"time":0.008712170645594597,"triangles":41476,"vertices":80222,"batches":3069,"drawCalls":3069,"dynamicBatches":0,"frameTime":0.008696449920535088,"renderTime":0.00616708816960454,"instancedBatches":0,"shadowCasters":1196,"staticBatches":0,"dynamicBatchedDrawCalls":0,"combinedTime":0.01486353762447834,"differenceTime":-0.006151366978883743,"extra":"cube prefab speed tree material"},{"frame":92,"time":0.010979688726365567,"triangles":41476,"vertices":80222,"batches":3069,"drawCalls":3069,"dynamicBatches":0,"frameTime":0.010999193415045739,"renderTime":0.007679590955376625,"instancedBatches":0,"shadowCasters":1196,"staticBatches":0,"dynamicBatchedDrawCalls":0,"combinedTime":0.018678784370422365,"differenceTime":-0.007699095644056797,"extra":"cube prefab speed tree material"},{"frame":93,"time":0.009272093884646893,"triangles":41476,"vertices":80222,"batches":3069,"drawCalls":3069,"dynamicBatches":0,"frameTime":0.00924760103225708,"renderTime":0.006658155005425215,"instancedBatches":0,"shadowCasters":1196,"staticBatches":0,"dynamicBatchedDrawCalls":0,"combinedTime":0.015905756503343583,"differenceTime":-0.00663366261869669,"extra":"cube prefab speed tree material"},{"frame":94,"time":0.011278003454208374,"triangles":41476,"vertices":80222,"batches":3069,"drawCalls":3069,"dynamicBatches":0,"frameTime":0.011298377066850663,"renderTime":0.00767325796186924,"instancedBatches":0,"shadowCasters":1196,"staticBatches":0,"dynamicBatchedDrawCalls":0,"combinedTime":0.018971635028719903,"differenceTime":-0.007693631574511528,"extra":"cube prefab speed tree material"},{"frame":95,"time":0.011197579093277455,"triangles":41476,"vertices":80222,"batches":3069,"drawCalls":3069,"dynamicBatches":0,"frameTime":0.01121167466044426,"renderTime":0.0075252060778439049,"instancedBatches":0,"shadowCasters":1196,"staticBatches":0,"dynamicBatchedDrawCalls":0,"combinedTime":0.018736880272626878,"differenceTime":-0.0075393011793494228,"extra":"cube prefab speed tree material"},{"frame":96,"time":0.018177494406700136,"triangles":41476,"vertices":80222,"batches":3069,"drawCalls":3069,"dynamicBatches":0,"frameTime":0.01816875860095024,"renderTime":0.008064771071076393,"instancedBatches":0,"shadowCasters":1196,"staticBatches":0,"dynamicBatchedDrawCalls":0,"combinedTime":0.026233529672026635,"differenceTime":-0.0080560352653265,"extra":"cube prefab speed tree material"},{"frame":97,"time":0.00953928753733635,"triangles":41476,"vertices":80222,"batches":3069,"drawCalls":3069,"dynamicBatches":0,"frameTime":0.009538640268146992,"renderTime":0.006463884841650724,"instancedBatches":0,"shadowCasters":1196,"staticBatches":0,"dynamicBatchedDrawCalls":0,"combinedTime":0.01600252464413643,"differenceTime":-0.006463237106800079,"extra":"cube prefab speed tree material"},{"frame":98,"time":0.010185524821281433,"triangles":41476,"vertices":80222,"batches":3069,"drawCalls":3069,"dynamicBatches":0,"frameTime":0.010188953019678593,"renderTime":0.006351349875330925,"instancedBatches":0,"shadowCasters":1196,"staticBatches":0,"dynamicBatchedDrawCalls":0,"combinedTime":0.016540303826332094,"differenceTime":-0.006354779005050659,"extra":"cube prefab speed tree material"},{"frame":99,"time":0.009653160348534584,"triangles":41476,"vertices":80222,"batches":3069,"drawCalls":3069,"dynamicBatches":0,"frameTime":0.009653155691921711,"renderTime":0.00667128199711442,"instancedBatches":0,"shadowCasters":1196,"staticBatches":0,"dynamicBatchedDrawCalls":0,"combinedTime":0.016324438154697419,"differenceTime":-0.006671277806162834,"extra":"cube prefab speed tree material"},{"frame":100,"time":0.009732061997056008,"triangles":41476,"vertices":80222,"batches":3069,"drawCalls":3069,"dynamicBatches":0,"frameTime":0.009725994430482388,"renderTime":0.006473341025412083,"instancedBatches":0,"shadowCasters":1196,"staticBatches":0,"dynamicBatchedDrawCalls":0,"combinedTime":0.01619933545589447,"differenceTime":-0.006467273458838463,"extra":"cube prefab speed tree material"}]}