{"data":[{"frame":1,"time":0.019999999552965165,"triangles":62534020,"vertices":89019734,"batches":8577,"drawCalls":8577,"dynamicBatches":0,"frameTime":0.49553683400154116,"renderTime":0.01589488424360752,"instancedBatches":0,"shadowCasters":4580,"staticBatches":0,"dynamicBatchedDrawCalls":0,"combinedTime":0.5114316940307617,"differenceTime":-0.49143168330192568,"extra":"regular tree static"},{"frame":2,"time":0.019999999552965165,"triangles":62534020,"vertices":89019734,"batches":8577,"drawCalls":8577,"dynamicBatches":0,"frameTime":0.49553683400154116,"renderTime":0.01589488424360752,"instancedBatches":0,"shadowCasters":4580,"staticBatches":0,"dynamicBatchedDrawCalls":0,"combinedTime":0.5114316940307617,"differenceTime":-0.49143168330192568,"extra":"regular tree static"},{"frame":3,"time":0.3333333432674408,"triangles":62534024,"vertices":89019742,"batches":8579,"drawCalls":8579,"dynamicBatches":0,"frameTime":4.121114253997803,"renderTime":-26874.626953125,"instancedBatches":0,"shadowCasters":4580,"staticBatches":0,"dynamicBatchedDrawCalls":0,"combinedTime":-26870.505859375,"differenceTime":26870.83984375,"extra":"regular tree static"},{"frame":4,"time":0.044971615076065066,"triangles":62534024,"vertices":89019742,"batches":8579,"drawCalls":8579,"dynamicBatches":0,"frameTime":4.121114253997803,"renderTime":-26874.626953125,"instancedBatches":0,"shadowCasters":4580,"staticBatches":0,"dynamicBatchedDrawCalls":0,"combinedTime":-26870.505859375,"differenceTime":26870.55078125,"extra":"regular tree static"},{"frame":5,"time":0.0933956578373909,"triangles":62534020,"vertices":89019734,"batches":8577,"drawCalls":8577,"dynamicBatches":0,"frameTime":0.028132561594247819,"renderTime":0.014478743076324463,"instancedBatches":0,"shadowCasters":4580,"staticBatches":0,"dynamicBatchedDrawCalls":0,"combinedTime":0.04261130467057228,"differenceTime":0.05078435316681862,"extra":"regular tree static"},{"frame":6,"time":0.0681251659989357,"triangles":62534020,"vertices":89019734,"batches":8577,"drawCalls":8577,"dynamicBatches":0,"frameTime":0.06811390817165375,"renderTime":0.016196204349398614,"instancedBatches":0,"shadowCasters":4580,"staticBatches":0,"dynamicBatchedDrawCalls":0,"combinedTime":0.08431011438369751,"differenceTime":-0.01618494838476181,"extra":"regular tree static"},{"frame":7,"time":0.01664920151233673,"triangles":62534020,"vertices":89019734,"batches":8577,"drawCalls":8577,"dynamicBatches":0,"frameTime":0.06811390817165375,"renderTime":0.016196204349398614,"instancedBatches":0,"shadowCasters":4580,"staticBatches":0,"dynamicBatchedDrawCalls":0,"combinedTime":0.08431011438369751,"differenceTime":-0.06766091287136078,"extra":"regular tree static"},{"frame":8,"time":0.015849245712161065,"triangles":62534020,"vertices":89019734,"batches":8577,"drawCalls":8577,"dynamicBatches":0,"frameTime":0.018306322395801545,"renderTime":0.015258514322340489,"instancedBatches":0,"shadowCasters":4580,"staticBatches":0,"dynamicBatchedDrawCalls":0,"combinedTime":0.03356483578681946,"differenceTime":-0.017715590074658395,"extra":"regular tree static"},{"frame":9,"time":0.0464826375246048,"triangles":62534020,"vertices":89019734,"batches":8577,"drawCalls":8577,"dynamicBatches":0,"frameTime":0.04519215226173401,"renderTime":0.013589196838438511,"instancedBatches":0,"shadowCasters":4580,"staticBatches":0,"dynamicBatchedDrawCalls":0,"combinedTime":0.058781348168849948,"differenceTime":-0.012298710644245148,"extra":"regular tree static"},{"frame":10,"time":0.01754864864051342,"triangles":62534020,"vertices":89019734,"batches":8577,"drawCalls":8577,"dynamicBatches":0,"frameTime":0.017183471471071245,"renderTime":0.014370044693350792,"instancedBatches":0,"shadowCasters":4580,"staticBatches":0,"dynamicBatchedDrawCalls":0,"combinedTime":0.031553514301776889,"differenceTime":-0.014004865661263466,"extra":"regular tree static"},{"frame":11,"time":0.11046777665615082,"triangles":62534020,"vertices":89019734,"batches":8577,"drawCalls":8577,"dynamicBatches":0,"frameTime":0.051904283463954929,"renderTime":0.015255987644195557,"instancedBatches":0,"shadowCasters":4580,"staticBatches":0,"dynamicBatchedDrawCalls":0,"combinedTime":0.06716027110815048,"differenceTime":0.043307505548000339,"extra":"regular tree static"},{"frame":12,"time":0.07664866000413895,"triangles":62534020,"vertices":89019734,"batches":8577,"drawCalls":8577,"dynamicBatches":0,"frameTime":0.135592520236969,"renderTime":0.013789492659270764,"instancedBatches":0,"shadowCasters":4580,"staticBatches":0,"dynamicBatchedDrawCalls":0,"combinedTime":0.14938201010227204,"differenceTime":-0.07273335009813309,"extra":"regular tree static"},{"frame":13,"time":0.1266467422246933,"triangles":62534020,"vertices":89019734,"batches":8577,"drawCalls":8577,"dynamicBatches":0,"frameTime":0.0750647708773613,"renderTime":0.01494227908551693,"instancedBatches":0,"shadowCasters":4580,"staticBatches":0,"dynamicBatchedDrawCalls":0,"combinedTime":0.09000705182552338,"differenceTime":0.03663969039916992,"extra":"regular tree static"},{"frame":14,"time":0.018940065056085588,"triangles":62534020,"vertices":89019734,"batches":8577,"drawCalls":8577,"dynamicBatches":0,"frameTime":0.0750647708773613,"renderTime":0.01494227908551693,"instancedBatches":0,"shadowCasters":4580,"staticBatches":0,"dynamicBatchedDrawCalls":0,"combinedTime":0.09000705182552338,"differenceTime":-0.07106699049472809,"extra":"regular tree static"},{"frame":15,"time":0.05770900845527649,"triangles":62534020,"vertices":89019734,"batches":8577,"drawCalls":8577,"dynamicBatches":0,"frameTime":0.06200561672449112,"renderTime":0.01726030372083187,"instancedBatches":0,"shadowCasters":4580,"staticBatches":0,"dynamicBatchedDrawCalls":0,"combinedTime":0.07926592230796814,"differenceTime":-0.02155691385269165,"extra":"regular tree static"},{"frame":16,"time":0.0761352926492691,"triangles":62534020,"vertices":89019734,"batches":8577,"drawCalls":8577,"dynamicBatches":0,"frameTime":0.06759606301784516,"renderTime":0.013529812917113305,"instancedBatches":0,"shadowCasters":4580,"staticBatches":0,"dynamicBatchedDrawCalls":0,"combinedTime":0.08112587779760361,"differenceTime":-0.004990585148334503,"extra":"regular tree static"},{"frame":17,"time":0.06265532225370407,"triangles":62534020,"vertices":89019734,"batches":8577,"drawCalls":8577,"dynamicBatches":0,"frameTime":0.06945326924324036,"renderTime":0.013823986984789372,"instancedBatches":0,"shadowCasters":4580,"staticBatches":0,"dynamicBatchedDrawCalls":0,"combinedTime":0.08327725529670716,"differenceTime":-0.020621933043003084,"extra":"regular tree static"},{"frame":18,"time":0.06596395373344422,"triangles":62534020,"vertices":89019734,"batches":8577,"drawCalls":8577,"dynamicBatches":0,"frameTime":0.06754592806100846,"renderTime":0.014370087534189225,"instancedBatches":0,"shadowCasters":4580,"staticBatches":0,"dynamicBatchedDrawCalls":0,"combinedTime":0.08191601932048798,"differenceTime":-0.015952065587043763,"extra":"regular tree static"},{"frame":19,"time":0.07551135122776032,"triangles":62534020,"vertices":89019734,"batches":8577,"drawCalls":8577,"dynamicBatches":0,"frameTime":0.0676017627120018,"renderTime":0.013883750885725022,"instancedBatches":0,"shadowCasters":4580,"staticBatches":0,"dynamicBatchedDrawCalls":0,"combinedTime":0.08148550987243653,"differenceTime":-0.0059741586446762089,"extra":"regular tree static"},{"frame":20,"time":0.06443680077791214,"triangles":62534020,"vertices":89019734,"batches":8577,"drawCalls":8577,"dynamicBatches":0,"frameTime":0.06905903667211533,"renderTime":0.013533850200474263,"instancedBatches":0,"shadowCasters":4580,"staticBatches":0,"dynamicBatchedDrawCalls":0,"combinedTime":0.08259288966655731,"differenceTime":-0.018156088888645173,"extra":"regular tree static"},{"frame":21,"time":0.06441986560821533,"triangles":62534020,"vertices":89019734,"batches":8577,"drawCalls":8577,"dynamicBatches":0,"frameTime":0.06753381341695786,"renderTime":0.013711966574192047,"instancedBatches":0,"shadowCasters":4580,"staticBatches":0,"dynamicBatchedDrawCalls":0,"combinedTime":0.0812457799911499,"differenceTime":-0.01682591438293457,"extra":"regular tree static"},{"frame":22,"time":0.07515839487314224,"triangles":62534020,"vertices":89019734,"batches":8577,"drawCalls":8577,"dynamicBatches":0,"frameTime":0.0670296773314476,"renderTime":0.013741393573582173,"instancedBatches":0,"shadowCasters":4580,"staticBatches":0,"dynamicBatchedDrawCalls":0,"combinedTime":0.0807710736989975,"differenceTime":-0.005612678825855255,"extra":"regular tree static"},{"frame":23,"time":0.06128997355699539,"triangles":62534020,"vertices":89019734,"batches":8577,"drawCalls":8577,"dynamicBatches":0,"frameTime":0.06969549506902695,"renderTime":0.013708049431443215,"instancedBatches":0,"shadowCasters":4580,"staticBatches":0,"dynamicBatchedDrawCalls":0,"combinedTime":0.08340354263782501,"differenceTime":-0.02211356908082962,"extra":"regular tree static"},{"frame":24,"time":0.06701818853616715,"triangles":62534020,"vertices":89019734,"batches":8577,"drawCalls":8577,"dynamicBatches":0,"frameTime":0.06700629740953446,"renderTime":0.013537770137190819,"instancedBatches":0,"shadowCasters":4580,"staticBatches":0,"dynamicBatchedDrawCalls":0,"combinedTime":0.08054406940937042,"differenceTime":-0.013525880873203278,"extra":"regular tree static"},{"frame":25,"time":0.07597669959068299,"triangles":62534020,"vertices":89019734,"batches":8577,"drawCalls":8577,"dynamicBatches":0,"frameTime":0.06748323887586594,"renderTime":0.014218728989362717,"instancedBatches":0,"shadowCasters":4580,"staticBatches":0,"dynamicBatchedDrawCalls":0,"combinedTime":0.08170196413993836,"differenceTime":-0.005725264549255371,"extra":"regular tree static"},{"frame":26,"time":0.06327885389328003,"triangles":62534020,"vertices":89019734,"batches":8577,"drawCalls":8577,"dynamicBatches":0,"frameTime":0.0691036805510521,"renderTime":0.014172732830047608,"instancedBatches":0,"shadowCasters":4580,"staticBatches":0,"dynamicBatchedDrawCalls":0,"combinedTime":0.0832764133810997,"differenceTime":-0.01999755948781967,"extra":"regular tree static"},{"frame":27,"time":0.0670175850391388,"triangles":62534020,"vertices":89019734,"batches":8577,"drawCalls":8577,"dynamicBatches":0,"frameTime":0.06754741817712784,"renderTime":0.016420606523752214,"instancedBatches":0,"shadowCasters":4580,"staticBatches":0,"dynamicBatchedDrawCalls":0,"combinedTime":0.08396802842617035,"differenceTime":-0.016950443387031556,"extra":"regular tree static"},{"frame":28,"time":0.07364992052316666,"triangles":62534020,"vertices":89019734,"batches":8577,"drawCalls":8577,"dynamicBatches":0,"frameTime":0.06756788492202759,"renderTime":0.016001079231500627,"instancedBatches":0,"shadowCasters":4580,"staticBatches":0,"dynamicBatchedDrawCalls":0,"combinedTime":0.08356896042823792,"differenceTime":-0.009919039905071259,"extra":"regular tree static"},{"frame":29,"time":0.061757225543260577,"triangles":62534020,"vertices":89019734,"batches":8577,"drawCalls":8577,"dynamicBatches":0,"frameTime":0.06954203546047211,"renderTime":0.013405190780758858,"instancedBatches":0,"shadowCasters":4580,"staticBatches":0,"dynamicBatchedDrawCalls":0,"combinedTime":0.08294722437858582,"differenceTime":-0.02118999883532524,"extra":"regular tree static"},{"frame":30,"time":0.06818018853664398,"triangles":62534020,"vertices":89019734,"batches":8577,"drawCalls":8577,"dynamicBatches":0,"frameTime":0.06792132556438446,"renderTime":0.014135394245386124,"instancedBatches":0,"shadowCasters":4580,"staticBatches":0,"dynamicBatchedDrawCalls":0,"combinedTime":0.08205671608448029,"differenceTime":-0.013876527547836304,"extra":"regular tree static"},{"frame":31,"time":0.0759507417678833,"triangles":62534020,"vertices":89019734,"batches":8577,"drawCalls":8577,"dynamicBatches":0,"frameTime":0.0676015317440033,"renderTime":0.014655403792858124,"instancedBatches":0,"shadowCasters":4580,"staticBatches":0,"dynamicBatchedDrawCalls":0,"combinedTime":0.08225693553686142,"differenceTime":-0.006306193768978119,"extra":"regular tree static"},{"frame":32,"time":0.06235633045434952,"triangles":62534020,"vertices":89019734,"batches":8577,"drawCalls":8577,"dynamicBatches":0,"frameTime":0.06930923461914063,"renderTime":0.014120005071163178,"instancedBatches":0,"shadowCasters":4580,"staticBatches":0,"dynamicBatchedDrawCalls":0,"combinedTime":0.0834292396903038,"differenceTime":-0.021072909235954286,"extra":"regular tree static"},{"frame":33,"time":0.066353440284729,"triangles":62534020,"vertices":89019734,"batches":8577,"drawCalls":8577,"dynamicBatches":0,"frameTime":0.06850946694612503,"renderTime":0.016060439869761468,"instancedBatches":0,"shadowCasters":4580,"staticBatches":0,"dynamicBatchedDrawCalls":0,"combinedTime":0.08456990867853165,"differenceTime":-0.018216468393802644,"extra":"regular tree static"},{"frame":34,"time":0.07507263869047165,"triangles":62534020,"vertices":89019734,"batches":8577,"drawCalls":8577,"dynamicBatches":0,"frameTime":0.06703945994377136,"renderTime":0.013686868362128735,"instancedBatches":0,"shadowCasters":4580,"staticBatches":0,"dynamicBatchedDrawCalls":0,"combinedTime":0.08072632551193237,"differenceTime":-0.005653686821460724,"extra":"regular tree static"},{"frame":35,"time":0.06110185384750366,"triangles":62534020,"vertices":89019734,"batches":8577,"drawCalls":8577,"dynamicBatches":0,"frameTime":0.06969782710075379,"renderTime":0.013615884818136692,"instancedBatches":0,"shadowCasters":4580,"staticBatches":0,"dynamicBatchedDrawCalls":0,"combinedTime":0.0833137109875679,"differenceTime":-0.02221185714006424,"extra":"regular tree static"},{"frame":36,"time":0.06775224208831787,"triangles":62534020,"vertices":89019734,"batches":8577,"drawCalls":8577,"dynamicBatches":0,"frameTime":0.06712280213832855,"renderTime":0.013401266187429428,"instancedBatches":0,"shadowCasters":4580,"staticBatches":0,"dynamicBatchedDrawCalls":0,"combinedTime":0.08052407205104828,"differenceTime":-0.012771829962730408,"extra":"regular tree static"},{"frame":37,"time":0.07562081515789032,"triangles":62534020,"vertices":89019734,"batches":8577,"drawCalls":8577,"dynamicBatches":0,"frameTime":0.06746223568916321,"renderTime":0.01369581837207079,"instancedBatches":0,"shadowCasters":4580,"staticBatches":0,"dynamicBatchedDrawCalls":0,"combinedTime":0.08115805685520172,"differenceTime":-0.005537241697311401,"extra":"regular tree static"},{"frame":38,"time":0.06567993015050888,"triangles":62534020,"vertices":89019734,"batches":8577,"drawCalls":8577,"dynamicBatches":0,"frameTime":0.06921353191137314,"renderTime":0.0137648219242692,"instancedBatches":0,"shadowCasters":4580,"staticBatches":0,"dynamicBatchedDrawCalls":0,"combinedTime":0.08297835290431977,"differenceTime":-0.017298422753810884,"extra":"regular tree static"},{"frame":39,"time":0.06431896984577179,"triangles":62534020,"vertices":89019734,"batches":8577,"drawCalls":8577,"dynamicBatches":0,"frameTime":0.06853502988815308,"renderTime":0.01770651526749134,"instancedBatches":0,"shadowCasters":4580,"staticBatches":0,"dynamicBatchedDrawCalls":0,"combinedTime":0.08624154329299927,"differenceTime":-0.021922573447227479,"extra":"regular tree static"},{"frame":40,"time":0.08126300573348999,"triangles":62534020,"vertices":89019734,"batches":8577,"drawCalls":8577,"dynamicBatches":0,"frameTime":0.06751744449138642,"renderTime":0.014037606306374073,"instancedBatches":0,"shadowCasters":4580,"staticBatches":0,"dynamicBatchedDrawCalls":0,"combinedTime":0.08155505359172821,"differenceTime":-0.0002920478582382202,"extra":"regular tree static"},{"frame":41,"time":0.05599668622016907,"triangles":62534020,"vertices":89019734,"batches":8577,"drawCalls":8577,"dynamicBatches":0,"frameTime":0.069114089012146,"renderTime":0.01810133084654808,"instancedBatches":0,"shadowCasters":4580,"staticBatches":0,"dynamicBatchedDrawCalls":0,"combinedTime":0.08721542358398438,"differenceTime":-0.031218737363815309,"extra":"regular tree static"},{"frame":42,"time":0.06763652712106705,"triangles":62534020,"vertices":89019734,"batches":8577,"drawCalls":8577,"dynamicBatches":0,"frameTime":0.06746957451105118,"renderTime":0.015339173376560212,"instancedBatches":0,"shadowCasters":4580,"staticBatches":0,"dynamicBatchedDrawCalls":0,"combinedTime":0.08280874788761139,"differenceTime":-0.015172220766544342,"extra":"regular tree static"},{"frame":43,"time":0.07707773149013519,"triangles":62534020,"vertices":89019734,"batches":8577,"drawCalls":8577,"dynamicBatches":0,"frameTime":0.06762327998876572,"renderTime":0.014408161863684655,"instancedBatches":0,"shadowCasters":4580,"staticBatches":0,"dynamicBatchedDrawCalls":0,"combinedTime":0.08203144371509552,"differenceTime":-0.004953712224960327,"extra":"regular tree static"},{"frame":44,"time":0.059989362955093387,"triangles":62534020,"vertices":89019734,"batches":8577,"drawCalls":8577,"dynamicBatches":0,"frameTime":0.06983497738838196,"renderTime":0.01511596143245697,"instancedBatches":0,"shadowCasters":4580,"staticBatches":0,"dynamicBatchedDrawCalls":0,"combinedTime":0.08495093882083893,"differenceTime":-0.024961575865745546,"extra":"regular tree static"},{"frame":45,"time":0.06734407693147659,"triangles":62534020,"vertices":89019734,"batches":8577,"drawCalls":8577,"dynamicBatches":0,"frameTime":0.0675712376832962,"renderTime":0.014006298966705799,"instancedBatches":0,"shadowCasters":4580,"staticBatches":0,"dynamicBatchedDrawCalls":0,"combinedTime":0.08157753944396973,"differenceTime":-0.014233462512493134,"extra":"regular tree static"},{"frame":46,"time":0.07665025442838669,"triangles":62534020,"vertices":89019734,"batches":8577,"drawCalls":8577,"dynamicBatches":0,"frameTime":0.06761110574007034,"renderTime":0.013905759900808335,"instancedBatches":0,"shadowCasters":4580,"staticBatches":0,"dynamicBatchedDrawCalls":0,"combinedTime":0.08151686191558838,"differenceTime":-0.004866607487201691,"extra":"regular tree static"},{"frame":47,"time":0.06273425370454788,"triangles":62534020,"vertices":89019734,"batches":8577,"drawCalls":8577,"dynamicBatches":0,"frameTime":0.06982190161943436,"renderTime":0.01430752594023943,"instancedBatches":0,"shadowCasters":4580,"staticBatches":0,"dynamicBatchedDrawCalls":0,"combinedTime":0.08412943035364151,"differenceTime":-0.021395176649093629,"extra":"regular tree static"},{"frame":48,"time":0.06669653207063675,"triangles":62534020,"vertices":89019734,"batches":8577,"drawCalls":8577,"dynamicBatches":0,"frameTime":0.06747280061244965,"renderTime":0.015440499410033226,"instancedBatches":0,"shadowCasters":4580,"staticBatches":0,"dynamicBatchedDrawCalls":0,"combinedTime":0.08291330188512802,"differenceTime":-0.016216769814491273,"extra":"regular tree static"},{"frame":49,"time":0.07883752137422562,"triangles":62534020,"vertices":89019734,"batches":8577,"drawCalls":8577,"dynamicBatches":0,"frameTime":0.06805884838104248,"renderTime":0.014787876047194004,"instancedBatches":0,"shadowCasters":4580,"staticBatches":0,"dynamicBatchedDrawCalls":0,"combinedTime":0.08284672349691391,"differenceTime":-0.0040092021226882938,"extra":"regular tree static"},{"frame":50,"time":0.05666325241327286,"triangles":62534020,"vertices":89019734,"batches":8577,"drawCalls":8577,"dynamicBatches":0,"frameTime":0.06921833753585816,"renderTime":0.01666949689388275,"instancedBatches":0,"shadowCasters":4580,"staticBatches":0,"dynamicBatchedDrawCalls":0,"combinedTime":0.0858878344297409,"differenceTime":-0.029224582016468049,"extra":"regular tree static"},{"frame":51,"time":0.06898493319749832,"triangles":62534020,"vertices":89019734,"batches":8577,"drawCalls":8577,"dynamicBatches":0,"frameTime":0.0674915686249733,"renderTime":0.014034840278327465,"instancedBatches":0,"shadowCasters":4580,"staticBatches":0,"dynamicBatchedDrawCalls":0,"combinedTime":0.08152640610933304,"differenceTime":-0.012541472911834717,"extra":"regular tree static"},{"frame":52,"time":0.07455606013536453,"triangles":62534020,"vertices":89019734,"batches":8577,"drawCalls":8577,"dynamicBatches":0,"frameTime":0.0680263489484787,"renderTime":0.014548520557582379,"instancedBatches":0,"shadowCasters":4580,"staticBatches":0,"dynamicBatchedDrawCalls":0,"combinedTime":0.08257486671209336,"differenceTime":-0.00801880657672882,"extra":"regular tree static"},{"frame":53,"time":0.06035684049129486,"triangles":62534020,"vertices":89019734,"batches":8577,"drawCalls":8577,"dynamicBatches":0,"frameTime":0.06890610605478287,"renderTime":0.013329125940799714,"instancedBatches":0,"shadowCasters":4580,"staticBatches":0,"dynamicBatchedDrawCalls":0,"combinedTime":0.08223523199558258,"differenceTime":-0.02187839150428772,"extra":"regular tree static"},{"frame":54,"time":0.0676516517996788,"triangles":62534020,"vertices":89019734,"batches":8577,"drawCalls":8577,"dynamicBatches":0,"frameTime":0.06753775477409363,"renderTime":0.013495267368853093,"instancedBatches":0,"shadowCasters":4580,"staticBatches":0,"dynamicBatchedDrawCalls":0,"combinedTime":0.08103302121162415,"differenceTime":-0.013381369411945343,"extra":"regular tree static"},{"frame":55,"time":0.07502096146345139,"triangles":62534020,"vertices":89019734,"batches":8577,"drawCalls":8577,"dynamicBatches":0,"frameTime":0.06708895415067673,"renderTime":0.013697173446416855,"instancedBatches":0,"shadowCasters":4580,"staticBatches":0,"dynamicBatchedDrawCalls":0,"combinedTime":0.08078612387180329,"differenceTime":-0.005765162408351898,"extra":"regular tree static"},{"frame":56,"time":0.06184571608901024,"triangles":62534020,"vertices":89019734,"batches":8577,"drawCalls":8577,"dynamicBatches":0,"frameTime":0.06962524354457855,"renderTime":0.013372186571359635,"instancedBatches":0,"shadowCasters":4580,"staticBatches":0,"dynamicBatchedDrawCalls":0,"combinedTime":0.08299742639064789,"differenceTime":-0.02115171030163765,"extra":"regular tree static"},{"frame":57,"time":0.06713033467531204,"triangles":62534020,"vertices":89019734,"batches":8577,"drawCalls":8577,"dynamicBatches":0,"frameTime":0.06706763803958893,"renderTime":0.013550668954849244,"instancedBatches":0,"shadowCasters":4580,"staticBatches":0,"dynamicBatchedDrawCalls":0,"combinedTime":0.08061830699443817,"differenceTime":-0.01348797231912613,"extra":"regular tree static"},{"frame":58,"time":0.07494352012872696,"triangles":62534020,"vertices":89019734,"batches":8577,"drawCalls":8577,"dynamicBatches":0,"frameTime":0.06742357462644577,"renderTime":0.013824625872075558,"instancedBatches":0,"shadowCasters":4580,"staticBatches":0,"dynamicBatchedDrawCalls":0,"combinedTime":0.0812482014298439,"differenceTime":-0.006304681301116943,"extra":"regular tree static"},{"frame":59,"time":0.06464102119207382,"triangles":62534020,"vertices":89019734,"batches":8577,"drawCalls":8577,"dynamicBatches":0,"frameTime":0.07007530331611633,"renderTime":0.013362282887101174,"instancedBatches":0,"shadowCasters":4580,"staticBatches":0,"dynamicBatchedDrawCalls":0,"combinedTime":0.08343758434057236,"differenceTime":-0.018796563148498536,"extra":"regular tree static"},{"frame":60,"time":0.06532761454582215,"triangles":62534020,"vertices":89019734,"batches":8577,"drawCalls":8577,"dynamicBatches":0,"frameTime":0.06733683496713638,"renderTime":0.015064270235598088,"instancedBatches":0,"shadowCasters":4580,"staticBatches":0,"dynamicBatchedDrawCalls":0,"combinedTime":0.0824011042714119,"differenceTime":-0.017073489725589753,"extra":"regular tree static"},{"frame":61,"time":0.07805041968822479,"triangles":62534020,"vertices":89019734,"batches":8577,"drawCalls":8577,"dynamicBatches":0,"frameTime":0.06800658255815506,"renderTime":0.013761557638645172,"instancedBatches":0,"shadowCasters":4580,"staticBatches":0,"dynamicBatchedDrawCalls":0,"combinedTime":0.08176814019680023,"differenceTime":-0.0037177205085754396,"extra":"regular tree static"},{"frame":62,"time":0.05916331335902214,"triangles":62534020,"vertices":89019734,"batches":8577,"drawCalls":8577,"dynamicBatches":0,"frameTime":0.06986022740602493,"renderTime":0.014355516992509365,"instancedBatches":0,"shadowCasters":4580,"staticBatches":0,"dynamicBatchedDrawCalls":0,"combinedTime":0.08421574532985687,"differenceTime":-0.025052431970834733,"extra":"regular tree static"},{"frame":63,"time":0.06748709082603455,"triangles":62534020,"vertices":89019734,"batches":8577,"drawCalls":8577,"dynamicBatches":0,"frameTime":0.0674770325422287,"renderTime":0.013681119307875634,"instancedBatches":0,"shadowCasters":4580,"staticBatches":0,"dynamicBatchedDrawCalls":0,"combinedTime":0.08115815371274948,"differenceTime":-0.013671062886714936,"extra":"regular tree static"},{"frame":64,"time":0.07567192614078522,"triangles":62534020,"vertices":89019734,"batches":8577,"drawCalls":8577,"dynamicBatches":0,"frameTime":0.06743879616260529,"renderTime":0.013539698906242848,"instancedBatches":0,"shadowCasters":4580,"staticBatches":0,"dynamicBatchedDrawCalls":0,"combinedTime":0.08097849786281586,"differenceTime":-0.00530657172203064,"extra":"regular tree static"},{"frame":65,"time":0.06117987260222435,"triangles":62534020,"vertices":89019734,"batches":8577,"drawCalls":8577,"dynamicBatches":0,"frameTime":0.06916171312332154,"renderTime":0.01274239830672741,"instancedBatches":0,"shadowCasters":4580,"staticBatches":0,"dynamicBatchedDrawCalls":0,"combinedTime":0.08190411329269409,"differenceTime":-0.020724240690469743,"extra":"regular tree static"},{"frame":66,"time":0.06758143752813339,"triangles":62534020,"vertices":89019734,"batches":8577,"drawCalls":8577,"dynamicBatches":0,"frameTime":0.06756739318370819,"renderTime":0.013633035123348236,"instancedBatches":0,"shadowCasters":4580,"staticBatches":0,"dynamicBatchedDrawCalls":0,"combinedTime":0.08120042830705643,"differenceTime":-0.013618990778923035,"extra":"regular tree static"},{"frame":67,"time":0.07679212838411331,"triangles":62534020,"vertices":89019734,"batches":8577,"drawCalls":8577,"dynamicBatches":0,"frameTime":0.06703367829322815,"renderTime":0.013706120662391186,"instancedBatches":0,"shadowCasters":4580,"staticBatches":0,"dynamicBatchedDrawCalls":0,"combinedTime":0.08073979616165161,"differenceTime":-0.0039476677775382999,"extra":"regular tree static"},{"frame":68,"time":0.061482809484004977,"triangles":62534020,"vertices":89019734,"batches":8577,"drawCalls":8577,"dynamicBatches":0,"frameTime":0.06971567124128342,"renderTime":0.014102865941822529,"instancedBatches":0,"shadowCasters":4580,"staticBatches":0,"dynamicBatchedDrawCalls":0,"combinedTime":0.08381853997707367,"differenceTime":-0.022335730493068696,"extra":"regular tree static"},{"frame":69,"time":0.065854512155056,"triangles":62534020,"vertices":89019734,"batches":8577,"drawCalls":8577,"dynamicBatches":0,"frameTime":0.06709631532430649,"renderTime":0.01414431817829609,"instancedBatches":0,"shadowCasters":4580,"staticBatches":0,"dynamicBatchedDrawCalls":0,"combinedTime":0.08124063163995743,"differenceTime":-0.015386119484901429,"extra":"regular tree static"},{"frame":70,"time":0.07689221203327179,"triangles":62534020,"vertices":89019734,"batches":8577,"drawCalls":8577,"dynamicBatches":0,"frameTime":0.06794524192810059,"renderTime":0.013848175294697285,"instancedBatches":0,"shadowCasters":4580,"staticBatches":0,"dynamicBatchedDrawCalls":0,"combinedTime":0.0817934200167656,"differenceTime":-0.004901207983493805,"extra":"regular tree static"},{"frame":71,"time":0.06032979115843773,"triangles":62534020,"vertices":89019734,"batches":8577,"drawCalls":8577,"dynamicBatches":0,"frameTime":0.06924120336771012,"renderTime":0.01314268633723259,"instancedBatches":0,"shadowCasters":4580,"staticBatches":0,"dynamicBatchedDrawCalls":0,"combinedTime":0.0823838859796524,"differenceTime":-0.022054094821214677,"extra":"regular tree static"},{"frame":72,"time":0.06841542571783066,"triangles":62534020,"vertices":89019734,"batches":8577,"drawCalls":8577,"dynamicBatches":0,"frameTime":0.06752831488847733,"renderTime":0.013981577940285206,"instancedBatches":0,"shadowCasters":4580,"staticBatches":0,"dynamicBatchedDrawCalls":0,"combinedTime":0.08150989562273026,"differenceTime":-0.013094469904899598,"extra":"regular tree static"},{"frame":73,"time":0.07434188574552536,"triangles":62534020,"vertices":89019734,"batches":8577,"drawCalls":8577,"dynamicBatches":0,"frameTime":0.06753271818161011,"renderTime":0.013959942385554314,"instancedBatches":0,"shadowCasters":4580,"staticBatches":0,"dynamicBatchedDrawCalls":0,"combinedTime":0.08149266242980957,"differenceTime":-0.00715077668428421,"extra":"regular tree static"},{"frame":74,"time":0.06173144280910492,"triangles":62534020,"vertices":89019734,"batches":8577,"drawCalls":8577,"dynamicBatches":0,"frameTime":0.06999178975820542,"renderTime":0.013124468736350537,"instancedBatches":0,"shadowCasters":4580,"staticBatches":0,"dynamicBatchedDrawCalls":0,"combinedTime":0.08311625570058823,"differenceTime":-0.021384812891483308,"extra":"regular tree static"},{"frame":75,"time":0.07100239396095276,"triangles":62534020,"vertices":89019734,"batches":8577,"drawCalls":8577,"dynamicBatches":0,"frameTime":0.06782080233097077,"renderTime":0.013793866150081158,"instancedBatches":0,"shadowCasters":4580,"staticBatches":0,"dynamicBatchedDrawCalls":0,"combinedTime":0.0816146656870842,"differenceTime":-0.01061227172613144,"extra":"regular tree static"},{"frame":76,"time":0.07193394750356674,"triangles":62534020,"vertices":89019734,"batches":8577,"drawCalls":8577,"dynamicBatches":0,"frameTime":0.06654814630746842,"renderTime":0.0149906687438488,"instancedBatches":0,"shadowCasters":4580,"staticBatches":0,"dynamicBatchedDrawCalls":0,"combinedTime":0.08153881132602692,"differenceTime":-0.009604863822460175,"extra":"regular tree static"},{"frame":77,"time":0.06856446713209152,"triangles":62534020,"vertices":89019734,"batches":8577,"drawCalls":8577,"dynamicBatches":0,"frameTime":0.06952530890703201,"renderTime":0.013243031688034535,"instancedBatches":0,"shadowCasters":4580,"staticBatches":0,"dynamicBatchedDrawCalls":0,"combinedTime":0.08276834338903427,"differenceTime":-0.014203876256942749,"extra":"regular tree static"},{"frame":78,"time":0.05970634147524834,"triangles":62534020,"vertices":89019734,"batches":8577,"drawCalls":8577,"dynamicBatches":0,"frameTime":0.06705275177955628,"renderTime":0.013851193711161614,"instancedBatches":0,"shadowCasters":4580,"staticBatches":0,"dynamicBatchedDrawCalls":0,"combinedTime":0.08090394735336304,"differenceTime":-0.0211976058781147,"extra":"regular tree static"},{"frame":79,"time":0.07556670159101486,"triangles":62534020,"vertices":89019734,"batches":8577,"drawCalls":8577,"dynamicBatches":0,"frameTime":0.06792550534009934,"renderTime":0.013738635927438736,"instancedBatches":0,"shadowCasters":4580,"staticBatches":0,"dynamicBatchedDrawCalls":0,"combinedTime":0.08166414499282837,"differenceTime":-0.006097443401813507,"extra":"regular tree static"},{"frame":80,"time":0.061353761702775958,"triangles":62534020,"vertices":89019734,"batches":8577,"drawCalls":8577,"dynamicBatches":0,"frameTime":0.06899985671043396,"renderTime":0.013367056846618653,"instancedBatches":0,"shadowCasters":4580,"staticBatches":0,"dynamicBatchedDrawCalls":0,"combinedTime":0.08236691355705261,"differenceTime":-0.021013151854276658,"extra":"regular tree static"},{"frame":81,"time":0.06821420043706894,"triangles":62534020,"vertices":89019734,"batches":8577,"drawCalls":8577,"dynamicBatches":0,"frameTime":0.06754639744758606,"renderTime":0.014027784578502179,"instancedBatches":0,"shadowCasters":4580,"staticBatches":0,"dynamicBatchedDrawCalls":0,"combinedTime":0.08157417923212052,"differenceTime":-0.013359978795051575,"extra":"regular tree static"},{"frame":82,"time":0.07458614557981491,"triangles":62534020,"vertices":89019734,"batches":8577,"drawCalls":8577,"dynamicBatches":0,"frameTime":0.0674905851483345,"renderTime":0.014433898031711579,"instancedBatches":0,"shadowCasters":4580,"staticBatches":0,"dynamicBatchedDrawCalls":0,"combinedTime":0.08192448318004608,"differenceTime":-0.007338337600231171,"extra":"regular tree static"},{"frame":83,"time":0.062403734773397449,"triangles":62534020,"vertices":89019734,"batches":8577,"drawCalls":8577,"dynamicBatches":0,"frameTime":0.06944209337234497,"renderTime":0.013145041652023793,"instancedBatches":0,"shadowCasters":4580,"staticBatches":0,"dynamicBatchedDrawCalls":0,"combinedTime":0.08258713781833649,"differenceTime":-0.02018340304493904,"extra":"regular tree static"},{"frame":84,"time":0.06837405264377594,"triangles":62534020,"vertices":89019734,"batches":8577,"drawCalls":8577,"dynamicBatches":0,"frameTime":0.06734780967235565,"renderTime":0.013680331408977509,"instancedBatches":0,"shadowCasters":4580,"staticBatches":0,"dynamicBatchedDrawCalls":0,"combinedTime":0.08102814108133316,"differenceTime":-0.01265408843755722,"extra":"regular tree static"},{"frame":85,"time":0.07412465661764145,"triangles":62534020,"vertices":89019734,"batches":8577,"drawCalls":8577,"dynamicBatches":0,"frameTime":0.0675116702914238,"renderTime":0.01424893457442522,"instancedBatches":0,"shadowCasters":4580,"staticBatches":0,"dynamicBatchedDrawCalls":0,"combinedTime":0.08176060765981674,"differenceTime":-0.007635951042175293,"extra":"regular tree static"},{"frame":86,"time":0.06129813194274902,"triangles":62534020,"vertices":89019734,"batches":8577,"drawCalls":8577,"dynamicBatches":0,"frameTime":0.06907330453395844,"renderTime":0.012755049392580986,"instancedBatches":0,"shadowCasters":4580,"staticBatches":0,"dynamicBatchedDrawCalls":0,"combinedTime":0.08182835578918457,"differenceTime":-0.020530223846435548,"extra":"regular tree static"},{"frame":87,"time":0.06716129928827286,"triangles":62534020,"vertices":89019734,"batches":8577,"drawCalls":8577,"dynamicBatches":0,"frameTime":0.06752364337444306,"renderTime":0.013700836338102818,"instancedBatches":0,"shadowCasters":4580,"staticBatches":0,"dynamicBatchedDrawCalls":0,"combinedTime":0.0812244787812233,"differenceTime":-0.01406317949295044,"extra":"regular tree static"},{"frame":88,"time":0.0749235674738884,"triangles":62534020,"vertices":89019734,"batches":8577,"drawCalls":8577,"dynamicBatches":0,"frameTime":0.06678487360477448,"renderTime":0.013844825327396393,"instancedBatches":0,"shadowCasters":4580,"staticBatches":0,"dynamicBatchedDrawCalls":0,"combinedTime":0.08062969893217087,"differenceTime":-0.005706131458282471,"extra":"regular tree static"},{"frame":89,"time":0.06094905734062195,"triangles":62534020,"vertices":89019734,"batches":8577,"drawCalls":8577,"dynamicBatches":0,"frameTime":0.06984541565179825,"renderTime":0.013753418810665608,"instancedBatches":0,"shadowCasters":4580,"staticBatches":0,"dynamicBatchedDrawCalls":0,"combinedTime":0.08359883725643158,"differenceTime":-0.02264977991580963,"extra":"regular tree static"},{"frame":90,"time":0.06862617284059525,"triangles":62534020,"vertices":89019734,"batches":8577,"drawCalls":8577,"dynamicBatches":0,"frameTime":0.06715203821659088,"renderTime":0.013344388455152512,"instancedBatches":0,"shadowCasters":4580,"staticBatches":0,"dynamicBatchedDrawCalls":0,"combinedTime":0.08049643039703369,"differenceTime":-0.011870257556438446,"extra":"regular tree static"},{"frame":91,"time":0.07411759346723557,"triangles":62534020,"vertices":89019734,"batches":8577,"drawCalls":8577,"dynamicBatches":0,"frameTime":0.06789587438106537,"renderTime":0.014040637761354447,"instancedBatches":0,"shadowCasters":4580,"staticBatches":0,"dynamicBatchedDrawCalls":0,"combinedTime":0.08193650841712952,"differenceTime":-0.007818914949893952,"extra":"regular tree static"},{"frame":92,"time":0.06502974033355713,"triangles":62534020,"vertices":89019734,"batches":8577,"drawCalls":8577,"dynamicBatches":0,"frameTime":0.06967301666736603,"renderTime":0.01294371671974659,"instancedBatches":0,"shadowCasters":4580,"staticBatches":0,"dynamicBatchedDrawCalls":0,"combinedTime":0.08261673152446747,"differenceTime":-0.01758699119091034,"extra":"regular tree static"},{"frame":93,"time":0.06497133523225784,"triangles":62534020,"vertices":89019734,"batches":8577,"drawCalls":8577,"dynamicBatches":0,"frameTime":0.06692007929086685,"renderTime":0.015029219910502434,"instancedBatches":0,"shadowCasters":4580,"staticBatches":0,"dynamicBatchedDrawCalls":0,"combinedTime":0.08194930106401444,"differenceTime":-0.016977965831756593,"extra":"regular tree static"},{"frame":94,"time":0.0747261494398117,"triangles":62534020,"vertices":89019734,"batches":8577,"drawCalls":8577,"dynamicBatches":0,"frameTime":0.0676538273692131,"renderTime":0.014500943012535572,"instancedBatches":0,"shadowCasters":4580,"staticBatches":0,"dynamicBatchedDrawCalls":0,"combinedTime":0.0821547731757164,"differenceTime":-0.007428623735904694,"extra":"regular tree static"},{"frame":95,"time":0.06146262213587761,"triangles":62534020,"vertices":89019734,"batches":8577,"drawCalls":8577,"dynamicBatches":0,"frameTime":0.06906653195619583,"renderTime":0.01318641472607851,"instancedBatches":0,"shadowCasters":4580,"staticBatches":0,"dynamicBatchedDrawCalls":0,"combinedTime":0.08225294947624207,"differenceTime":-0.020790327340364457,"extra":"regular tree static"},{"frame":96,"time":0.0675317645072937,"triangles":62534020,"vertices":89019734,"batches":8577,"drawCalls":8577,"dynamicBatches":0,"frameTime":0.06754376739263535,"renderTime":0.012818915769457817,"instancedBatches":0,"shadowCasters":4580,"staticBatches":0,"dynamicBatchedDrawCalls":0,"combinedTime":0.08036268502473831,"differenceTime":-0.01283092051744461,"extra":"regular tree static"},{"frame":97,"time":0.07581903785467148,"triangles":62534020,"vertices":89019734,"batches":8577,"drawCalls":8577,"dynamicBatches":0,"frameTime":0.06746996939182282,"renderTime":0.012995858676731587,"instancedBatches":0,"shadowCasters":4580,"staticBatches":0,"dynamicBatchedDrawCalls":0,"combinedTime":0.08046583086252213,"differenceTime":-0.004646793007850647,"extra":"regular tree static"},{"frame":98,"time":0.06060481816530228,"triangles":62534020,"vertices":89019734,"batches":8577,"drawCalls":8577,"dynamicBatches":0,"frameTime":0.06923900544643402,"renderTime":0.013011714443564415,"instancedBatches":0,"shadowCasters":4580,"staticBatches":0,"dynamicBatchedDrawCalls":0,"combinedTime":0.08225072175264359,"differenceTime":-0.02164590358734131,"extra":"regular tree static"},{"frame":99,"time":0.06726711243391037,"triangles":62534020,"vertices":89019734,"batches":8577,"drawCalls":8577,"dynamicBatches":0,"frameTime":0.06751198321580887,"renderTime":0.013251938857138157,"instancedBatches":0,"shadowCasters":4580,"staticBatches":0,"dynamicBatchedDrawCalls":0,"combinedTime":0.08076392114162445,"differenceTime":-0.01349680870771408,"extra":"regular tree static"},{"frame":100,"time":0.0763765200972557,"triangles":62534020,"vertices":89019734,"batches":8577,"drawCalls":8577,"dynamicBatches":0,"frameTime":0.06693153828382492,"renderTime":0.01386204268783331,"instancedBatches":0,"shadowCasters":4580,"staticBatches":0,"dynamicBatchedDrawCalls":0,"combinedTime":0.0807935819029808,"differenceTime":-0.004417061805725098,"extra":"regular tree static"}]}