{"data":[{"frame":1,"time":0.019999999552965165,"triangles":47938752,"vertices":72203562,"batches":8341,"drawCalls":8341,"dynamicBatches":0,"frameTime":0.0159071646630764,"renderTime":0.013025665655732155,"instancedBatches":0,"shadowCasters":4352,"staticBatches":0,"dynamicBatchedDrawCalls":0,"combinedTime":0.028932830318808557,"differenceTime":-0.008932830765843392,"extra":"regular tree same material"},{"frame":2,"time":0.019999999552965165,"triangles":47938752,"vertices":72203562,"batches":8341,"drawCalls":8341,"dynamicBatches":0,"frameTime":0.0159071646630764,"renderTime":0.013025665655732155,"instancedBatches":0,"shadowCasters":4352,"staticBatches":0,"dynamicBatchedDrawCalls":0,"combinedTime":0.028932830318808557,"differenceTime":-0.008932830765843392,"extra":"regular tree same material"},{"frame":3,"time":0.3333333432674408,"triangles":62534024,"vertices":89019742,"batches":8579,"drawCalls":8579,"dynamicBatches":0,"frameTime":6.477360248565674,"renderTime":-26822.14453125,"instancedBatches":0,"shadowCasters":4580,"staticBatches":0,"dynamicBatchedDrawCalls":0,"combinedTime":-26815.66796875,"differenceTime":26816.001953125,"extra":"regular tree same material"},{"frame":4,"time":0.03946177288889885,"triangles":62534024,"vertices":89019742,"batches":8579,"drawCalls":8579,"dynamicBatches":0,"frameTime":6.477360248565674,"renderTime":-26822.14453125,"instancedBatches":0,"shadowCasters":4580,"staticBatches":0,"dynamicBatchedDrawCalls":0,"combinedTime":-26815.66796875,"differenceTime":26815.70703125,"extra":"regular tree same material"},{"frame":5,"time":0.09701639413833618,"triangles":62534020,"vertices":89019734,"batches":8577,"drawCalls":8577,"dynamicBatches":0,"frameTime":0.028679467737674714,"renderTime":0.015418821014463902,"instancedBatches":0,"shadowCasters":4580,"staticBatches":0,"dynamicBatchedDrawCalls":0,"combinedTime":0.04409828782081604,"differenceTime":0.05291810631752014,"extra":"regular tree same material"},{"frame":6,"time":0.06758639961481095,"triangles":62534020,"vertices":89019734,"batches":8577,"drawCalls":8577,"dynamicBatches":0,"frameTime":0.06758453696966171,"renderTime":0.016698738560080529,"instancedBatches":0,"shadowCasters":4580,"staticBatches":0,"dynamicBatchedDrawCalls":0,"combinedTime":0.08428327739238739,"differenceTime":-0.016696877777576448,"extra":"regular tree same material"},{"frame":7,"time":0.017313340678811075,"triangles":62534020,"vertices":89019734,"batches":8577,"drawCalls":8577,"dynamicBatches":0,"frameTime":0.06758453696966171,"renderTime":0.016698738560080529,"instancedBatches":0,"shadowCasters":4580,"staticBatches":0,"dynamicBatchedDrawCalls":0,"combinedTime":0.08428327739238739,"differenceTime":-0.06696993857622147,"extra":"regular tree same material"},{"frame":8,"time":0.018854914233088495,"triangles":62534020,"vertices":89019734,"batches":8577,"drawCalls":8577,"dynamicBatches":0,"frameTime":0.019194137305021287,"renderTime":0.016669411212205888,"instancedBatches":0,"shadowCasters":4580,"staticBatches":0,"dynamicBatchedDrawCalls":0,"combinedTime":0.03586354851722717,"differenceTime":-0.01700863428413868,"extra":"regular tree same material"},{"frame":9,"time":0.04494398459792137,"triangles":62534020,"vertices":89019734,"batches":8577,"drawCalls":8577,"dynamicBatches":0,"frameTime":0.04453953355550766,"renderTime":0.016004834324121476,"instancedBatches":0,"shadowCasters":4580,"staticBatches":0,"dynamicBatchedDrawCalls":0,"combinedTime":0.060544367879629138,"differenceTime":-0.015600383281707764,"extra":"regular tree same material"},{"frame":10,"time":0.019215410575270654,"triangles":62534020,"vertices":89019734,"batches":8577,"drawCalls":8577,"dynamicBatches":0,"frameTime":0.019528651610016824,"renderTime":0.016429569572210313,"instancedBatches":0,"shadowCasters":4580,"staticBatches":0,"dynamicBatchedDrawCalls":0,"combinedTime":0.035958223044872287,"differenceTime":-0.01674281246960163,"extra":"regular tree same material"},{"frame":11,"time":0.10649094730615616,"triangles":62534020,"vertices":89019734,"batches":8577,"drawCalls":8577,"dynamicBatches":0,"frameTime":0.04965515434741974,"renderTime":0.016485881060361863,"instancedBatches":0,"shadowCasters":4580,"staticBatches":0,"dynamicBatchedDrawCalls":0,"combinedTime":0.0661410391330719,"differenceTime":0.04034990817308426,"extra":"regular tree same material"},{"frame":12,"time":0.07593917101621628,"triangles":62534020,"vertices":89019734,"batches":8577,"drawCalls":8577,"dynamicBatches":0,"frameTime":0.13513128459453584,"renderTime":0.014575166627764702,"instancedBatches":0,"shadowCasters":4580,"staticBatches":0,"dynamicBatchedDrawCalls":0,"combinedTime":0.14970645308494569,"differenceTime":-0.0737672820687294,"extra":"regular tree same material"},{"frame":13,"time":0.1283426731824875,"triangles":62534020,"vertices":89019734,"batches":8577,"drawCalls":8577,"dynamicBatches":0,"frameTime":0.07597845792770386,"renderTime":0.01543782465159893,"instancedBatches":0,"shadowCasters":4580,"staticBatches":0,"dynamicBatchedDrawCalls":0,"combinedTime":0.09141628444194794,"differenceTime":0.03692638874053955,"extra":"regular tree same material"},{"frame":14,"time":0.015729045495390893,"triangles":62534020,"vertices":89019734,"batches":8577,"drawCalls":8577,"dynamicBatches":0,"frameTime":0.07597845792770386,"renderTime":0.01543782465159893,"instancedBatches":0,"shadowCasters":4580,"staticBatches":0,"dynamicBatchedDrawCalls":0,"combinedTime":0.09141628444194794,"differenceTime":-0.0756872370839119,"extra":"regular tree same material"},{"frame":15,"time":0.05912581458687782,"triangles":62534020,"vertices":89019734,"batches":8577,"drawCalls":8577,"dynamicBatches":0,"frameTime":0.060162052512168887,"renderTime":0.01474353764206171,"instancedBatches":0,"shadowCasters":4580,"staticBatches":0,"dynamicBatchedDrawCalls":0,"combinedTime":0.07490558922290802,"differenceTime":-0.015779774636030198,"extra":"regular tree same material"},{"frame":16,"time":0.07609778642654419,"triangles":62534020,"vertices":89019734,"batches":8577,"drawCalls":8577,"dynamicBatches":0,"frameTime":0.0674920603632927,"renderTime":0.01372918114066124,"instancedBatches":0,"shadowCasters":4580,"staticBatches":0,"dynamicBatchedDrawCalls":0,"combinedTime":0.08122123777866364,"differenceTime":-0.005123451352119446,"extra":"regular tree same material"},{"frame":17,"time":0.06072716414928436,"triangles":62534020,"vertices":89019734,"batches":8577,"drawCalls":8577,"dynamicBatches":0,"frameTime":0.06920681148767472,"renderTime":0.013925845734775067,"instancedBatches":0,"shadowCasters":4580,"staticBatches":0,"dynamicBatchedDrawCalls":0,"combinedTime":0.08313265442848206,"differenceTime":-0.022405490279197694,"extra":"regular tree same material"},{"frame":18,"time":0.08530937135219574,"triangles":62534020,"vertices":89019734,"batches":8577,"drawCalls":8577,"dynamicBatches":0,"frameTime":0.0676371306180954,"renderTime":0.013592413626611233,"instancedBatches":0,"shadowCasters":4580,"staticBatches":0,"dynamicBatchedDrawCalls":0,"combinedTime":0.0812295451760292,"differenceTime":0.004079826176166534,"extra":"regular tree same material"},{"frame":19,"time":0.06582506000995636,"triangles":62534020,"vertices":89019734,"batches":8577,"drawCalls":8577,"dynamicBatches":0,"frameTime":0.06752412021160126,"renderTime":0.015265467576682568,"instancedBatches":0,"shadowCasters":4580,"staticBatches":0,"dynamicBatchedDrawCalls":0,"combinedTime":0.0827895849943161,"differenceTime":-0.01696452498435974,"extra":"regular tree same material"},{"frame":20,"time":0.06415226310491562,"triangles":62534020,"vertices":89019734,"batches":8577,"drawCalls":8577,"dynamicBatches":0,"frameTime":0.06922776252031326,"renderTime":0.016011498868465425,"instancedBatches":0,"shadowCasters":4580,"staticBatches":0,"dynamicBatchedDrawCalls":0,"combinedTime":0.08523926138877869,"differenceTime":-0.021086998283863069,"extra":"regular tree same material"},{"frame":21,"time":0.0599990151822567,"triangles":62534020,"vertices":89019734,"batches":8577,"drawCalls":8577,"dynamicBatches":0,"frameTime":0.06851887702941895,"renderTime":0.02227248251438141,"instancedBatches":0,"shadowCasters":4580,"staticBatches":0,"dynamicBatchedDrawCalls":0,"combinedTime":0.09079135954380036,"differenceTime":-0.030792344361543657,"extra":"regular tree same material"},{"frame":22,"time":0.07385459542274475,"triangles":62534020,"vertices":89019734,"batches":8577,"drawCalls":8577,"dynamicBatches":0,"frameTime":0.06760992109775543,"renderTime":0.01454960461705923,"instancedBatches":0,"shadowCasters":4580,"staticBatches":0,"dynamicBatchedDrawCalls":0,"combinedTime":0.08215952664613724,"differenceTime":-0.008304931223392487,"extra":"regular tree same material"},{"frame":23,"time":0.06064341962337494,"triangles":62534020,"vertices":89019734,"batches":8577,"drawCalls":8577,"dynamicBatches":0,"frameTime":0.06916800886392594,"renderTime":0.013963399454951287,"instancedBatches":0,"shadowCasters":4580,"staticBatches":0,"dynamicBatchedDrawCalls":0,"combinedTime":0.08313141018152237,"differenceTime":-0.02248799055814743,"extra":"regular tree same material"},{"frame":24,"time":0.06954290717840195,"triangles":62534020,"vertices":89019734,"batches":8577,"drawCalls":8577,"dynamicBatches":0,"frameTime":0.06745216995477677,"renderTime":0.01455160602927208,"instancedBatches":0,"shadowCasters":4580,"staticBatches":0,"dynamicBatchedDrawCalls":0,"combinedTime":0.08200377225875855,"differenceTime":-0.012460865080356598,"extra":"regular tree same material"},{"frame":25,"time":0.07297301292419434,"triangles":62534020,"vertices":89019734,"batches":8577,"drawCalls":8577,"dynamicBatches":0,"frameTime":0.06747306138277054,"renderTime":0.01562882401049137,"instancedBatches":0,"shadowCasters":4580,"staticBatches":0,"dynamicBatchedDrawCalls":0,"combinedTime":0.08310188353061676,"differenceTime":-0.010128870606422425,"extra":"regular tree same material"},{"frame":26,"time":0.06151982769370079,"triangles":62534020,"vertices":89019734,"batches":8577,"drawCalls":8577,"dynamicBatches":0,"frameTime":0.06903295964002609,"renderTime":0.013697229325771332,"instancedBatches":0,"shadowCasters":4580,"staticBatches":0,"dynamicBatchedDrawCalls":0,"combinedTime":0.08273018896579743,"differenceTime":-0.021210361272096635,"extra":"regular tree same material"},{"frame":27,"time":0.069257453083992,"triangles":62534020,"vertices":89019734,"batches":8577,"drawCalls":8577,"dynamicBatches":0,"frameTime":0.06740768253803253,"renderTime":0.013819185085594654,"instancedBatches":0,"shadowCasters":4580,"staticBatches":0,"dynamicBatchedDrawCalls":0,"combinedTime":0.08122687041759491,"differenceTime":-0.011969417333602906,"extra":"regular tree same material"},{"frame":28,"time":0.07620108872652054,"triangles":62534020,"vertices":89019734,"batches":8577,"drawCalls":8577,"dynamicBatches":0,"frameTime":0.06848567724227905,"renderTime":0.015737777575850488,"instancedBatches":0,"shadowCasters":4580,"staticBatches":0,"dynamicBatchedDrawCalls":0,"combinedTime":0.08422345668077469,"differenceTime":-0.00802236795425415,"extra":"regular tree same material"},{"frame":29,"time":0.06090271472930908,"triangles":62534020,"vertices":89019734,"batches":8577,"drawCalls":8577,"dynamicBatches":0,"frameTime":0.06904886662960053,"renderTime":0.01455184631049633,"instancedBatches":0,"shadowCasters":4580,"staticBatches":0,"dynamicBatchedDrawCalls":0,"combinedTime":0.083600714802742,"differenceTime":-0.022698000073432924,"extra":"regular tree same material"},{"frame":30,"time":0.06768106669187546,"triangles":62534020,"vertices":89019734,"batches":8577,"drawCalls":8577,"dynamicBatches":0,"frameTime":0.06750830262899399,"renderTime":0.015304413624107838,"instancedBatches":0,"shadowCasters":4580,"staticBatches":0,"dynamicBatchedDrawCalls":0,"combinedTime":0.08281271904706955,"differenceTime":-0.015131652355194092,"extra":"regular tree same material"},{"frame":31,"time":0.07632286101579666,"triangles":62534020,"vertices":89019734,"batches":8577,"drawCalls":8577,"dynamicBatches":0,"frameTime":0.06693769246339798,"renderTime":0.015612992458045483,"instancedBatches":0,"shadowCasters":4580,"staticBatches":0,"dynamicBatchedDrawCalls":0,"combinedTime":0.08255068212747574,"differenceTime":-0.006227821111679077,"extra":"regular tree same material"},{"frame":32,"time":0.05942321941256523,"triangles":62534020,"vertices":89019734,"batches":8577,"drawCalls":8577,"dynamicBatches":0,"frameTime":0.06951039284467697,"renderTime":0.016017546877264978,"instancedBatches":0,"shadowCasters":4580,"staticBatches":0,"dynamicBatchedDrawCalls":0,"combinedTime":0.0855279415845871,"differenceTime":-0.026104722172021867,"extra":"regular tree same material"},{"frame":33,"time":0.06909054517745972,"triangles":62534020,"vertices":89019734,"batches":8577,"drawCalls":8577,"dynamicBatches":0,"frameTime":0.06703948229551316,"renderTime":0.015398429706692696,"instancedBatches":0,"shadowCasters":4580,"staticBatches":0,"dynamicBatchedDrawCalls":0,"combinedTime":0.0824379101395607,"differenceTime":-0.013347364962100983,"extra":"regular tree same material"},{"frame":34,"time":0.07464658468961716,"triangles":62534020,"vertices":89019734,"batches":8577,"drawCalls":8577,"dynamicBatches":0,"frameTime":0.06916957348585129,"renderTime":0.01645793952047825,"instancedBatches":0,"shadowCasters":4580,"staticBatches":0,"dynamicBatchedDrawCalls":0,"combinedTime":0.08562751114368439,"differenceTime":-0.01098092645406723,"extra":"regular tree same material"},{"frame":35,"time":0.060953907668590549,"triangles":62534020,"vertices":89019734,"batches":8577,"drawCalls":8577,"dynamicBatches":0,"frameTime":0.06892620772123337,"renderTime":0.013913280330598355,"instancedBatches":0,"shadowCasters":4580,"staticBatches":0,"dynamicBatchedDrawCalls":0,"combinedTime":0.0828394889831543,"differenceTime":-0.02188558131456375,"extra":"regular tree same material"},{"frame":36,"time":0.07132406532764435,"triangles":62534020,"vertices":89019734,"batches":8577,"drawCalls":8577,"dynamicBatches":0,"frameTime":0.0686015710234642,"renderTime":0.014052068814635277,"instancedBatches":0,"shadowCasters":4580,"staticBatches":0,"dynamicBatchedDrawCalls":0,"combinedTime":0.08265364170074463,"differenceTime":-0.01132957637310028,"extra":"regular tree same material"},{"frame":37,"time":0.07197479903697968,"triangles":62534020,"vertices":89019734,"batches":8577,"drawCalls":8577,"dynamicBatches":0,"frameTime":0.06737495958805084,"renderTime":0.016051391139626504,"instancedBatches":0,"shadowCasters":4580,"staticBatches":0,"dynamicBatchedDrawCalls":0,"combinedTime":0.0834263488650322,"differenceTime":-0.01145154982805252,"extra":"regular tree same material"},{"frame":38,"time":0.06204347312450409,"triangles":62534020,"vertices":89019734,"batches":8577,"drawCalls":8577,"dynamicBatches":0,"frameTime":0.06940004229545593,"renderTime":0.01361280307173729,"instancedBatches":0,"shadowCasters":4580,"staticBatches":0,"dynamicBatchedDrawCalls":0,"combinedTime":0.08301284909248352,"differenceTime":-0.02096937596797943,"extra":"regular tree same material"},{"frame":39,"time":0.06702601164579392,"triangles":62534020,"vertices":89019734,"batches":8577,"drawCalls":8577,"dynamicBatches":0,"frameTime":0.06734142452478409,"renderTime":0.01398707926273346,"instancedBatches":0,"shadowCasters":4580,"staticBatches":0,"dynamicBatchedDrawCalls":0,"combinedTime":0.08132850378751755,"differenceTime":-0.014302492141723633,"extra":"regular tree same material"},{"frame":40,"time":0.07555894553661347,"triangles":62534020,"vertices":89019734,"batches":8577,"drawCalls":8577,"dynamicBatches":0,"frameTime":0.0670444518327713,"renderTime":0.014033262617886067,"instancedBatches":0,"shadowCasters":4580,"staticBatches":0,"dynamicBatchedDrawCalls":0,"combinedTime":0.08107771724462509,"differenceTime":-0.005518771708011627,"extra":"regular tree same material"},{"frame":41,"time":0.06038597971200943,"triangles":62534020,"vertices":89019734,"batches":8577,"drawCalls":8577,"dynamicBatches":0,"frameTime":0.06946127116680145,"renderTime":0.013938252814114094,"instancedBatches":0,"shadowCasters":4580,"staticBatches":0,"dynamicBatchedDrawCalls":0,"combinedTime":0.08339952677488327,"differenceTime":-0.02301354706287384,"extra":"regular tree same material"},{"frame":42,"time":0.06914158910512924,"triangles":62534020,"vertices":89019734,"batches":8577,"drawCalls":8577,"dynamicBatches":0,"frameTime":0.06766096502542496,"renderTime":0.013978660106658936,"instancedBatches":0,"shadowCasters":4580,"staticBatches":0,"dynamicBatchedDrawCalls":0,"combinedTime":0.08163962513208389,"differenceTime":-0.012498036026954651,"extra":"regular tree same material"},{"frame":43,"time":0.07760082930326462,"triangles":62534020,"vertices":89019734,"batches":8577,"drawCalls":8577,"dynamicBatches":0,"frameTime":0.06795545667409897,"renderTime":0.01505738589912653,"instancedBatches":0,"shadowCasters":4580,"staticBatches":0,"dynamicBatchedDrawCalls":0,"combinedTime":0.08301284164190293,"differenceTime":-0.005412012338638306,"extra":"regular tree same material"},{"frame":44,"time":0.057339612394571307,"triangles":62534020,"vertices":89019734,"batches":8577,"drawCalls":8577,"dynamicBatches":0,"frameTime":0.06861283630132675,"renderTime":0.015001011081039906,"instancedBatches":0,"shadowCasters":4580,"staticBatches":0,"dynamicBatchedDrawCalls":0,"combinedTime":0.08361385017633438,"differenceTime":-0.026274237781763078,"extra":"regular tree same material"},{"frame":45,"time":0.06816497445106507,"triangles":62534020,"vertices":89019734,"batches":8577,"drawCalls":8577,"dynamicBatches":0,"frameTime":0.06759627163410187,"renderTime":0.013588679023087025,"instancedBatches":0,"shadowCasters":4580,"staticBatches":0,"dynamicBatchedDrawCalls":0,"combinedTime":0.08118495345115662,"differenceTime":-0.013019979000091553,"extra":"regular tree same material"},{"frame":46,"time":0.07574769854545593,"triangles":62534020,"vertices":89019734,"batches":8577,"drawCalls":8577,"dynamicBatches":0,"frameTime":0.0674961656332016,"renderTime":0.01398187130689621,"instancedBatches":0,"shadowCasters":4580,"staticBatches":0,"dynamicBatchedDrawCalls":0,"combinedTime":0.08147803694009781,"differenceTime":-0.005730338394641876,"extra":"regular tree same material"},{"frame":47,"time":0.06168558448553085,"triangles":62534020,"vertices":89019734,"batches":8577,"drawCalls":8577,"dynamicBatches":0,"frameTime":0.06905006617307663,"renderTime":0.013696095906198025,"instancedBatches":0,"shadowCasters":4580,"staticBatches":0,"dynamicBatchedDrawCalls":0,"combinedTime":0.08274616301059723,"differenceTime":-0.021060578525066377,"extra":"regular tree same material"},{"frame":48,"time":0.07062854617834091,"triangles":62534020,"vertices":89019734,"batches":8577,"drawCalls":8577,"dynamicBatches":0,"frameTime":0.06760035455226898,"renderTime":0.01423077192157507,"instancedBatches":0,"shadowCasters":4580,"staticBatches":0,"dynamicBatchedDrawCalls":0,"combinedTime":0.08183112740516663,"differenceTime":-0.011202581226825714,"extra":"regular tree same material"},{"frame":49,"time":0.0711888000369072,"triangles":62534020,"vertices":89019734,"batches":8577,"drawCalls":8577,"dynamicBatches":0,"frameTime":0.0673440620303154,"renderTime":0.017317896708846093,"instancedBatches":0,"shadowCasters":4580,"staticBatches":0,"dynamicBatchedDrawCalls":0,"combinedTime":0.08466196060180664,"differenceTime":-0.013473160564899445,"extra":"regular tree same material"},{"frame":50,"time":0.061782047152519229,"triangles":62534020,"vertices":89019734,"batches":8577,"drawCalls":8577,"dynamicBatches":0,"frameTime":0.06909825652837753,"renderTime":0.013702968135476113,"instancedBatches":0,"shadowCasters":4580,"staticBatches":0,"dynamicBatchedDrawCalls":0,"combinedTime":0.0828012228012085,"differenceTime":-0.02101917564868927,"extra":"regular tree same material"},{"frame":51,"time":0.06784190237522125,"triangles":62534020,"vertices":89019734,"batches":8577,"drawCalls":8577,"dynamicBatches":0,"frameTime":0.0684329941868782,"renderTime":0.014068378135561943,"instancedBatches":0,"shadowCasters":4580,"staticBatches":0,"dynamicBatchedDrawCalls":0,"combinedTime":0.0825013741850853,"differenceTime":-0.014659471809864045,"extra":"regular tree same material"},{"frame":52,"time":0.07532696425914765,"triangles":62534020,"vertices":89019734,"batches":8577,"drawCalls":8577,"dynamicBatches":0,"frameTime":0.06726941466331482,"renderTime":0.014046978205442429,"instancedBatches":0,"shadowCasters":4580,"staticBatches":0,"dynamicBatchedDrawCalls":0,"combinedTime":0.08131639659404755,"differenceTime":-0.005989432334899902,"extra":"regular tree same material"},{"frame":53,"time":0.06099855899810791,"triangles":62534020,"vertices":89019734,"batches":8577,"drawCalls":8577,"dynamicBatches":0,"frameTime":0.0690731406211853,"renderTime":0.013399649411439896,"instancedBatches":0,"shadowCasters":4580,"staticBatches":0,"dynamicBatchedDrawCalls":0,"combinedTime":0.0824727863073349,"differenceTime":-0.02147422730922699,"extra":"regular tree same material"},{"frame":54,"time":0.06740781664848328,"triangles":62534020,"vertices":89019734,"batches":8577,"drawCalls":8577,"dynamicBatches":0,"frameTime":0.06740982085466385,"renderTime":0.01388776395469904,"instancedBatches":0,"shadowCasters":4580,"staticBatches":0,"dynamicBatchedDrawCalls":0,"combinedTime":0.08129758387804032,"differenceTime":-0.013889767229557038,"extra":"regular tree same material"},{"frame":55,"time":0.07807326316833496,"triangles":62534020,"vertices":89019734,"batches":8577,"drawCalls":8577,"dynamicBatches":0,"frameTime":0.06802587956190109,"renderTime":0.014067299664020539,"instancedBatches":0,"shadowCasters":4580,"staticBatches":0,"dynamicBatchedDrawCalls":0,"combinedTime":0.08209317922592163,"differenceTime":-0.00401991605758667,"extra":"regular tree same material"},{"frame":56,"time":0.06197943538427353,"triangles":62534020,"vertices":89019734,"batches":8577,"drawCalls":8577,"dynamicBatches":0,"frameTime":0.06906528770923615,"renderTime":0.015136501751840115,"instancedBatches":0,"shadowCasters":4580,"staticBatches":0,"dynamicBatchedDrawCalls":0,"combinedTime":0.08420179039239884,"differenceTime":-0.022222355008125306,"extra":"regular tree same material"},{"frame":57,"time":0.06569889932870865,"triangles":62534020,"vertices":89019734,"batches":8577,"drawCalls":8577,"dynamicBatches":0,"frameTime":0.06865561008453369,"renderTime":0.016440438106656076,"instancedBatches":0,"shadowCasters":4580,"staticBatches":0,"dynamicBatchedDrawCalls":0,"combinedTime":0.08509604632854462,"differenceTime":-0.019397146999835969,"extra":"regular tree same material"},{"frame":58,"time":0.07520586252212525,"triangles":62534020,"vertices":89019734,"batches":8577,"drawCalls":8577,"dynamicBatches":0,"frameTime":0.06750990450382233,"renderTime":0.01422241609543562,"instancedBatches":0,"shadowCasters":4580,"staticBatches":0,"dynamicBatchedDrawCalls":0,"combinedTime":0.08173231780529022,"differenceTime":-0.006526455283164978,"extra":"regular tree same material"},{"frame":59,"time":0.0633276030421257,"triangles":62534020,"vertices":89019734,"batches":8577,"drawCalls":8577,"dynamicBatches":0,"frameTime":0.06979895383119583,"renderTime":0.013249283656477929,"instancedBatches":0,"shadowCasters":4580,"staticBatches":0,"dynamicBatchedDrawCalls":0,"combinedTime":0.08304823935031891,"differenceTime":-0.019720636308193208,"extra":"regular tree same material"},{"frame":60,"time":0.06740324199199677,"triangles":62534020,"vertices":89019734,"batches":8577,"drawCalls":8577,"dynamicBatches":0,"frameTime":0.06744218617677689,"renderTime":0.014659395441412926,"instancedBatches":0,"shadowCasters":4580,"staticBatches":0,"dynamicBatchedDrawCalls":0,"combinedTime":0.08210158348083496,"differenceTime":-0.014698341488838196,"extra":"regular tree same material"},{"frame":61,"time":0.07559402287006378,"triangles":62534020,"vertices":89019734,"batches":8577,"drawCalls":8577,"dynamicBatches":0,"frameTime":0.0674266368150711,"renderTime":0.014736822806298733,"instancedBatches":0,"shadowCasters":4580,"staticBatches":0,"dynamicBatchedDrawCalls":0,"combinedTime":0.08216346055269242,"differenceTime":-0.006569437682628632,"extra":"regular tree same material"},{"frame":62,"time":0.0605715736746788,"triangles":62534020,"vertices":89019734,"batches":8577,"drawCalls":8577,"dynamicBatches":0,"frameTime":0.06887447834014893,"renderTime":0.013842578046023846,"instancedBatches":0,"shadowCasters":4580,"staticBatches":0,"dynamicBatchedDrawCalls":0,"combinedTime":0.08271705359220505,"differenceTime":-0.022145479917526246,"extra":"regular tree same material"},{"frame":63,"time":0.06725877523422241,"triangles":62534020,"vertices":89019734,"batches":8577,"drawCalls":8577,"dynamicBatches":0,"frameTime":0.06747791916131973,"renderTime":0.015326413325965405,"instancedBatches":0,"shadowCasters":4580,"staticBatches":0,"dynamicBatchedDrawCalls":0,"combinedTime":0.08280432969331742,"differenceTime":-0.015545554459095002,"extra":"regular tree same material"},{"frame":64,"time":0.07473289966583252,"triangles":62534020,"vertices":89019734,"batches":8577,"drawCalls":8577,"dynamicBatches":0,"frameTime":0.06710584461688996,"renderTime":0.014557787217199803,"instancedBatches":0,"shadowCasters":4580,"staticBatches":0,"dynamicBatchedDrawCalls":0,"combinedTime":0.08166363090276718,"differenceTime":-0.006930731236934662,"extra":"regular tree same material"},{"frame":65,"time":0.06171100214123726,"triangles":62534020,"vertices":89019734,"batches":8577,"drawCalls":8577,"dynamicBatches":0,"frameTime":0.07045546174049378,"renderTime":0.013987799175083638,"instancedBatches":0,"shadowCasters":4580,"staticBatches":0,"dynamicBatchedDrawCalls":0,"combinedTime":0.08444326370954514,"differenceTime":-0.022732261568307878,"extra":"regular tree same material"},{"frame":66,"time":0.06828561425209046,"triangles":62534020,"vertices":89019734,"batches":8577,"drawCalls":8577,"dynamicBatches":0,"frameTime":0.06703993678092957,"renderTime":0.013758677989244461,"instancedBatches":0,"shadowCasters":4580,"staticBatches":0,"dynamicBatchedDrawCalls":0,"combinedTime":0.08079861104488373,"differenceTime":-0.012512996792793274,"extra":"regular tree same material"},{"frame":67,"time":0.07630864530801773,"triangles":62534020,"vertices":89019734,"batches":8577,"drawCalls":8577,"dynamicBatches":0,"frameTime":0.06758040934801102,"renderTime":0.014640172943472863,"instancedBatches":0,"shadowCasters":4580,"staticBatches":0,"dynamicBatchedDrawCalls":0,"combinedTime":0.08222058415412903,"differenceTime":-0.005911938846111298,"extra":"regular tree same material"},{"frame":68,"time":0.06148999184370041,"triangles":62534020,"vertices":89019734,"batches":8577,"drawCalls":8577,"dynamicBatches":0,"frameTime":0.06930534541606903,"renderTime":0.01427419576793909,"instancedBatches":0,"shadowCasters":4580,"staticBatches":0,"dynamicBatchedDrawCalls":0,"combinedTime":0.08357954025268555,"differenceTime":-0.022089548408985139,"extra":"regular tree same material"},{"frame":69,"time":0.06586941331624985,"triangles":62534020,"vertices":89019734,"batches":8577,"drawCalls":8577,"dynamicBatches":0,"frameTime":0.06752847880125046,"renderTime":0.014915424399077893,"instancedBatches":0,"shadowCasters":4580,"staticBatches":0,"dynamicBatchedDrawCalls":0,"combinedTime":0.08244390040636063,"differenceTime":-0.01657448709011078,"extra":"regular tree same material"},{"frame":70,"time":0.07618506252765656,"triangles":62534020,"vertices":89019734,"batches":8577,"drawCalls":8577,"dynamicBatches":0,"frameTime":0.06741832941770554,"renderTime":0.013721120543777943,"instancedBatches":0,"shadowCasters":4580,"staticBatches":0,"dynamicBatchedDrawCalls":0,"combinedTime":0.0811394527554512,"differenceTime":-0.004954390227794647,"extra":"regular tree same material"},{"frame":71,"time":0.06153072416782379,"triangles":62534020,"vertices":89019734,"batches":8577,"drawCalls":8577,"dynamicBatches":0,"frameTime":0.06910625845193863,"renderTime":0.013976450078189373,"instancedBatches":0,"shadowCasters":4580,"staticBatches":0,"dynamicBatchedDrawCalls":0,"combinedTime":0.08308270573616028,"differenceTime":-0.021551981568336488,"extra":"regular tree same material"},{"frame":72,"time":0.0671175941824913,"triangles":62534020,"vertices":89019734,"batches":8577,"drawCalls":8577,"dynamicBatches":0,"frameTime":0.06748492270708084,"renderTime":0.014638923108577729,"instancedBatches":0,"shadowCasters":4580,"staticBatches":0,"dynamicBatchedDrawCalls":0,"combinedTime":0.08212384581565857,"differenceTime":-0.015006251633167267,"extra":"regular tree same material"},{"frame":73,"time":0.07659315317869187,"triangles":62534020,"vertices":89019734,"batches":8577,"drawCalls":8577,"dynamicBatches":0,"frameTime":0.06741800159215927,"renderTime":0.014087473042309285,"instancedBatches":0,"shadowCasters":4580,"staticBatches":0,"dynamicBatchedDrawCalls":0,"combinedTime":0.08150547742843628,"differenceTime":-0.004912324249744415,"extra":"regular tree same material"},{"frame":74,"time":0.05995963141322136,"triangles":62534020,"vertices":89019734,"batches":8577,"drawCalls":8577,"dynamicBatches":0,"frameTime":0.06938416510820389,"renderTime":0.014929565601050854,"instancedBatches":0,"shadowCasters":4580,"staticBatches":0,"dynamicBatchedDrawCalls":0,"combinedTime":0.08431372791528702,"differenceTime":-0.02435409650206566,"extra":"regular tree same material"},{"frame":75,"time":0.06734912097454071,"triangles":62534020,"vertices":89019734,"batches":8577,"drawCalls":8577,"dynamicBatches":0,"frameTime":0.06747255474328995,"renderTime":0.014250539243221283,"instancedBatches":0,"shadowCasters":4580,"staticBatches":0,"dynamicBatchedDrawCalls":0,"combinedTime":0.08172309398651123,"differenceTime":-0.01437397301197052,"extra":"regular tree same material"},{"frame":76,"time":0.07487201690673828,"triangles":62534020,"vertices":89019734,"batches":8577,"drawCalls":8577,"dynamicBatches":0,"frameTime":0.06756679713726044,"renderTime":0.014844851568341256,"instancedBatches":0,"shadowCasters":4580,"staticBatches":0,"dynamicBatchedDrawCalls":0,"combinedTime":0.08241164684295654,"differenceTime":-0.007539629936218262,"extra":"regular tree same material"},{"frame":77,"time":0.0645294263958931,"triangles":62534020,"vertices":89019734,"batches":8577,"drawCalls":8577,"dynamicBatches":0,"frameTime":0.06900446861982346,"renderTime":0.013832427561283112,"instancedBatches":0,"shadowCasters":4580,"staticBatches":0,"dynamicBatchedDrawCalls":0,"combinedTime":0.08283689618110657,"differenceTime":-0.01830746978521347,"extra":"regular tree same material"},{"frame":78,"time":0.06736349314451218,"triangles":62534020,"vertices":89019734,"batches":8577,"drawCalls":8577,"dynamicBatches":0,"frameTime":0.0675206109881401,"renderTime":0.016893204301595689,"instancedBatches":0,"shadowCasters":4580,"staticBatches":0,"dynamicBatchedDrawCalls":0,"combinedTime":0.0844138115644455,"differenceTime":-0.01705031841993332,"extra":"regular tree same material"},{"frame":79,"time":0.07265698164701462,"triangles":62534020,"vertices":89019734,"batches":8577,"drawCalls":8577,"dynamicBatches":0,"frameTime":0.06740018725395203,"renderTime":0.01634325087070465,"instancedBatches":0,"shadowCasters":4580,"staticBatches":0,"dynamicBatchedDrawCalls":0,"combinedTime":0.08374343812465668,"differenceTime":-0.01108645647764206,"extra":"regular tree same material"},{"frame":80,"time":0.06261273473501206,"triangles":62534020,"vertices":89019734,"batches":8577,"drawCalls":8577,"dynamicBatches":0,"frameTime":0.0699155405163765,"renderTime":0.013966155238449574,"instancedBatches":0,"shadowCasters":4580,"staticBatches":0,"dynamicBatchedDrawCalls":0,"combinedTime":0.08388169854879379,"differenceTime":-0.02126896381378174,"extra":"regular tree same material"},{"frame":81,"time":0.06734011322259903,"triangles":62534020,"vertices":89019734,"batches":8577,"drawCalls":8577,"dynamicBatches":0,"frameTime":0.06753221154212952,"renderTime":0.014301074668765068,"instancedBatches":0,"shadowCasters":4580,"staticBatches":0,"dynamicBatchedDrawCalls":0,"combinedTime":0.08183328807353974,"differenceTime":-0.014493174850940705,"extra":"regular tree same material"},{"frame":82,"time":0.07540808618068695,"triangles":62534020,"vertices":89019734,"batches":8577,"drawCalls":8577,"dynamicBatches":0,"frameTime":0.06747929751873017,"renderTime":0.01450397539883852,"instancedBatches":0,"shadowCasters":4580,"staticBatches":0,"dynamicBatchedDrawCalls":0,"combinedTime":0.08198327571153641,"differenceTime":-0.006575189530849457,"extra":"regular tree same material"},{"frame":83,"time":0.060279473662376407,"triangles":62534020,"vertices":89019734,"batches":8577,"drawCalls":8577,"dynamicBatches":0,"frameTime":0.06924023479223252,"renderTime":0.01421102974563837,"instancedBatches":0,"shadowCasters":4580,"staticBatches":0,"dynamicBatchedDrawCalls":0,"combinedTime":0.08345126360654831,"differenceTime":-0.023171789944171907,"extra":"regular tree same material"},{"frame":84,"time":0.06784924864768982,"triangles":62534020,"vertices":89019734,"batches":8577,"drawCalls":8577,"dynamicBatches":0,"frameTime":0.06738294661045075,"renderTime":0.013957695104181767,"instancedBatches":0,"shadowCasters":4580,"staticBatches":0,"dynamicBatchedDrawCalls":0,"combinedTime":0.08134064078330994,"differenceTime":-0.013491392135620118,"extra":"regular tree same material"},{"frame":85,"time":0.0813344419002533,"triangles":62534020,"vertices":89019734,"batches":8577,"drawCalls":8577,"dynamicBatches":0,"frameTime":0.06744656711816788,"renderTime":0.01473283302038908,"instancedBatches":0,"shadowCasters":4580,"staticBatches":0,"dynamicBatchedDrawCalls":0,"combinedTime":0.08217939734458924,"differenceTime":-0.0008449554443359375,"extra":"regular tree same material"},{"frame":86,"time":0.05524162948131561,"triangles":62534020,"vertices":89019734,"batches":8577,"drawCalls":8577,"dynamicBatches":0,"frameTime":0.06881773471832276,"renderTime":0.014858204871416092,"instancedBatches":0,"shadowCasters":4580,"staticBatches":0,"dynamicBatchedDrawCalls":0,"combinedTime":0.08367593586444855,"differenceTime":-0.028434306383132936,"extra":"regular tree same material"},{"frame":87,"time":0.06814023852348328,"triangles":62534020,"vertices":89019734,"batches":8577,"drawCalls":8577,"dynamicBatches":0,"frameTime":0.06757195293903351,"renderTime":0.014323092065751553,"instancedBatches":0,"shadowCasters":4580,"staticBatches":0,"dynamicBatchedDrawCalls":0,"combinedTime":0.08189504593610764,"differenceTime":-0.013754807412624359,"extra":"regular tree same material"},{"frame":88,"time":0.07573627680540085,"triangles":62534020,"vertices":89019734,"batches":8577,"drawCalls":8577,"dynamicBatches":0,"frameTime":0.06802520900964737,"renderTime":0.014755656011402607,"instancedBatches":0,"shadowCasters":4580,"staticBatches":0,"dynamicBatchedDrawCalls":0,"combinedTime":0.0827808678150177,"differenceTime":-0.007044591009616852,"extra":"regular tree same material"},{"frame":89,"time":0.06123494729399681,"triangles":62534020,"vertices":89019734,"batches":8577,"drawCalls":8577,"dynamicBatches":0,"frameTime":0.06908927857875824,"renderTime":0.014633651822805405,"instancedBatches":0,"shadowCasters":4580,"staticBatches":0,"dynamicBatchedDrawCalls":0,"combinedTime":0.08372293412685394,"differenceTime":-0.022487986832857133,"extra":"regular tree same material"},{"frame":90,"time":0.0659106895327568,"triangles":62534020,"vertices":89019734,"batches":8577,"drawCalls":8577,"dynamicBatches":0,"frameTime":0.06744660437107086,"renderTime":0.014422055333852768,"instancedBatches":0,"shadowCasters":4580,"staticBatches":0,"dynamicBatchedDrawCalls":0,"combinedTime":0.08186866343021393,"differenceTime":-0.015957973897457124,"extra":"regular tree same material"},{"frame":91,"time":0.07519453018903732,"triangles":62534020,"vertices":89019734,"batches":8577,"drawCalls":8577,"dynamicBatches":0,"frameTime":0.06740088760852814,"renderTime":0.013748385943472386,"instancedBatches":0,"shadowCasters":4580,"staticBatches":0,"dynamicBatchedDrawCalls":0,"combinedTime":0.08114927262067795,"differenceTime":-0.005954742431640625,"extra":"regular tree same material"},{"frame":92,"time":0.061480820178985599,"triangles":62534020,"vertices":89019734,"batches":8577,"drawCalls":8577,"dynamicBatches":0,"frameTime":0.06911232322454453,"renderTime":0.01309441402554512,"instancedBatches":0,"shadowCasters":4580,"staticBatches":0,"dynamicBatchedDrawCalls":0,"combinedTime":0.08220674097537995,"differenceTime":-0.020725920796394349,"extra":"regular tree same material"},{"frame":93,"time":0.06815195083618164,"triangles":62534020,"vertices":89019734,"batches":8577,"drawCalls":8577,"dynamicBatches":0,"frameTime":0.06751888990402222,"renderTime":0.0139811672270298,"instancedBatches":0,"shadowCasters":4580,"staticBatches":0,"dynamicBatchedDrawCalls":0,"combinedTime":0.08150005340576172,"differenceTime":-0.013348102569580078,"extra":"regular tree same material"},{"frame":94,"time":0.07771182060241699,"triangles":62534020,"vertices":89019734,"batches":8577,"drawCalls":8577,"dynamicBatches":0,"frameTime":0.06741803884506226,"renderTime":0.01389709860086441,"instancedBatches":0,"shadowCasters":4580,"staticBatches":0,"dynamicBatchedDrawCalls":0,"combinedTime":0.08131513744592667,"differenceTime":-0.003603316843509674,"extra":"regular tree same material"},{"frame":95,"time":0.05900482460856438,"triangles":62534020,"vertices":89019734,"batches":8577,"drawCalls":8577,"dynamicBatches":0,"frameTime":0.06973619759082794,"renderTime":0.015209006145596505,"instancedBatches":0,"shadowCasters":4580,"staticBatches":0,"dynamicBatchedDrawCalls":0,"combinedTime":0.0849452018737793,"differenceTime":-0.02594037726521492,"extra":"regular tree same material"},{"frame":96,"time":0.06831634789705277,"triangles":62534020,"vertices":89019734,"batches":8577,"drawCalls":8577,"dynamicBatches":0,"frameTime":0.0674796998500824,"renderTime":0.014071373268961907,"instancedBatches":0,"shadowCasters":4580,"staticBatches":0,"dynamicBatchedDrawCalls":0,"combinedTime":0.08155107498168946,"differenceTime":-0.013234727084636689,"extra":"regular tree same material"},{"frame":97,"time":0.07718876749277115,"triangles":62534020,"vertices":89019734,"batches":8577,"drawCalls":8577,"dynamicBatches":0,"frameTime":0.06774522364139557,"renderTime":0.014832026325166226,"instancedBatches":0,"shadowCasters":4580,"staticBatches":0,"dynamicBatchedDrawCalls":0,"combinedTime":0.08257725089788437,"differenceTime":-0.00538848340511322,"extra":"regular tree same material"},{"frame":98,"time":0.07102025300264359,"triangles":62534020,"vertices":89019734,"batches":8577,"drawCalls":8577,"dynamicBatches":0,"frameTime":0.069101981818676,"renderTime":0.015393191017210484,"instancedBatches":0,"shadowCasters":4580,"staticBatches":0,"dynamicBatchedDrawCalls":0,"combinedTime":0.0844951719045639,"differenceTime":-0.013474918901920319,"extra":"regular tree same material"},{"frame":99,"time":0.05640726163983345,"triangles":62534020,"vertices":89019734,"batches":8577,"drawCalls":8577,"dynamicBatches":0,"frameTime":0.06758912652730942,"renderTime":0.024222884327173234,"instancedBatches":0,"shadowCasters":4580,"staticBatches":0,"dynamicBatchedDrawCalls":0,"combinedTime":0.09181201457977295,"differenceTime":-0.0354047529399395,"extra":"regular tree same material"},{"frame":100,"time":0.07579851895570755,"triangles":62534020,"vertices":89019734,"batches":8577,"drawCalls":8577,"dynamicBatches":0,"frameTime":0.06745950132608414,"renderTime":0.014946943148970604,"instancedBatches":0,"shadowCasters":4580,"staticBatches":0,"dynamicBatchedDrawCalls":0,"combinedTime":0.08240644633769989,"differenceTime":-0.00660792738199234,"extra":"regular tree same material"}]}