{"data":[{"frame":1,"time":0.019999999552965165,"triangles":41476,"vertices":80222,"batches":3069,"drawCalls":3069,"dynamicBatches":0,"frameTime":0.00850144773721695,"renderTime":0.005949234124273062,"instancedBatches":0,"shadowCasters":1196,"staticBatches":0,"dynamicBatchedDrawCalls":0,"combinedTime":0.014450682327151299,"differenceTime":0.005549317225813866,"extra":"cube prefab set to static"},{"frame":2,"time":0.019999999552965165,"triangles":41476,"vertices":80222,"batches":3069,"drawCalls":3069,"dynamicBatches":0,"frameTime":0.00850144773721695,"renderTime":0.005949234124273062,"instancedBatches":0,"shadowCasters":1196,"staticBatches":0,"dynamicBatchedDrawCalls":0,"combinedTime":0.014450682327151299,"differenceTime":0.005549317225813866,"extra":"cube prefab set to static"},{"frame":3,"time":0.3333333432674408,"triangles":82956,"vertices":160452,"batches":6140,"drawCalls":6140,"dynamicBatches":0,"frameTime":3.8440849781036379,"renderTime":-19131.484375,"instancedBatches":0,"shadowCasters":2392,"staticBatches":0,"dynamicBatchedDrawCalls":0,"combinedTime":-19127.640625,"differenceTime":19127.974609375,"extra":"cube prefab set to static"},{"frame":4,"time":0.036323182284832,"triangles":82956,"vertices":160452,"batches":6140,"drawCalls":6140,"dynamicBatches":0,"frameTime":3.8440849781036379,"renderTime":-19131.484375,"instancedBatches":0,"shadowCasters":2392,"staticBatches":0,"dynamicBatchedDrawCalls":0,"combinedTime":-19127.640625,"differenceTime":19127.677734375,"extra":"cube prefab set to static"},{"frame":5,"time":0.027688806876540185,"triangles":41476,"vertices":80222,"batches":3069,"drawCalls":3069,"dynamicBatches":0,"frameTime":0.02328517660498619,"renderTime":0.0068017770536243919,"instancedBatches":0,"shadowCasters":1196,"staticBatches":0,"dynamicBatchedDrawCalls":0,"combinedTime":0.030086953192949296,"differenceTime":-0.002398146316409111,"extra":"cube prefab set to static"},{"frame":6,"time":0.009833348914980889,"triangles":41476,"vertices":80222,"batches":3069,"drawCalls":3069,"dynamicBatches":0,"frameTime":0.010172237642109394,"renderTime":0.007320810109376907,"instancedBatches":0,"shadowCasters":1196,"staticBatches":0,"dynamicBatchedDrawCalls":0,"combinedTime":0.017493046820163728,"differenceTime":-0.0076596979051828388,"extra":"cube prefab set to static"},{"frame":7,"time":0.008352614007890225,"triangles":41476,"vertices":80222,"batches":3069,"drawCalls":3069,"dynamicBatches":0,"frameTime":0.010172237642109394,"renderTime":0.007320810109376907,"instancedBatches":0,"shadowCasters":1196,"staticBatches":0,"dynamicBatchedDrawCalls":0,"combinedTime":0.017493046820163728,"differenceTime":-0.009140432812273503,"extra":"cube prefab set to static"},{"frame":8,"time":0.01515671331435442,"triangles":41476,"vertices":80222,"batches":3069,"drawCalls":3069,"dynamicBatches":0,"frameTime":0.014903837814927102,"renderTime":0.006031467113643885,"instancedBatches":0,"shadowCasters":1196,"staticBatches":0,"dynamicBatchedDrawCalls":0,"combinedTime":0.0209353044629097,"differenceTime":-0.005778591148555279,"extra":"cube prefab set to static"},{"frame":9,"time":0.008941580541431904,"triangles":41476,"vertices":80222,"batches":3069,"drawCalls":3069,"dynamicBatches":0,"frameTime":0.014903837814927102,"renderTime":0.006031467113643885,"instancedBatches":0,"shadowCasters":1196,"staticBatches":0,"dynamicBatchedDrawCalls":0,"combinedTime":0.0209353044629097,"differenceTime":-0.011993723921477795,"extra":"cube prefab set to static"},{"frame":10,"time":0.007824327796697617,"triangles":41476,"vertices":80222,"batches":3069,"drawCalls":3069,"dynamicBatches":0,"frameTime":0.00782701000571251,"renderTime":0.005530213937163353,"instancedBatches":0,"shadowCasters":1196,"staticBatches":0,"dynamicBatchedDrawCalls":0,"combinedTime":0.013357223942875862,"differenceTime":-0.0055328961461782459,"extra":"cube prefab set to static"},{"frame":11,"time":0.008273724466562271,"triangles":41476,"vertices":80222,"batches":3069,"drawCalls":3069,"dynamicBatches":0,"frameTime":0.00782701000571251,"renderTime":0.005530213937163353,"instancedBatches":0,"shadowCasters":1196,"staticBatches":0,"dynamicBatchedDrawCalls":0,"combinedTime":0.013357223942875862,"differenceTime":-0.005083499476313591,"extra":"cube prefab set to static"},{"frame":12,"time":0.00897124968469143,"triangles":41476,"vertices":80222,"batches":3069,"drawCalls":3069,"dynamicBatches":0,"frameTime":0.008416598662734032,"renderTime":0.005916608031839132,"instancedBatches":0,"shadowCasters":1196,"staticBatches":0,"dynamicBatchedDrawCalls":0,"combinedTime":0.014333207160234452,"differenceTime":-0.005361957475543022,"extra":"cube prefab set to static"},{"frame":13,"time":0.010992048308253289,"triangles":41476,"vertices":80222,"batches":3069,"drawCalls":3069,"dynamicBatches":0,"frameTime":0.008416598662734032,"renderTime":0.005916608031839132,"instancedBatches":0,"shadowCasters":1196,"staticBatches":0,"dynamicBatchedDrawCalls":0,"combinedTime":0.014333207160234452,"differenceTime":-0.003341158851981163,"extra":"cube prefab set to static"},{"frame":14,"time":0.011672615073621273,"triangles":41476,"vertices":80222,"batches":3069,"drawCalls":3069,"dynamicBatches":0,"frameTime":0.010856932029128075,"renderTime":0.00731066707521677,"instancedBatches":0,"shadowCasters":1196,"staticBatches":0,"dynamicBatchedDrawCalls":0,"combinedTime":0.01816760003566742,"differenceTime":-0.006494984962046146,"extra":"cube prefab set to static"},{"frame":15,"time":0.010266680270433426,"triangles":41476,"vertices":80222,"batches":3069,"drawCalls":3069,"dynamicBatches":0,"frameTime":0.010856932029128075,"renderTime":0.00731066707521677,"instancedBatches":0,"shadowCasters":1196,"staticBatches":0,"dynamicBatchedDrawCalls":0,"combinedTime":0.01816760003566742,"differenceTime":-0.007900919765233994,"extra":"cube prefab set to static"},{"frame":16,"time":0.010358807630836964,"triangles":41476,"vertices":80222,"batches":3069,"drawCalls":3069,"dynamicBatches":0,"frameTime":0.010245071724057198,"renderTime":0.006868939846754074,"instancedBatches":0,"shadowCasters":1196,"staticBatches":0,"dynamicBatchedDrawCalls":0,"combinedTime":0.01711401157081127,"differenceTime":-0.006755203939974308,"extra":"cube prefab set to static"},{"frame":17,"time":0.010537379421293736,"triangles":41476,"vertices":80222,"batches":3069,"drawCalls":3069,"dynamicBatches":0,"frameTime":0.010414156131446362,"renderTime":0.007412362843751907,"instancedBatches":0,"shadowCasters":1196,"staticBatches":0,"dynamicBatchedDrawCalls":0,"combinedTime":0.017826519906520845,"differenceTime":-0.007289140485227108,"extra":"cube prefab set to static"},{"frame":18,"time":0.007575734052807093,"triangles":41476,"vertices":80222,"batches":3069,"drawCalls":3069,"dynamicBatches":0,"frameTime":0.010414156131446362,"renderTime":0.007412362843751907,"instancedBatches":0,"shadowCasters":1196,"staticBatches":0,"dynamicBatchedDrawCalls":0,"combinedTime":0.017826519906520845,"differenceTime":-0.010250786319375039,"extra":"cube prefab set to static"},{"frame":19,"time":0.010061020031571389,"triangles":41476,"vertices":80222,"batches":3069,"drawCalls":3069,"dynamicBatches":0,"frameTime":0.00950058177113533,"renderTime":0.0062628937885165218,"instancedBatches":0,"shadowCasters":1196,"staticBatches":0,"dynamicBatchedDrawCalls":0,"combinedTime":0.015763476490974428,"differenceTime":-0.005702456459403038,"extra":"cube prefab set to static"},{"frame":20,"time":0.007841448299586773,"triangles":41476,"vertices":80222,"batches":3069,"drawCalls":3069,"dynamicBatches":0,"frameTime":0.00950058177113533,"renderTime":0.0062628937885165218,"instancedBatches":0,"shadowCasters":1196,"staticBatches":0,"dynamicBatchedDrawCalls":0,"combinedTime":0.015763476490974428,"differenceTime":-0.007922028191387654,"extra":"cube prefab set to static"},{"frame":21,"time":0.008627218194305897,"triangles":41476,"vertices":80222,"batches":3069,"drawCalls":3069,"dynamicBatches":0,"frameTime":0.008212641812860966,"renderTime":0.0057312981225550179,"instancedBatches":0,"shadowCasters":1196,"staticBatches":0,"dynamicBatchedDrawCalls":0,"combinedTime":0.01394394040107727,"differenceTime":-0.005316722206771374,"extra":"cube prefab set to static"},{"frame":22,"time":0.008084180764853955,"triangles":41476,"vertices":80222,"batches":3069,"drawCalls":3069,"dynamicBatches":0,"frameTime":0.008523015305399895,"renderTime":0.0059030381962656979,"instancedBatches":0,"shadowCasters":1196,"staticBatches":0,"dynamicBatchedDrawCalls":0,"combinedTime":0.014426053501665593,"differenceTime":-0.006341872736811638,"extra":"cube prefab set to static"},{"frame":23,"time":0.00940618198364973,"triangles":41476,"vertices":80222,"batches":3069,"drawCalls":3069,"dynamicBatches":0,"frameTime":0.009067320264875889,"renderTime":0.006324477028101683,"instancedBatches":0,"shadowCasters":1196,"staticBatches":0,"dynamicBatchedDrawCalls":0,"combinedTime":0.015391796827316285,"differenceTime":-0.0059856148436665539,"extra":"cube prefab set to static"},{"frame":24,"time":0.014637068845331669,"triangles":41476,"vertices":80222,"batches":3069,"drawCalls":3069,"dynamicBatches":0,"frameTime":0.01457140687853098,"renderTime":0.005787035916000605,"instancedBatches":0,"shadowCasters":1196,"staticBatches":0,"dynamicBatchedDrawCalls":0,"combinedTime":0.02035844326019287,"differenceTime":-0.005721374414861202,"extra":"cube prefab set to static"},{"frame":25,"time":0.008319977670907975,"triangles":41476,"vertices":80222,"batches":3069,"drawCalls":3069,"dynamicBatches":0,"frameTime":0.01457140687853098,"renderTime":0.005787035916000605,"instancedBatches":0,"shadowCasters":1196,"staticBatches":0,"dynamicBatchedDrawCalls":0,"combinedTime":0.02035844326019287,"differenceTime":-0.012038465589284897,"extra":"cube prefab set to static"},{"frame":26,"time":0.011435539461672306,"triangles":41476,"vertices":80222,"batches":3069,"drawCalls":3069,"dynamicBatches":0,"frameTime":0.011126183904707432,"renderTime":0.007626575883477926,"instancedBatches":0,"shadowCasters":1196,"staticBatches":0,"dynamicBatchedDrawCalls":0,"combinedTime":0.01875275932252407,"differenceTime":-0.007317219860851765,"extra":"cube prefab set to static"},{"frame":27,"time":0.009682871401309967,"triangles":41476,"vertices":80222,"batches":3069,"drawCalls":3069,"dynamicBatches":0,"frameTime":0.011126183904707432,"renderTime":0.007626575883477926,"instancedBatches":0,"shadowCasters":1196,"staticBatches":0,"dynamicBatchedDrawCalls":0,"combinedTime":0.01875275932252407,"differenceTime":-0.009069887921214104,"extra":"cube prefab set to static"},{"frame":28,"time":0.008052910678088665,"triangles":41476,"vertices":80222,"batches":3069,"drawCalls":3069,"dynamicBatches":0,"frameTime":0.009906193241477013,"renderTime":0.006602041888982058,"instancedBatches":0,"shadowCasters":1196,"staticBatches":0,"dynamicBatchedDrawCalls":0,"combinedTime":0.016508234664797784,"differenceTime":-0.008455323986709118,"extra":"cube prefab set to static"},{"frame":29,"time":0.008926951326429844,"triangles":41476,"vertices":80222,"batches":3069,"drawCalls":3069,"dynamicBatches":0,"frameTime":0.008610610850155354,"renderTime":0.005952917970716953,"instancedBatches":0,"shadowCasters":1196,"staticBatches":0,"dynamicBatchedDrawCalls":0,"combinedTime":0.014563528820872307,"differenceTime":-0.005636577494442463,"extra":"cube prefab set to static"},{"frame":30,"time":0.00881103053689003,"triangles":41476,"vertices":80222,"batches":3069,"drawCalls":3069,"dynamicBatches":0,"frameTime":0.008610610850155354,"renderTime":0.005952917970716953,"instancedBatches":0,"shadowCasters":1196,"staticBatches":0,"dynamicBatchedDrawCalls":0,"combinedTime":0.014563528820872307,"differenceTime":-0.005752498283982277,"extra":"cube prefab set to static"},{"frame":31,"time":0.008483867160975933,"triangles":41476,"vertices":80222,"batches":3069,"drawCalls":3069,"dynamicBatches":0,"frameTime":0.00804203376173973,"renderTime":0.005609416868537664,"instancedBatches":0,"shadowCasters":1196,"staticBatches":0,"dynamicBatchedDrawCalls":0,"combinedTime":0.013651451095938683,"differenceTime":-0.0051675839349627499,"extra":"cube prefab set to static"},{"frame":32,"time":0.008602805435657502,"triangles":41476,"vertices":80222,"batches":3069,"drawCalls":3069,"dynamicBatches":0,"frameTime":0.00804203376173973,"renderTime":0.005609416868537664,"instancedBatches":0,"shadowCasters":1196,"staticBatches":0,"dynamicBatchedDrawCalls":0,"combinedTime":0.013651451095938683,"differenceTime":-0.005048645660281181,"extra":"cube prefab set to static"},{"frame":33,"time":0.00886473711580038,"triangles":41476,"vertices":80222,"batches":3069,"drawCalls":3069,"dynamicBatches":0,"frameTime":0.008498270995914936,"renderTime":0.005854170769453049,"instancedBatches":0,"shadowCasters":1196,"staticBatches":0,"dynamicBatchedDrawCalls":0,"combinedTime":0.014352441765367985,"differenceTime":-0.005487704649567604,"extra":"cube prefab set to static"},{"frame":34,"time":0.009424285031855107,"triangles":41476,"vertices":80222,"batches":3069,"drawCalls":3069,"dynamicBatches":0,"frameTime":0.009316598996520043,"renderTime":0.006687033921480179,"instancedBatches":0,"shadowCasters":1196,"staticBatches":0,"dynamicBatchedDrawCalls":0,"combinedTime":0.01600363291800022,"differenceTime":-0.006579347886145115,"extra":"cube prefab set to static"},{"frame":35,"time":0.010768763720989228,"triangles":41476,"vertices":80222,"batches":3069,"drawCalls":3069,"dynamicBatches":0,"frameTime":0.01075116079300642,"renderTime":0.007690640166401863,"instancedBatches":0,"shadowCasters":1196,"staticBatches":0,"dynamicBatchedDrawCalls":0,"combinedTime":0.01844180002808571,"differenceTime":-0.007673036307096481,"extra":"cube prefab set to static"},{"frame":36,"time":0.009723360650241375,"triangles":41476,"vertices":80222,"batches":3069,"drawCalls":3069,"dynamicBatches":0,"frameTime":0.01075116079300642,"renderTime":0.007690640166401863,"instancedBatches":0,"shadowCasters":1196,"staticBatches":0,"dynamicBatchedDrawCalls":0,"combinedTime":0.01844180002808571,"differenceTime":-0.008718439377844334,"extra":"cube prefab set to static"},{"frame":37,"time":0.008362030610442162,"triangles":41476,"vertices":80222,"batches":3069,"drawCalls":3069,"dynamicBatches":0,"frameTime":0.008241282775998116,"renderTime":0.005672866944223642,"instancedBatches":0,"shadowCasters":1196,"staticBatches":0,"dynamicBatchedDrawCalls":0,"combinedTime":0.01391414925456047,"differenceTime":-0.005552118644118309,"extra":"cube prefab set to static"},{"frame":38,"time":0.008299209177494049,"triangles":41476,"vertices":80222,"batches":3069,"drawCalls":3069,"dynamicBatches":0,"frameTime":0.008241282775998116,"renderTime":0.005672866944223642,"instancedBatches":0,"shadowCasters":1196,"staticBatches":0,"dynamicBatchedDrawCalls":0,"combinedTime":0.01391414925456047,"differenceTime":-0.0056149400770664219,"extra":"cube prefab set to static"},{"frame":39,"time":0.008574779145419598,"triangles":41476,"vertices":80222,"batches":3069,"drawCalls":3069,"dynamicBatches":0,"frameTime":0.008457001298666,"renderTime":0.005905920173972845,"instancedBatches":0,"shadowCasters":1196,"staticBatches":0,"dynamicBatchedDrawCalls":0,"combinedTime":0.014362921938300133,"differenceTime":-0.005788142792880535,"extra":"cube prefab set to static"},{"frame":40,"time":0.015081515535712242,"triangles":41476,"vertices":80222,"batches":3069,"drawCalls":3069,"dynamicBatches":0,"frameTime":0.014889140613377095,"renderTime":0.005638584028929472,"instancedBatches":0,"shadowCasters":1196,"staticBatches":0,"dynamicBatchedDrawCalls":0,"combinedTime":0.02052772417664528,"differenceTime":-0.005446208640933037,"extra":"cube prefab set to static"},{"frame":41,"time":0.008100951090455056,"triangles":41476,"vertices":80222,"batches":3069,"drawCalls":3069,"dynamicBatches":0,"frameTime":0.014889140613377095,"renderTime":0.005638584028929472,"instancedBatches":0,"shadowCasters":1196,"staticBatches":0,"dynamicBatchedDrawCalls":0,"combinedTime":0.02052772417664528,"differenceTime":-0.012426773086190224,"extra":"cube prefab set to static"},{"frame":42,"time":0.00854703038930893,"triangles":41476,"vertices":80222,"batches":3069,"drawCalls":3069,"dynamicBatches":0,"frameTime":0.00854664295911789,"renderTime":0.006044019013643265,"instancedBatches":0,"shadowCasters":1196,"staticBatches":0,"dynamicBatchedDrawCalls":0,"combinedTime":0.014590661972761155,"differenceTime":-0.006043631583452225,"extra":"cube prefab set to static"},{"frame":43,"time":0.00806338433176279,"triangles":41476,"vertices":80222,"batches":3069,"drawCalls":3069,"dynamicBatches":0,"frameTime":0.008228852413594723,"renderTime":0.005763200111687183,"instancedBatches":0,"shadowCasters":1196,"staticBatches":0,"dynamicBatchedDrawCalls":0,"combinedTime":0.013992052525281906,"differenceTime":-0.0059286681935191158,"extra":"cube prefab set to static"},{"frame":44,"time":0.009268438443541527,"triangles":41476,"vertices":80222,"batches":3069,"drawCalls":3069,"dynamicBatches":0,"frameTime":0.008881298825144768,"renderTime":0.0061570568941533569,"instancedBatches":0,"shadowCasters":1196,"staticBatches":0,"dynamicBatchedDrawCalls":0,"combinedTime":0.015038356184959412,"differenceTime":-0.005769917741417885,"extra":"cube prefab set to static"},{"frame":45,"time":0.008839326910674572,"triangles":41476,"vertices":80222,"batches":3069,"drawCalls":3069,"dynamicBatches":0,"frameTime":0.008881298825144768,"renderTime":0.0061570568941533569,"instancedBatches":0,"shadowCasters":1196,"staticBatches":0,"dynamicBatchedDrawCalls":0,"combinedTime":0.015038356184959412,"differenceTime":-0.00619902927428484,"extra":"cube prefab set to static"},{"frame":46,"time":0.007818156853318215,"triangles":41476,"vertices":80222,"batches":3069,"drawCalls":3069,"dynamicBatches":0,"frameTime":0.00905571412295103,"renderTime":0.006528139114379883,"instancedBatches":0,"shadowCasters":1196,"staticBatches":0,"dynamicBatchedDrawCalls":0,"combinedTime":0.015583853237330914,"differenceTime":-0.007765696384012699,"extra":"cube prefab set to static"},{"frame":47,"time":0.008078341372311116,"triangles":41476,"vertices":80222,"batches":3069,"drawCalls":3069,"dynamicBatches":0,"frameTime":0.00807231105864048,"renderTime":0.005628770217299461,"instancedBatches":0,"shadowCasters":1196,"staticBatches":0,"dynamicBatchedDrawCalls":0,"combinedTime":0.013701081275939942,"differenceTime":-0.005622739903628826,"extra":"cube prefab set to static"},{"frame":48,"time":0.008653143420815468,"triangles":41476,"vertices":80222,"batches":3069,"drawCalls":3069,"dynamicBatches":0,"frameTime":0.008519734255969525,"renderTime":0.006125472020357847,"instancedBatches":0,"shadowCasters":1196,"staticBatches":0,"dynamicBatchedDrawCalls":0,"combinedTime":0.014645205810666085,"differenceTime":-0.0059920623898506168,"extra":"cube prefab set to static"},{"frame":49,"time":0.008677328005433083,"triangles":41476,"vertices":80222,"batches":3069,"drawCalls":3069,"dynamicBatches":0,"frameTime":0.008519734255969525,"renderTime":0.006125472020357847,"instancedBatches":0,"shadowCasters":1196,"staticBatches":0,"dynamicBatchedDrawCalls":0,"combinedTime":0.014645205810666085,"differenceTime":-0.005967877805233002,"extra":"cube prefab set to static"},{"frame":50,"time":0.008006153628230095,"triangles":41476,"vertices":80222,"batches":3069,"drawCalls":3069,"dynamicBatches":0,"frameTime":0.008838534355163575,"renderTime":0.006439200136810541,"instancedBatches":0,"shadowCasters":1196,"staticBatches":0,"dynamicBatchedDrawCalls":0,"combinedTime":0.015277734026312828,"differenceTime":-0.007271580398082733,"extra":"cube prefab set to static"},{"frame":51,"time":0.00789580587297678,"triangles":41476,"vertices":80222,"batches":3069,"drawCalls":3069,"dynamicBatches":0,"frameTime":0.007965009659528733,"renderTime":0.005591467022895813,"instancedBatches":0,"shadowCasters":1196,"staticBatches":0,"dynamicBatchedDrawCalls":0,"combinedTime":0.013556476682424546,"differenceTime":-0.005660670809447765,"extra":"cube prefab set to static"},{"frame":52,"time":0.008591178804636002,"triangles":41476,"vertices":80222,"batches":3069,"drawCalls":3069,"dynamicBatches":0,"frameTime":0.00794669333845377,"renderTime":0.005499992053955793,"instancedBatches":0,"shadowCasters":1196,"staticBatches":0,"dynamicBatchedDrawCalls":0,"combinedTime":0.013446684926748276,"differenceTime":-0.004855506122112274,"extra":"cube prefab set to static"},{"frame":53,"time":0.008263287134468556,"triangles":41476,"vertices":80222,"batches":3069,"drawCalls":3069,"dynamicBatches":0,"frameTime":0.00854742806404829,"renderTime":0.005839533172547817,"instancedBatches":0,"shadowCasters":1196,"staticBatches":0,"dynamicBatchedDrawCalls":0,"combinedTime":0.014386961236596108,"differenceTime":-0.006123674102127552,"extra":"cube prefab set to static"},{"frame":54,"time":0.007916065864264965,"triangles":41476,"vertices":80222,"batches":3069,"drawCalls":3069,"dynamicBatches":0,"frameTime":0.008260832168161869,"renderTime":0.005711024161428213,"instancedBatches":0,"shadowCasters":1196,"staticBatches":0,"dynamicBatchedDrawCalls":0,"combinedTime":0.013971855863928795,"differenceTime":-0.00605578999966383,"extra":"cube prefab set to static"},{"frame":55,"time":0.00849966797977686,"triangles":41476,"vertices":80222,"batches":3069,"drawCalls":3069,"dynamicBatches":0,"frameTime":0.008113088086247445,"renderTime":0.00543180713430047,"instancedBatches":0,"shadowCasters":1196,"staticBatches":0,"dynamicBatchedDrawCalls":0,"combinedTime":0.013544894754886628,"differenceTime":-0.005045226775109768,"extra":"cube prefab set to static"},{"frame":56,"time":0.008952434174716473,"triangles":41476,"vertices":80222,"batches":3069,"drawCalls":3069,"dynamicBatches":0,"frameTime":0.008113088086247445,"renderTime":0.00543180713430047,"instancedBatches":0,"shadowCasters":1196,"staticBatches":0,"dynamicBatchedDrawCalls":0,"combinedTime":0.013544894754886628,"differenceTime":-0.004592460580170155,"extra":"cube prefab set to static"},{"frame":57,"time":0.008115619421005249,"triangles":41476,"vertices":80222,"batches":3069,"drawCalls":3069,"dynamicBatches":0,"frameTime":0.009126245975494385,"renderTime":0.006484526209533215,"instancedBatches":0,"shadowCasters":1196,"staticBatches":0,"dynamicBatchedDrawCalls":0,"combinedTime":0.0156107721850276,"differenceTime":-0.00749515276402235,"extra":"cube prefab set to static"},{"frame":58,"time":0.014956612139940262,"triangles":41476,"vertices":80222,"batches":3069,"drawCalls":3069,"dynamicBatches":0,"frameTime":0.01469880435615778,"renderTime":0.0060684881173074249,"instancedBatches":0,"shadowCasters":1196,"staticBatches":0,"dynamicBatchedDrawCalls":0,"combinedTime":0.020767292007803918,"differenceTime":-0.005810679867863655,"extra":"cube prefab set to static"},{"frame":59,"time":0.00826833676546812,"triangles":41476,"vertices":80222,"batches":3069,"drawCalls":3069,"dynamicBatches":0,"frameTime":0.008487941697239876,"renderTime":0.006057082209736109,"instancedBatches":0,"shadowCasters":1196,"staticBatches":0,"dynamicBatchedDrawCalls":0,"combinedTime":0.014545023441314698,"differenceTime":-0.006276686675846577,"extra":"cube prefab set to static"},{"frame":60,"time":0.009517976082861424,"triangles":41476,"vertices":80222,"batches":3069,"drawCalls":3069,"dynamicBatches":0,"frameTime":0.008487941697239876,"renderTime":0.006057082209736109,"instancedBatches":0,"shadowCasters":1196,"staticBatches":0,"dynamicBatchedDrawCalls":0,"combinedTime":0.014545023441314698,"differenceTime":-0.005027047358453274,"extra":"cube prefab set to static"},{"frame":61,"time":0.009399425238370896,"triangles":41476,"vertices":80222,"batches":3069,"drawCalls":3069,"dynamicBatches":0,"frameTime":0.00919575896114111,"renderTime":0.006310779135674238,"instancedBatches":0,"shadowCasters":1196,"staticBatches":0,"dynamicBatchedDrawCalls":0,"combinedTime":0.01550653763115406,"differenceTime":-0.006107112392783165,"extra":"cube prefab set to static"},{"frame":62,"time":0.008756278082728386,"triangles":41476,"vertices":80222,"batches":3069,"drawCalls":3069,"dynamicBatches":0,"frameTime":0.00919575896114111,"renderTime":0.006310779135674238,"instancedBatches":0,"shadowCasters":1196,"staticBatches":0,"dynamicBatchedDrawCalls":0,"combinedTime":0.01550653763115406,"differenceTime":-0.0067502595484256748,"extra":"cube prefab set to static"},{"frame":63,"time":0.007807806134223938,"triangles":41476,"vertices":80222,"batches":3069,"drawCalls":3069,"dynamicBatches":0,"frameTime":0.009075920097529889,"renderTime":0.006395380944013596,"instancedBatches":0,"shadowCasters":1196,"staticBatches":0,"dynamicBatchedDrawCalls":0,"combinedTime":0.015471301041543484,"differenceTime":-0.007663494907319546,"extra":"cube prefab set to static"},{"frame":64,"time":0.008405948057770729,"triangles":41476,"vertices":80222,"batches":3069,"drawCalls":3069,"dynamicBatches":0,"frameTime":0.007991956546902657,"renderTime":0.005585989914834499,"instancedBatches":0,"shadowCasters":1196,"staticBatches":0,"dynamicBatchedDrawCalls":0,"combinedTime":0.013577946461737156,"differenceTime":-0.005171998403966427,"extra":"cube prefab set to static"},{"frame":65,"time":0.008717541582882405,"triangles":41476,"vertices":80222,"batches":3069,"drawCalls":3069,"dynamicBatches":0,"frameTime":0.007991956546902657,"renderTime":0.005585989914834499,"instancedBatches":0,"shadowCasters":1196,"staticBatches":0,"dynamicBatchedDrawCalls":0,"combinedTime":0.013577946461737156,"differenceTime":-0.004860404878854752,"extra":"cube prefab set to static"},{"frame":66,"time":0.00801527127623558,"triangles":41476,"vertices":80222,"batches":3069,"drawCalls":3069,"dynamicBatches":0,"frameTime":0.008707775734364987,"renderTime":0.006173493806272745,"instancedBatches":0,"shadowCasters":1196,"staticBatches":0,"dynamicBatchedDrawCalls":0,"combinedTime":0.014881270006299019,"differenceTime":-0.006865998730063438,"extra":"cube prefab set to static"},{"frame":67,"time":0.008393739350140095,"triangles":41476,"vertices":80222,"batches":3069,"drawCalls":3069,"dynamicBatches":0,"frameTime":0.008327514864504338,"renderTime":0.00585020799189806,"instancedBatches":0,"shadowCasters":1196,"staticBatches":0,"dynamicBatchedDrawCalls":0,"combinedTime":0.014177722856402398,"differenceTime":-0.005783983506262302,"extra":"cube prefab set to static"},{"frame":68,"time":0.008197960443794728,"triangles":41476,"vertices":80222,"batches":3069,"drawCalls":3069,"dynamicBatches":0,"frameTime":0.008249764330685139,"renderTime":0.005606106016784906,"instancedBatches":0,"shadowCasters":1196,"staticBatches":0,"dynamicBatchedDrawCalls":0,"combinedTime":0.013855870813131333,"differenceTime":-0.005657910369336605,"extra":"cube prefab set to static"},{"frame":69,"time":0.00858672522008419,"triangles":41476,"vertices":80222,"batches":3069,"drawCalls":3069,"dynamicBatches":0,"frameTime":0.008386842906475068,"renderTime":0.005899778101593256,"instancedBatches":0,"shadowCasters":1196,"staticBatches":0,"dynamicBatchedDrawCalls":0,"combinedTime":0.014286620542407036,"differenceTime":-0.0056998953223228458,"extra":"cube prefab set to static"},{"frame":70,"time":0.008329692296683789,"triangles":41476,"vertices":80222,"batches":3069,"drawCalls":3069,"dynamicBatches":0,"frameTime":0.008386842906475068,"renderTime":0.005899778101593256,"instancedBatches":0,"shadowCasters":1196,"staticBatches":0,"dynamicBatchedDrawCalls":0,"combinedTime":0.014286620542407036,"differenceTime":-0.0059569282457232479,"extra":"cube prefab set to static"},{"frame":71,"time":0.008059258572757244,"triangles":41476,"vertices":80222,"batches":3069,"drawCalls":3069,"dynamicBatches":0,"frameTime":0.00855677854269743,"renderTime":0.006023765075951815,"instancedBatches":0,"shadowCasters":1196,"staticBatches":0,"dynamicBatchedDrawCalls":0,"combinedTime":0.014580544084310532,"differenceTime":-0.0065212855115532879,"extra":"cube prefab set to static"},{"frame":72,"time":0.008067140355706215,"triangles":41476,"vertices":80222,"batches":3069,"drawCalls":3069,"dynamicBatches":0,"frameTime":0.008123098872601986,"renderTime":0.0057022240944206718,"instancedBatches":0,"shadowCasters":1196,"staticBatches":0,"dynamicBatchedDrawCalls":0,"combinedTime":0.013825323432683945,"differenceTime":-0.00575818307697773,"extra":"cube prefab set to static"},{"frame":73,"time":0.008784504607319832,"triangles":41476,"vertices":80222,"batches":3069,"drawCalls":3069,"dynamicBatches":0,"frameTime":0.008596239611506462,"renderTime":0.006034323945641518,"instancedBatches":0,"shadowCasters":1196,"staticBatches":0,"dynamicBatchedDrawCalls":0,"combinedTime":0.01463056355714798,"differenceTime":-0.005846058949828148,"extra":"cube prefab set to static"},{"frame":74,"time":0.008387378416955471,"triangles":41476,"vertices":80222,"batches":3069,"drawCalls":3069,"dynamicBatches":0,"frameTime":0.008596239611506462,"renderTime":0.006034323945641518,"instancedBatches":0,"shadowCasters":1196,"staticBatches":0,"dynamicBatchedDrawCalls":0,"combinedTime":0.01463056355714798,"differenceTime":-0.006243185140192509,"extra":"cube prefab set to static"},{"frame":75,"time":0.016635797917842866,"triangles":41476,"vertices":80222,"batches":3069,"drawCalls":3069,"dynamicBatches":0,"frameTime":0.016382796689867975,"renderTime":0.005582637153565884,"instancedBatches":0,"shadowCasters":1196,"staticBatches":0,"dynamicBatchedDrawCalls":0,"combinedTime":0.021965432912111284,"differenceTime":-0.005329634994268417,"extra":"cube prefab set to static"},{"frame":76,"time":0.007634234149008989,"triangles":41476,"vertices":80222,"batches":3069,"drawCalls":3069,"dynamicBatches":0,"frameTime":0.016382796689867975,"renderTime":0.005582637153565884,"instancedBatches":0,"shadowCasters":1196,"staticBatches":0,"dynamicBatchedDrawCalls":0,"combinedTime":0.021965432912111284,"differenceTime":-0.01433119922876358,"extra":"cube prefab set to static"},{"frame":77,"time":0.007746919058263302,"triangles":41476,"vertices":80222,"batches":3069,"drawCalls":3069,"dynamicBatches":0,"frameTime":0.007622449193149805,"renderTime":0.0052605560049414639,"instancedBatches":0,"shadowCasters":1196,"staticBatches":0,"dynamicBatchedDrawCalls":0,"combinedTime":0.012883005663752556,"differenceTime":-0.005136086605489254,"extra":"cube prefab set to static"},{"frame":78,"time":0.008645212277770043,"triangles":41476,"vertices":80222,"batches":3069,"drawCalls":3069,"dynamicBatches":0,"frameTime":0.007622449193149805,"renderTime":0.0052605560049414639,"instancedBatches":0,"shadowCasters":1196,"staticBatches":0,"dynamicBatchedDrawCalls":0,"combinedTime":0.012883005663752556,"differenceTime":-0.004237793385982513,"extra":"cube prefab set to static"},{"frame":79,"time":0.008586704730987549,"triangles":41476,"vertices":80222,"batches":3069,"drawCalls":3069,"dynamicBatches":0,"frameTime":0.008626162074506283,"renderTime":0.006364990025758743,"instancedBatches":0,"shadowCasters":1196,"staticBatches":0,"dynamicBatchedDrawCalls":0,"combinedTime":0.014991152100265026,"differenceTime":-0.006404447369277477,"extra":"cube prefab set to static"},{"frame":80,"time":0.007617338094860315,"triangles":41476,"vertices":80222,"batches":3069,"drawCalls":3069,"dynamicBatches":0,"frameTime":0.008379129692912102,"renderTime":0.005785786081105471,"instancedBatches":0,"shadowCasters":1196,"staticBatches":0,"dynamicBatchedDrawCalls":0,"combinedTime":0.014164915308356285,"differenceTime":-0.00654757721349597,"extra":"cube prefab set to static"},{"frame":81,"time":0.008077827282249928,"triangles":41476,"vertices":80222,"batches":3069,"drawCalls":3069,"dynamicBatches":0,"frameTime":0.007999333553016186,"renderTime":0.005583279766142368,"instancedBatches":0,"shadowCasters":1196,"staticBatches":0,"dynamicBatchedDrawCalls":0,"combinedTime":0.013582613319158554,"differenceTime":-0.0055047860369086269,"extra":"cube prefab set to static"},{"frame":82,"time":0.008494754321873188,"triangles":41476,"vertices":80222,"batches":3069,"drawCalls":3069,"dynamicBatches":0,"frameTime":0.00788978859782219,"renderTime":0.005603794939815998,"instancedBatches":0,"shadowCasters":1196,"staticBatches":0,"dynamicBatchedDrawCalls":0,"combinedTime":0.013493583537638188,"differenceTime":-0.004998829215764999,"extra":"cube prefab set to static"},{"frame":83,"time":0.00811464712023735,"triangles":41476,"vertices":80222,"batches":3069,"drawCalls":3069,"dynamicBatches":0,"frameTime":0.008598661050200463,"renderTime":0.006167196203023195,"instancedBatches":0,"shadowCasters":1196,"staticBatches":0,"dynamicBatchedDrawCalls":0,"combinedTime":0.01476585678756237,"differenceTime":-0.00665120966732502,"extra":"cube prefab set to static"},{"frame":84,"time":0.008442320860922337,"triangles":41476,"vertices":80222,"batches":3069,"drawCalls":3069,"dynamicBatches":0,"frameTime":0.007963387295603753,"renderTime":0.0056214951910078529,"instancedBatches":0,"shadowCasters":1196,"staticBatches":0,"dynamicBatchedDrawCalls":0,"combinedTime":0.013584882020950318,"differenceTime":-0.005142561160027981,"extra":"cube prefab set to static"},{"frame":85,"time":0.008226290345191956,"triangles":41476,"vertices":80222,"batches":3069,"drawCalls":3069,"dynamicBatches":0,"frameTime":0.008274894207715989,"renderTime":0.00570632703602314,"instancedBatches":0,"shadowCasters":1196,"staticBatches":0,"dynamicBatchedDrawCalls":0,"combinedTime":0.013981221243739128,"differenceTime":-0.0057549308985471729,"extra":"cube prefab set to static"},{"frame":86,"time":0.008177772164344788,"triangles":41476,"vertices":80222,"batches":3069,"drawCalls":3069,"dynamicBatches":0,"frameTime":0.008274894207715989,"renderTime":0.00570632703602314,"instancedBatches":0,"shadowCasters":1196,"staticBatches":0,"dynamicBatchedDrawCalls":0,"combinedTime":0.013981221243739128,"differenceTime":-0.0058034490793943409,"extra":"cube prefab set to static"},{"frame":87,"time":0.007896642200648785,"triangles":41476,"vertices":80222,"batches":3069,"drawCalls":3069,"dynamicBatches":0,"frameTime":0.00823501031845808,"renderTime":0.005696806125342846,"instancedBatches":0,"shadowCasters":1196,"staticBatches":0,"dynamicBatchedDrawCalls":0,"combinedTime":0.013931816443800927,"differenceTime":-0.006035174243152142,"extra":"cube prefab set to static"},{"frame":88,"time":0.008668349124491215,"triangles":41476,"vertices":80222,"batches":3069,"drawCalls":3069,"dynamicBatches":0,"frameTime":0.007997959852218628,"renderTime":0.0056606680154800419,"instancedBatches":0,"shadowCasters":1196,"staticBatches":0,"dynamicBatchedDrawCalls":0,"combinedTime":0.01365862786769867,"differenceTime":-0.004990278743207455,"extra":"cube prefab set to static"},{"frame":89,"time":0.008111407980322838,"triangles":41476,"vertices":80222,"batches":3069,"drawCalls":3069,"dynamicBatches":0,"frameTime":0.008469359949231148,"renderTime":0.005941526964306831,"instancedBatches":0,"shadowCasters":1196,"staticBatches":0,"dynamicBatchedDrawCalls":0,"combinedTime":0.014410886913537979,"differenceTime":-0.006299478933215141,"extra":"cube prefab set to static"},{"frame":90,"time":0.008442762307822705,"triangles":41476,"vertices":80222,"batches":3069,"drawCalls":3069,"dynamicBatches":0,"frameTime":0.008307073265314103,"renderTime":0.005868983920663595,"instancedBatches":0,"shadowCasters":1196,"staticBatches":0,"dynamicBatchedDrawCalls":0,"combinedTime":0.014176057651638985,"differenceTime":-0.00573329534381628,"extra":"cube prefab set to static"},{"frame":91,"time":0.00828308891505003,"triangles":41476,"vertices":80222,"batches":3069,"drawCalls":3069,"dynamicBatches":0,"frameTime":0.00829571858048439,"renderTime":0.005836624186486006,"instancedBatches":0,"shadowCasters":1196,"staticBatches":0,"dynamicBatchedDrawCalls":0,"combinedTime":0.014132343232631684,"differenceTime":-0.005849254317581654,"extra":"cube prefab set to static"},{"frame":92,"time":0.00829948578029871,"triangles":41476,"vertices":80222,"batches":3069,"drawCalls":3069,"dynamicBatches":0,"frameTime":0.008148402906954289,"renderTime":0.005769988056272268,"instancedBatches":0,"shadowCasters":1196,"staticBatches":0,"dynamicBatchedDrawCalls":0,"combinedTime":0.01391839049756527,"differenceTime":-0.00561890471726656,"extra":"cube prefab set to static"},{"frame":93,"time":0.015381406992673874,"triangles":41476,"vertices":80222,"batches":3069,"drawCalls":3069,"dynamicBatches":0,"frameTime":0.015105778351426125,"renderTime":0.00602372083812952,"instancedBatches":0,"shadowCasters":1196,"staticBatches":0,"dynamicBatchedDrawCalls":0,"combinedTime":0.02112950012087822,"differenceTime":-0.005748093128204346,"extra":"cube prefab set to static"},{"frame":94,"time":0.007874531671404839,"triangles":41476,"vertices":80222,"batches":3069,"drawCalls":3069,"dynamicBatches":0,"frameTime":0.015105778351426125,"renderTime":0.00602372083812952,"instancedBatches":0,"shadowCasters":1196,"staticBatches":0,"dynamicBatchedDrawCalls":0,"combinedTime":0.02112950012087822,"differenceTime":-0.013254968449473381,"extra":"cube prefab set to static"},{"frame":95,"time":0.008472546003758908,"triangles":41476,"vertices":80222,"batches":3069,"drawCalls":3069,"dynamicBatches":0,"frameTime":0.008445304818451405,"renderTime":0.005956667009741068,"instancedBatches":0,"shadowCasters":1196,"staticBatches":0,"dynamicBatchedDrawCalls":0,"combinedTime":0.01440197229385376,"differenceTime":-0.0059294262900948528,"extra":"cube prefab set to static"},{"frame":96,"time":0.008237140253186226,"triangles":41476,"vertices":80222,"batches":3069,"drawCalls":3069,"dynamicBatches":0,"frameTime":0.00805805716663599,"renderTime":0.005615910980850458,"instancedBatches":0,"shadowCasters":1196,"staticBatches":0,"dynamicBatchedDrawCalls":0,"combinedTime":0.013673968613147736,"differenceTime":-0.00543682835996151,"extra":"cube prefab set to static"},{"frame":97,"time":0.008073853328824044,"triangles":41476,"vertices":80222,"batches":3069,"drawCalls":3069,"dynamicBatches":0,"frameTime":0.008356820791959763,"renderTime":0.005594857037067413,"instancedBatches":0,"shadowCasters":1196,"staticBatches":0,"dynamicBatchedDrawCalls":0,"combinedTime":0.013951677829027176,"differenceTime":-0.005877824500203133,"extra":"cube prefab set to static"},{"frame":98,"time":0.008437509648501873,"triangles":41476,"vertices":80222,"batches":3069,"drawCalls":3069,"dynamicBatches":0,"frameTime":0.008261394686996937,"renderTime":0.00593568617478013,"instancedBatches":0,"shadowCasters":1196,"staticBatches":0,"dynamicBatchedDrawCalls":0,"combinedTime":0.014197081327438355,"differenceTime":-0.0057595716789364819,"extra":"cube prefab set to static"},{"frame":99,"time":0.008301801048219204,"triangles":41476,"vertices":80222,"batches":3069,"drawCalls":3069,"dynamicBatches":0,"frameTime":0.008398749865591526,"renderTime":0.0057809301652014259,"instancedBatches":0,"shadowCasters":1196,"staticBatches":0,"dynamicBatchedDrawCalls":0,"combinedTime":0.014179680496454239,"differenceTime":-0.005877879448235035,"extra":"cube prefab set to static"},{"frame":100,"time":0.008495502173900605,"triangles":41476,"vertices":80222,"batches":3069,"drawCalls":3069,"dynamicBatches":0,"frameTime":0.008055959828197956,"renderTime":0.005710693076252937,"instancedBatches":0,"shadowCasters":1196,"staticBatches":0,"dynamicBatchedDrawCalls":0,"combinedTime":0.013766652904450894,"differenceTime":-0.005271150730550289,"extra":"cube prefab set to static"}]}