{"data":[{"frame":1,"time":0.019999999552965165,"triangles":62534020,"vertices":89019734,"batches":8577,"drawCalls":8577,"dynamicBatches":0,"frameTime":0.390592098236084,"renderTime":0.01632843352854252,"instancedBatches":0,"shadowCasters":4580,"staticBatches":0,"dynamicBatchedDrawCalls":0,"combinedTime":0.40692052245140078,"differenceTime":-0.3869205117225647,"extra":"gpu instance tree"},{"frame":2,"time":0.019999999552965165,"triangles":62534020,"vertices":89019734,"batches":8577,"drawCalls":8577,"dynamicBatches":0,"frameTime":0.390592098236084,"renderTime":0.01632843352854252,"instancedBatches":0,"shadowCasters":4580,"staticBatches":0,"dynamicBatchedDrawCalls":0,"combinedTime":0.40692052245140078,"differenceTime":-0.3869205117225647,"extra":"gpu instance tree"},{"frame":3,"time":0.3333333432674408,"triangles":62534024,"vertices":89019742,"batches":46,"drawCalls":46,"dynamicBatches":0,"frameTime":3.9820361137390138,"renderTime":-26963.732421875,"instancedBatches":35,"shadowCasters":4580,"staticBatches":0,"dynamicBatchedDrawCalls":0,"combinedTime":-26959.75,"differenceTime":26960.083984375,"extra":"gpu instance tree"},{"frame":4,"time":0.03214293345808983,"triangles":62534024,"vertices":89019742,"batches":46,"drawCalls":46,"dynamicBatches":0,"frameTime":3.9820361137390138,"renderTime":-26963.732421875,"instancedBatches":35,"shadowCasters":4580,"staticBatches":0,"dynamicBatchedDrawCalls":0,"combinedTime":-26959.75,"differenceTime":26959.78125,"extra":"gpu instance tree"},{"frame":5,"time":0.08414828777313233,"triangles":62534020,"vertices":89019734,"batches":44,"drawCalls":44,"dynamicBatches":0,"frameTime":0.01702379621565342,"renderTime":0.002347338944673538,"instancedBatches":35,"shadowCasters":4580,"staticBatches":0,"dynamicBatchedDrawCalls":0,"combinedTime":0.019371135160326959,"differenceTime":0.06477715075016022,"extra":"gpu instance tree"},{"frame":6,"time":0.06804627180099487,"triangles":62534020,"vertices":89019734,"batches":44,"drawCalls":44,"dynamicBatches":0,"frameTime":0.06801179051399231,"renderTime":0.003139730077236891,"instancedBatches":35,"shadowCasters":4580,"staticBatches":0,"dynamicBatchedDrawCalls":0,"combinedTime":0.07115151733160019,"differenceTime":-0.003105245530605316,"extra":"gpu instance tree"},{"frame":7,"time":0.006451644003391266,"triangles":62534020,"vertices":89019734,"batches":44,"drawCalls":44,"dynamicBatches":0,"frameTime":0.006472431123256683,"renderTime":0.003201264888048172,"instancedBatches":35,"shadowCasters":4580,"staticBatches":0,"dynamicBatchedDrawCalls":0,"combinedTime":0.009673696011304856,"differenceTime":-0.0032220520079135896,"extra":"gpu instance tree"},{"frame":8,"time":0.00615302100777626,"triangles":62534020,"vertices":89019734,"batches":44,"drawCalls":44,"dynamicBatches":0,"frameTime":0.006472431123256683,"renderTime":0.003201264888048172,"instancedBatches":35,"shadowCasters":4580,"staticBatches":0,"dynamicBatchedDrawCalls":0,"combinedTime":0.009673696011304856,"differenceTime":-0.003520675003528595,"extra":"gpu instance tree"},{"frame":9,"time":0.05871075019240379,"triangles":62534020,"vertices":89019734,"batches":44,"drawCalls":44,"dynamicBatches":0,"frameTime":0.006919668056070805,"renderTime":0.002910157898440957,"instancedBatches":35,"shadowCasters":4580,"staticBatches":0,"dynamicBatchedDrawCalls":0,"combinedTime":0.009829825721681118,"differenceTime":0.0488809235394001,"extra":"gpu instance tree"},{"frame":10,"time":0.006379837170243263,"triangles":62534020,"vertices":89019734,"batches":44,"drawCalls":44,"dynamicBatches":0,"frameTime":0.006919668056070805,"renderTime":0.002910157898440957,"instancedBatches":35,"shadowCasters":4580,"staticBatches":0,"dynamicBatchedDrawCalls":0,"combinedTime":0.009829825721681118,"differenceTime":-0.0034499885514378549,"extra":"gpu instance tree"},{"frame":11,"time":0.06347377598285675,"triangles":62534020,"vertices":89019734,"batches":44,"drawCalls":44,"dynamicBatches":0,"frameTime":0.061813101172447208,"renderTime":0.003022971097379923,"instancedBatches":35,"shadowCasters":4580,"staticBatches":0,"dynamicBatchedDrawCalls":0,"combinedTime":0.06483606994152069,"differenceTime":-0.0013622939586639405,"extra":"gpu instance tree"},{"frame":12,"time":0.13411037623882295,"triangles":62534020,"vertices":89019734,"batches":44,"drawCalls":44,"dynamicBatches":0,"frameTime":0.06822217255830765,"renderTime":0.0031006010249257089,"instancedBatches":35,"shadowCasters":4580,"staticBatches":0,"dynamicBatchedDrawCalls":0,"combinedTime":0.07132277637720108,"differenceTime":0.06278759986162186,"extra":"gpu instance tree"},{"frame":13,"time":0.06830020993947983,"triangles":62534020,"vertices":89019734,"batches":44,"drawCalls":44,"dynamicBatches":0,"frameTime":0.13553458452224732,"renderTime":0.0023741440381854774,"instancedBatches":35,"shadowCasters":4580,"staticBatches":0,"dynamicBatchedDrawCalls":0,"combinedTime":0.13790872693061829,"differenceTime":-0.06960851699113846,"extra":"gpu instance tree"},{"frame":14,"time":0.13675594329833985,"triangles":62534020,"vertices":89019734,"batches":44,"drawCalls":44,"dynamicBatches":0,"frameTime":0.07476843148469925,"renderTime":0.002374822972342372,"instancedBatches":35,"shadowCasters":4580,"staticBatches":0,"dynamicBatchedDrawCalls":0,"combinedTime":0.07714325189590454,"differenceTime":0.0596126914024353,"extra":"gpu instance tree"},{"frame":15,"time":0.006765937898308039,"triangles":62534020,"vertices":89019734,"batches":44,"drawCalls":44,"dynamicBatches":0,"frameTime":0.07476843148469925,"renderTime":0.002374822972342372,"instancedBatches":35,"shadowCasters":4580,"staticBatches":0,"dynamicBatchedDrawCalls":0,"combinedTime":0.07714325189590454,"differenceTime":-0.07037731260061264,"extra":"gpu instance tree"},{"frame":16,"time":0.062173329293727878,"triangles":62534020,"vertices":89019734,"batches":44,"drawCalls":44,"dynamicBatches":0,"frameTime":0.0629509761929512,"renderTime":0.003584390040487051,"instancedBatches":35,"shadowCasters":4580,"staticBatches":0,"dynamicBatchedDrawCalls":0,"combinedTime":0.06653536856174469,"differenceTime":-0.004362039268016815,"extra":"gpu instance tree"},{"frame":17,"time":0.09111206233501435,"triangles":62534020,"vertices":89019734,"batches":44,"drawCalls":44,"dynamicBatches":0,"frameTime":0.06758920848369599,"renderTime":0.00245146406814456,"instancedBatches":35,"shadowCasters":4580,"staticBatches":0,"dynamicBatchedDrawCalls":0,"combinedTime":0.07004067301750183,"differenceTime":0.021071389317512513,"extra":"gpu instance tree"},{"frame":18,"time":0.04943310096859932,"triangles":62534020,"vertices":89019734,"batches":44,"drawCalls":44,"dynamicBatches":0,"frameTime":0.07045368105173111,"renderTime":0.0027421710547059776,"instancedBatches":35,"shadowCasters":4580,"staticBatches":0,"dynamicBatchedDrawCalls":0,"combinedTime":0.07319585233926773,"differenceTime":-0.02376275137066841,"extra":"gpu instance tree"},{"frame":19,"time":0.0651056319475174,"triangles":62534020,"vertices":89019734,"batches":44,"drawCalls":44,"dynamicBatches":0,"frameTime":0.06756051629781723,"renderTime":0.0034693239722400905,"instancedBatches":35,"shadowCasters":4580,"staticBatches":0,"dynamicBatchedDrawCalls":0,"combinedTime":0.07102984189987183,"differenceTime":-0.005924209952354431,"extra":"gpu instance tree"},{"frame":20,"time":0.0755355954170227,"triangles":62534020,"vertices":89019734,"batches":44,"drawCalls":44,"dynamicBatches":0,"frameTime":0.06736787408590317,"renderTime":0.002503443043678999,"instancedBatches":35,"shadowCasters":4580,"staticBatches":0,"dynamicBatchedDrawCalls":0,"combinedTime":0.06987131386995316,"differenceTime":0.0056642815470695499,"extra":"gpu instance tree"},{"frame":21,"time":0.0620395727455616,"triangles":62534020,"vertices":89019734,"batches":44,"drawCalls":44,"dynamicBatches":0,"frameTime":0.07013266533613205,"renderTime":0.0028397240675985815,"instancedBatches":35,"shadowCasters":4580,"staticBatches":0,"dynamicBatchedDrawCalls":0,"combinedTime":0.0729723870754242,"differenceTime":-0.010932814329862595,"extra":"gpu instance tree"},{"frame":22,"time":0.06894994527101517,"triangles":62534020,"vertices":89019734,"batches":44,"drawCalls":44,"dynamicBatches":0,"frameTime":0.0675632432103157,"renderTime":0.0024536559358239176,"instancedBatches":35,"shadowCasters":4580,"staticBatches":0,"dynamicBatchedDrawCalls":0,"combinedTime":0.07001689821481705,"differenceTime":-0.0010669529438018799,"extra":"gpu instance tree"},{"frame":23,"time":0.07413865625858307,"triangles":62534020,"vertices":89019734,"batches":44,"drawCalls":44,"dynamicBatches":0,"frameTime":0.06755466759204865,"renderTime":0.003172589000314474,"instancedBatches":35,"shadowCasters":4580,"staticBatches":0,"dynamicBatchedDrawCalls":0,"combinedTime":0.07072725892066956,"differenceTime":0.003411397337913513,"extra":"gpu instance tree"},{"frame":24,"time":0.06456123292446137,"triangles":62534020,"vertices":89019734,"batches":44,"drawCalls":44,"dynamicBatches":0,"frameTime":0.07016129791736603,"renderTime":0.003539344994351268,"instancedBatches":35,"shadowCasters":4580,"staticBatches":0,"dynamicBatchedDrawCalls":0,"combinedTime":0.07370064407587052,"differenceTime":-0.00913941115140915,"extra":"gpu instance tree"},{"frame":25,"time":0.06646961718797684,"triangles":62534020,"vertices":89019734,"batches":44,"drawCalls":44,"dynamicBatches":0,"frameTime":0.0677630826830864,"renderTime":0.0034368440974503757,"instancedBatches":35,"shadowCasters":4580,"staticBatches":0,"dynamicBatchedDrawCalls":0,"combinedTime":0.0711999237537384,"differenceTime":-0.004730306565761566,"extra":"gpu instance tree"},{"frame":26,"time":0.07544916868209839,"triangles":62534020,"vertices":89019734,"batches":44,"drawCalls":44,"dynamicBatches":0,"frameTime":0.06787418574094773,"renderTime":0.0030440869741141798,"instancedBatches":35,"shadowCasters":4580,"staticBatches":0,"dynamicBatchedDrawCalls":0,"combinedTime":0.07091826945543289,"differenceTime":0.004530899226665497,"extra":"gpu instance tree"},{"frame":27,"time":0.06400199234485626,"triangles":62534020,"vertices":89019734,"batches":44,"drawCalls":44,"dynamicBatches":0,"frameTime":0.06992362439632416,"renderTime":0.003326189937070012,"instancedBatches":35,"shadowCasters":4580,"staticBatches":0,"dynamicBatchedDrawCalls":0,"combinedTime":0.07324981689453125,"differenceTime":-0.009247824549674988,"extra":"gpu instance tree"},{"frame":28,"time":0.06641159951686859,"triangles":62534020,"vertices":89019734,"batches":44,"drawCalls":44,"dynamicBatches":0,"frameTime":0.06850823760032654,"renderTime":0.003594321897253394,"instancedBatches":35,"shadowCasters":4580,"staticBatches":0,"dynamicBatchedDrawCalls":0,"combinedTime":0.07210256159305573,"differenceTime":-0.005690962076187134,"extra":"gpu instance tree"},{"frame":29,"time":0.07508981972932816,"triangles":62534020,"vertices":89019734,"batches":44,"drawCalls":44,"dynamicBatches":0,"frameTime":0.06738549470901489,"renderTime":0.0031433189287781717,"instancedBatches":35,"shadowCasters":4580,"staticBatches":0,"dynamicBatchedDrawCalls":0,"combinedTime":0.07052881270647049,"differenceTime":0.004561007022857666,"extra":"gpu instance tree"},{"frame":30,"time":0.06250401586294174,"triangles":62534020,"vertices":89019734,"batches":44,"drawCalls":44,"dynamicBatches":0,"frameTime":0.0701451450586319,"renderTime":0.0028823870234191419,"instancedBatches":35,"shadowCasters":4580,"staticBatches":0,"dynamicBatchedDrawCalls":0,"combinedTime":0.07302752882242203,"differenceTime":-0.010523512959480286,"extra":"gpu instance tree"},{"frame":31,"time":0.06836625933647156,"triangles":62534020,"vertices":89019734,"batches":44,"drawCalls":44,"dynamicBatches":0,"frameTime":0.06773743778467179,"renderTime":0.0031611809972673656,"instancedBatches":35,"shadowCasters":4580,"staticBatches":0,"dynamicBatchedDrawCalls":0,"combinedTime":0.0708986222743988,"differenceTime":-0.002532362937927246,"extra":"gpu instance tree"},{"frame":32,"time":0.0752677246928215,"triangles":62534020,"vertices":89019734,"batches":44,"drawCalls":44,"dynamicBatches":0,"frameTime":0.06738945841789246,"renderTime":0.003478219034150243,"instancedBatches":35,"shadowCasters":4580,"staticBatches":0,"dynamicBatchedDrawCalls":0,"combinedTime":0.07086768001317978,"differenceTime":0.004400044679641724,"extra":"gpu instance tree"},{"frame":33,"time":0.06293554604053498,"triangles":62534020,"vertices":89019734,"batches":44,"drawCalls":44,"dynamicBatches":0,"frameTime":0.07030463963747025,"renderTime":0.0037396159023046495,"instancedBatches":35,"shadowCasters":4580,"staticBatches":0,"dynamicBatchedDrawCalls":0,"combinedTime":0.07404425740242005,"differenceTime":-0.01110871136188507,"extra":"gpu instance tree"},{"frame":34,"time":0.06702861189842224,"triangles":62534020,"vertices":89019734,"batches":44,"drawCalls":44,"dynamicBatches":0,"frameTime":0.06765832006931305,"renderTime":0.0034484181087464096,"instancedBatches":35,"shadowCasters":4580,"staticBatches":0,"dynamicBatchedDrawCalls":0,"combinedTime":0.07110673934221268,"differenceTime":-0.004078127443790436,"extra":"gpu instance tree"},{"frame":35,"time":0.07282212376594544,"triangles":62534020,"vertices":89019734,"batches":44,"drawCalls":44,"dynamicBatches":0,"frameTime":0.06904222071170807,"renderTime":0.003205768996849656,"instancedBatches":35,"shadowCasters":4580,"staticBatches":0,"dynamicBatchedDrawCalls":0,"combinedTime":0.07224798947572708,"differenceTime":0.0005741342902183533,"extra":"gpu instance tree"},{"frame":36,"time":0.06509966403245926,"triangles":62534020,"vertices":89019734,"batches":44,"drawCalls":44,"dynamicBatches":0,"frameTime":0.06970610469579697,"renderTime":0.0023752350825816395,"instancedBatches":35,"shadowCasters":4580,"staticBatches":0,"dynamicBatchedDrawCalls":0,"combinedTime":0.07208134233951569,"differenceTime":-0.006981678307056427,"extra":"gpu instance tree"},{"frame":37,"time":0.06981590390205383,"triangles":62534020,"vertices":89019734,"batches":44,"drawCalls":44,"dynamicBatches":0,"frameTime":0.0686047226190567,"renderTime":0.002741822972893715,"instancedBatches":35,"shadowCasters":4580,"staticBatches":0,"dynamicBatchedDrawCalls":0,"combinedTime":0.07134654372930527,"differenceTime":-0.0015306398272514344,"extra":"gpu instance tree"},{"frame":38,"time":0.07465720921754837,"triangles":62534020,"vertices":89019734,"batches":44,"drawCalls":44,"dynamicBatches":0,"frameTime":0.06742213666439057,"renderTime":0.003226133994758129,"instancedBatches":35,"shadowCasters":4580,"staticBatches":0,"dynamicBatchedDrawCalls":0,"combinedTime":0.07064826786518097,"differenceTime":0.004008941352367401,"extra":"gpu instance tree"},{"frame":39,"time":0.061675313860177997,"triangles":62534020,"vertices":89019734,"batches":44,"drawCalls":44,"dynamicBatches":0,"frameTime":0.07019072771072388,"renderTime":0.0025841309688985349,"instancedBatches":35,"shadowCasters":4580,"staticBatches":0,"dynamicBatchedDrawCalls":0,"combinedTime":0.07277485728263855,"differenceTime":-0.011099543422460556,"extra":"gpu instance tree"},{"frame":40,"time":0.06827080994844437,"triangles":62534020,"vertices":89019734,"batches":44,"drawCalls":44,"dynamicBatches":0,"frameTime":0.06772014498710633,"renderTime":0.0028452579863369467,"instancedBatches":35,"shadowCasters":4580,"staticBatches":0,"dynamicBatchedDrawCalls":0,"combinedTime":0.07056540250778198,"differenceTime":-0.002294592559337616,"extra":"gpu instance tree"},{"frame":41,"time":0.07511935383081436,"triangles":62534020,"vertices":89019734,"batches":44,"drawCalls":44,"dynamicBatches":0,"frameTime":0.06745371967554093,"renderTime":0.0031784079037606718,"instancedBatches":35,"shadowCasters":4580,"staticBatches":0,"dynamicBatchedDrawCalls":0,"combinedTime":0.07063212990760803,"differenceTime":0.004487223923206329,"extra":"gpu instance tree"},{"frame":42,"time":0.061809245496988299,"triangles":62534020,"vertices":89019734,"batches":44,"drawCalls":44,"dynamicBatches":0,"frameTime":0.07007209211587906,"renderTime":0.0034598910715430977,"instancedBatches":35,"shadowCasters":4580,"staticBatches":0,"dynamicBatchedDrawCalls":0,"combinedTime":0.07353198528289795,"differenceTime":-0.011722739785909653,"extra":"gpu instance tree"},{"frame":43,"time":0.06841975450515747,"triangles":62534020,"vertices":89019734,"batches":44,"drawCalls":44,"dynamicBatches":0,"frameTime":0.06808184832334519,"renderTime":0.0026209258940070869,"instancedBatches":35,"shadowCasters":4580,"staticBatches":0,"dynamicBatchedDrawCalls":0,"combinedTime":0.07070277631282807,"differenceTime":-0.0022830218076705934,"extra":"gpu instance tree"},{"frame":44,"time":0.07303926348686218,"triangles":62534020,"vertices":89019734,"batches":44,"drawCalls":44,"dynamicBatches":0,"frameTime":0.06825580447912216,"renderTime":0.003250159090384841,"instancedBatches":35,"shadowCasters":4580,"staticBatches":0,"dynamicBatchedDrawCalls":0,"combinedTime":0.07150596380233765,"differenceTime":0.0015332996845245362,"extra":"gpu instance tree"},{"frame":45,"time":0.06415579468011856,"triangles":62534020,"vertices":89019734,"batches":44,"drawCalls":44,"dynamicBatches":0,"frameTime":0.06961826235055924,"renderTime":0.0024429280310869219,"instancedBatches":35,"shadowCasters":4580,"staticBatches":0,"dynamicBatchedDrawCalls":0,"combinedTime":0.07206118851900101,"differenceTime":-0.007905393838882447,"extra":"gpu instance tree"},{"frame":46,"time":0.06904089450836182,"triangles":62534020,"vertices":89019734,"batches":44,"drawCalls":44,"dynamicBatches":0,"frameTime":0.06817033886909485,"renderTime":0.0025406109634786846,"instancedBatches":35,"shadowCasters":4580,"staticBatches":0,"dynamicBatchedDrawCalls":0,"combinedTime":0.07071094959974289,"differenceTime":-0.001670055091381073,"extra":"gpu instance tree"},{"frame":47,"time":0.07332202047109604,"triangles":62534020,"vertices":89019734,"batches":44,"drawCalls":44,"dynamicBatches":0,"frameTime":0.06738487631082535,"renderTime":0.002642134902998805,"instancedBatches":35,"shadowCasters":4580,"staticBatches":0,"dynamicBatchedDrawCalls":0,"combinedTime":0.07002700865268707,"differenceTime":0.003295011818408966,"extra":"gpu instance tree"},{"frame":48,"time":0.06274043023586273,"triangles":62534020,"vertices":89019734,"batches":44,"drawCalls":44,"dynamicBatches":0,"frameTime":0.07007033377885819,"renderTime":0.0026517570950090887,"instancedBatches":35,"shadowCasters":4580,"staticBatches":0,"dynamicBatchedDrawCalls":0,"combinedTime":0.07272209227085114,"differenceTime":-0.009981662034988404,"extra":"gpu instance tree"},{"frame":49,"time":0.06756550073623657,"triangles":62534020,"vertices":89019734,"batches":44,"drawCalls":44,"dynamicBatches":0,"frameTime":0.06761060655117035,"renderTime":0.00226382608525455,"instancedBatches":35,"shadowCasters":4580,"staticBatches":0,"dynamicBatchedDrawCalls":0,"combinedTime":0.06987443566322327,"differenceTime":-0.0023089349269866945,"extra":"gpu instance tree"},{"frame":50,"time":0.07352695614099503,"triangles":62534020,"vertices":89019734,"batches":44,"drawCalls":44,"dynamicBatches":0,"frameTime":0.06762976199388504,"renderTime":0.00225893990136683,"instancedBatches":35,"shadowCasters":4580,"staticBatches":0,"dynamicBatchedDrawCalls":0,"combinedTime":0.06988870352506638,"differenceTime":0.00363825261592865,"extra":"gpu instance tree"},{"frame":51,"time":0.06457383185625076,"triangles":62534020,"vertices":89019734,"batches":44,"drawCalls":44,"dynamicBatches":0,"frameTime":0.07021746039390564,"renderTime":0.002263707108795643,"instancedBatches":35,"shadowCasters":4580,"staticBatches":0,"dynamicBatchedDrawCalls":0,"combinedTime":0.072481170296669,"differenceTime":-0.007907338440418244,"extra":"gpu instance tree"},{"frame":52,"time":0.06819946318864823,"triangles":62534020,"vertices":89019734,"batches":44,"drawCalls":44,"dynamicBatches":0,"frameTime":0.06760014593601227,"renderTime":0.0022830169182270767,"instancedBatches":35,"shadowCasters":4580,"staticBatches":0,"dynamicBatchedDrawCalls":0,"combinedTime":0.06988316029310227,"differenceTime":-0.0016836971044540406,"extra":"gpu instance tree"},{"frame":53,"time":0.07494022697210312,"triangles":62534020,"vertices":89019734,"batches":44,"drawCalls":44,"dynamicBatches":0,"frameTime":0.06819096207618714,"renderTime":0.002735659945756197,"instancedBatches":35,"shadowCasters":4580,"staticBatches":0,"dynamicBatchedDrawCalls":0,"combinedTime":0.07092662155628205,"differenceTime":0.0040136054158210758,"extra":"gpu instance tree"},{"frame":54,"time":0.0621388778090477,"triangles":62534020,"vertices":89019734,"batches":44,"drawCalls":44,"dynamicBatches":0,"frameTime":0.0695054680109024,"renderTime":0.0026688079815357925,"instancedBatches":35,"shadowCasters":4580,"staticBatches":0,"dynamicBatchedDrawCalls":0,"combinedTime":0.07217427343130112,"differenceTime":-0.010035395622253418,"extra":"gpu instance tree"},{"frame":55,"time":0.06785803288221359,"triangles":62534020,"vertices":89019734,"batches":44,"drawCalls":44,"dynamicBatches":0,"frameTime":0.06803681701421738,"renderTime":0.002308801980689168,"instancedBatches":35,"shadowCasters":4580,"staticBatches":0,"dynamicBatchedDrawCalls":0,"combinedTime":0.07034561783075333,"differenceTime":-0.002487584948539734,"extra":"gpu instance tree"},{"frame":56,"time":0.07335686683654785,"triangles":62534020,"vertices":89019734,"batches":44,"drawCalls":44,"dynamicBatches":0,"frameTime":0.06740456074476242,"renderTime":0.002222276059910655,"instancedBatches":35,"shadowCasters":4580,"staticBatches":0,"dynamicBatchedDrawCalls":0,"combinedTime":0.0696268379688263,"differenceTime":0.0037300288677215578,"extra":"gpu instance tree"},{"frame":57,"time":0.06506246328353882,"triangles":62534020,"vertices":89019734,"batches":44,"drawCalls":44,"dynamicBatches":0,"frameTime":0.07059267163276673,"renderTime":0.002290380885824561,"instancedBatches":35,"shadowCasters":4580,"staticBatches":0,"dynamicBatchedDrawCalls":0,"combinedTime":0.07288305461406708,"differenceTime":-0.00782059133052826,"extra":"gpu instance tree"},{"frame":58,"time":0.06727075576782227,"triangles":62534020,"vertices":89019734,"batches":44,"drawCalls":44,"dynamicBatches":0,"frameTime":0.0676969587802887,"renderTime":0.002687965054064989,"instancedBatches":35,"shadowCasters":4580,"staticBatches":0,"dynamicBatchedDrawCalls":0,"combinedTime":0.0703849270939827,"differenceTime":-0.003114171326160431,"extra":"gpu instance tree"},{"frame":59,"time":0.07280614972114563,"triangles":62534020,"vertices":89019734,"batches":44,"drawCalls":44,"dynamicBatches":0,"frameTime":0.06735274195671082,"renderTime":0.002261111978441477,"instancedBatches":35,"shadowCasters":4580,"staticBatches":0,"dynamicBatchedDrawCalls":0,"combinedTime":0.06961385160684586,"differenceTime":0.003192298114299774,"extra":"gpu instance tree"},{"frame":60,"time":0.06560272723436356,"triangles":62534020,"vertices":89019734,"batches":44,"drawCalls":44,"dynamicBatches":0,"frameTime":0.07055589556694031,"renderTime":0.002243767026811838,"instancedBatches":35,"shadowCasters":4580,"staticBatches":0,"dynamicBatchedDrawCalls":0,"combinedTime":0.07279966026544571,"differenceTime":-0.007196933031082153,"extra":"gpu instance tree"},{"frame":61,"time":0.06837097555398941,"triangles":62534020,"vertices":89019734,"batches":44,"drawCalls":44,"dynamicBatches":0,"frameTime":0.0674331784248352,"renderTime":0.0023472579196095468,"instancedBatches":35,"shadowCasters":4580,"staticBatches":0,"dynamicBatchedDrawCalls":0,"combinedTime":0.06978043913841248,"differenceTime":-0.0014094635844230652,"extra":"gpu instance tree"},{"frame":62,"time":0.07424826174974442,"triangles":62534020,"vertices":89019734,"batches":44,"drawCalls":44,"dynamicBatches":0,"frameTime":0.06811702251434326,"renderTime":0.002820007037371397,"instancedBatches":35,"shadowCasters":4580,"staticBatches":0,"dynamicBatchedDrawCalls":0,"combinedTime":0.07093703001737595,"differenceTime":0.0033112317323684694,"extra":"gpu instance tree"},{"frame":63,"time":0.06188023462891579,"triangles":62534020,"vertices":89019734,"batches":44,"drawCalls":44,"dynamicBatches":0,"frameTime":0.0695260763168335,"renderTime":0.0026862251106649639,"instancedBatches":35,"shadowCasters":4580,"staticBatches":0,"dynamicBatchedDrawCalls":0,"combinedTime":0.07221230119466782,"differenceTime":-0.01033206656575203,"extra":"gpu instance tree"},{"frame":64,"time":0.06934665143489838,"triangles":62534020,"vertices":89019734,"batches":44,"drawCalls":44,"dynamicBatches":0,"frameTime":0.06814014911651612,"renderTime":0.002181767951697111,"instancedBatches":35,"shadowCasters":4580,"staticBatches":0,"dynamicBatchedDrawCalls":0,"combinedTime":0.07032191753387451,"differenceTime":-0.0009752660989761353,"extra":"gpu instance tree"},{"frame":65,"time":0.07553693652153015,"triangles":62534020,"vertices":89019734,"batches":44,"drawCalls":44,"dynamicBatches":0,"frameTime":0.06740817427635193,"renderTime":0.0030756229534745218,"instancedBatches":35,"shadowCasters":4580,"staticBatches":0,"dynamicBatchedDrawCalls":0,"combinedTime":0.07048379629850388,"differenceTime":0.005053140223026276,"extra":"gpu instance tree"},{"frame":66,"time":0.06100405752658844,"triangles":62534020,"vertices":89019734,"batches":44,"drawCalls":44,"dynamicBatches":0,"frameTime":0.07036086171865463,"renderTime":0.0034951199777424337,"instancedBatches":35,"shadowCasters":4580,"staticBatches":0,"dynamicBatchedDrawCalls":0,"combinedTime":0.07385598123073578,"differenceTime":-0.012851923704147339,"extra":"gpu instance tree"},{"frame":67,"time":0.06794605404138565,"triangles":62534020,"vertices":89019734,"batches":44,"drawCalls":44,"dynamicBatches":0,"frameTime":0.06762612611055374,"renderTime":0.0022523049265146257,"instancedBatches":35,"shadowCasters":4580,"staticBatches":0,"dynamicBatchedDrawCalls":0,"combinedTime":0.06987842917442322,"differenceTime":-0.0019323751330375672,"extra":"gpu instance tree"},{"frame":68,"time":0.07292167097330094,"triangles":62534020,"vertices":89019734,"batches":44,"drawCalls":44,"dynamicBatches":0,"frameTime":0.06769127398729325,"renderTime":0.0023030100855976345,"instancedBatches":35,"shadowCasters":4580,"staticBatches":0,"dynamicBatchedDrawCalls":0,"combinedTime":0.06999428570270539,"differenceTime":0.0029273852705955507,"extra":"gpu instance tree"},{"frame":69,"time":0.06641817092895508,"triangles":62534020,"vertices":89019734,"batches":44,"drawCalls":44,"dynamicBatches":0,"frameTime":0.07026425749063492,"renderTime":0.00226422306150198,"instancedBatches":35,"shadowCasters":4580,"staticBatches":0,"dynamicBatchedDrawCalls":0,"combinedTime":0.07252848148345947,"differenceTime":-0.0061103105545043949,"extra":"gpu instance tree"},{"frame":70,"time":0.06688306480646134,"triangles":62534020,"vertices":89019734,"batches":44,"drawCalls":44,"dynamicBatches":0,"frameTime":0.06735549122095108,"renderTime":0.002819477114826441,"instancedBatches":35,"shadowCasters":4580,"staticBatches":0,"dynamicBatchedDrawCalls":0,"combinedTime":0.07017496973276138,"differenceTime":-0.003291904926300049,"extra":"gpu instance tree"},{"frame":71,"time":0.07256502658128739,"triangles":62534020,"vertices":89019734,"batches":44,"drawCalls":44,"dynamicBatches":0,"frameTime":0.0681086927652359,"renderTime":0.002755142981186509,"instancedBatches":35,"shadowCasters":4580,"staticBatches":0,"dynamicBatchedDrawCalls":0,"combinedTime":0.07086383551359177,"differenceTime":0.0017011910676956177,"extra":"gpu instance tree"},{"frame":72,"time":0.06444208323955536,"triangles":62534020,"vertices":89019734,"batches":44,"drawCalls":44,"dynamicBatches":0,"frameTime":0.06995479762554169,"renderTime":0.0022504839580506088,"instancedBatches":35,"shadowCasters":4580,"staticBatches":0,"dynamicBatchedDrawCalls":0,"combinedTime":0.07220528274774552,"differenceTime":-0.007763199508190155,"extra":"gpu instance tree"},{"frame":73,"time":0.06817282736301422,"triangles":62534020,"vertices":89019734,"batches":44,"drawCalls":44,"dynamicBatches":0,"frameTime":0.0681639164686203,"renderTime":0.0022145919501781465,"instancedBatches":35,"shadowCasters":4580,"staticBatches":0,"dynamicBatchedDrawCalls":0,"combinedTime":0.07037851214408875,"differenceTime":-0.002205684781074524,"extra":"gpu instance tree"},{"frame":74,"time":0.07321447134017945,"triangles":62534020,"vertices":89019734,"batches":44,"drawCalls":44,"dynamicBatches":0,"frameTime":0.06740565598011017,"renderTime":0.0023520539980381729,"instancedBatches":35,"shadowCasters":4580,"staticBatches":0,"dynamicBatchedDrawCalls":0,"combinedTime":0.06975770741701126,"differenceTime":0.0034567639231681825,"extra":"gpu instance tree"},{"frame":75,"time":0.0667128935456276,"triangles":62534020,"vertices":89019734,"batches":44,"drawCalls":44,"dynamicBatches":0,"frameTime":0.07018270343542099,"renderTime":0.0021809940226376058,"instancedBatches":35,"shadowCasters":4580,"staticBatches":0,"dynamicBatchedDrawCalls":0,"combinedTime":0.07236369699239731,"differenceTime":-0.005650803446769714,"extra":"gpu instance tree"},{"frame":76,"time":0.06523096561431885,"triangles":62534020,"vertices":89019734,"batches":44,"drawCalls":44,"dynamicBatches":0,"frameTime":0.06761407107114792,"renderTime":0.003993938211351633,"instancedBatches":35,"shadowCasters":4580,"staticBatches":0,"dynamicBatchedDrawCalls":0,"combinedTime":0.07160800695419312,"differenceTime":-0.006377041339874268,"extra":"gpu instance tree"},{"frame":77,"time":0.07602895796298981,"triangles":62534020,"vertices":89019734,"batches":44,"drawCalls":44,"dynamicBatches":0,"frameTime":0.0676393210887909,"renderTime":0.0022028430830687286,"instancedBatches":35,"shadowCasters":4580,"staticBatches":0,"dynamicBatchedDrawCalls":0,"combinedTime":0.06984216719865799,"differenceTime":0.006186790764331818,"extra":"gpu instance tree"},{"frame":78,"time":0.061393991112709048,"triangles":62534020,"vertices":89019734,"batches":44,"drawCalls":44,"dynamicBatches":0,"frameTime":0.06994398683309555,"renderTime":0.0028407610952854158,"instancedBatches":35,"shadowCasters":4580,"staticBatches":0,"dynamicBatchedDrawCalls":0,"combinedTime":0.07278475165367127,"differenceTime":-0.01139076054096222,"extra":"gpu instance tree"},{"frame":79,"time":0.06788411736488342,"triangles":62534020,"vertices":89019734,"batches":44,"drawCalls":44,"dynamicBatches":0,"frameTime":0.0675526112318039,"renderTime":0.002189943101257086,"instancedBatches":35,"shadowCasters":4580,"staticBatches":0,"dynamicBatchedDrawCalls":0,"combinedTime":0.06974255293607712,"differenceTime":-0.001858435571193695,"extra":"gpu instance tree"},{"frame":80,"time":0.07333952188491821,"triangles":62534020,"vertices":89019734,"batches":44,"drawCalls":44,"dynamicBatches":0,"frameTime":0.06804919987916947,"renderTime":0.002320806961506605,"instancedBatches":35,"shadowCasters":4580,"staticBatches":0,"dynamicBatchedDrawCalls":0,"combinedTime":0.07037000358104706,"differenceTime":0.002969518303871155,"extra":"gpu instance tree"},{"frame":81,"time":0.06410675495862961,"triangles":62534020,"vertices":89019734,"batches":44,"drawCalls":44,"dynamicBatches":0,"frameTime":0.06959687173366547,"renderTime":0.0021978789009153845,"instancedBatches":35,"shadowCasters":4580,"staticBatches":0,"dynamicBatchedDrawCalls":0,"combinedTime":0.07179474830627442,"differenceTime":-0.007687993347644806,"extra":"gpu instance tree"},{"frame":82,"time":0.06995071470737457,"triangles":62534020,"vertices":89019734,"batches":44,"drawCalls":44,"dynamicBatches":0,"frameTime":0.06821902096271515,"renderTime":0.002275509061291814,"instancedBatches":35,"shadowCasters":4580,"staticBatches":0,"dynamicBatchedDrawCalls":0,"combinedTime":0.07049453258514404,"differenceTime":-0.0005438178777694702,"extra":"gpu instance tree"},{"frame":83,"time":0.0732751414179802,"triangles":62534020,"vertices":89019734,"batches":44,"drawCalls":44,"dynamicBatches":0,"frameTime":0.06740500777959824,"renderTime":0.0028856429271399976,"instancedBatches":35,"shadowCasters":4580,"staticBatches":0,"dynamicBatchedDrawCalls":0,"combinedTime":0.07029064744710922,"differenceTime":0.0029844939708709718,"extra":"gpu instance tree"},{"frame":84,"time":0.06388333439826966,"triangles":62534020,"vertices":89019734,"batches":44,"drawCalls":44,"dynamicBatches":0,"frameTime":0.07019586116075516,"renderTime":0.0027089999057352545,"instancedBatches":35,"shadowCasters":4580,"staticBatches":0,"dynamicBatchedDrawCalls":0,"combinedTime":0.07290486246347428,"differenceTime":-0.00902152806520462,"extra":"gpu instance tree"},{"frame":85,"time":0.06796283274888993,"triangles":62534020,"vertices":89019734,"batches":44,"drawCalls":44,"dynamicBatches":0,"frameTime":0.06766864657402039,"renderTime":0.0027047130279242994,"instancedBatches":35,"shadowCasters":4580,"staticBatches":0,"dynamicBatchedDrawCalls":0,"combinedTime":0.07037335634231568,"differenceTime":-0.0024105235934257509,"extra":"gpu instance tree"},{"frame":86,"time":0.07843012362718582,"triangles":62534020,"vertices":89019734,"batches":44,"drawCalls":44,"dynamicBatches":0,"frameTime":0.06735904514789581,"renderTime":0.0026985069271177055,"instancedBatches":35,"shadowCasters":4580,"staticBatches":0,"dynamicBatchedDrawCalls":0,"combinedTime":0.07005754858255387,"differenceTime":0.008372575044631958,"extra":"gpu instance tree"},{"frame":87,"time":0.0596313439309597,"triangles":62534020,"vertices":89019734,"batches":44,"drawCalls":44,"dynamicBatches":0,"frameTime":0.07054486125707627,"renderTime":0.002243134891614318,"instancedBatches":35,"shadowCasters":4580,"staticBatches":0,"dynamicBatchedDrawCalls":0,"combinedTime":0.07278799265623093,"differenceTime":-0.013156648725271225,"extra":"gpu instance tree"},{"frame":88,"time":0.06670019030570984,"triangles":62534020,"vertices":89019734,"batches":44,"drawCalls":44,"dynamicBatches":0,"frameTime":0.06755246967077255,"renderTime":0.0032729520462453367,"instancedBatches":35,"shadowCasters":4580,"staticBatches":0,"dynamicBatchedDrawCalls":0,"combinedTime":0.07082542032003403,"differenceTime":-0.004125230014324188,"extra":"gpu instance tree"},{"frame":89,"time":0.07585924118757248,"triangles":62534020,"vertices":89019734,"batches":44,"drawCalls":44,"dynamicBatches":0,"frameTime":0.06833571195602417,"renderTime":0.002858174964785576,"instancedBatches":35,"shadowCasters":4580,"staticBatches":0,"dynamicBatchedDrawCalls":0,"combinedTime":0.0711938887834549,"differenceTime":0.004665352404117584,"extra":"gpu instance tree"},{"frame":90,"time":0.062345098704099658,"triangles":62534020,"vertices":89019734,"batches":44,"drawCalls":44,"dynamicBatches":0,"frameTime":0.0697079747915268,"renderTime":0.0031955260783433916,"instancedBatches":35,"shadowCasters":4580,"staticBatches":0,"dynamicBatchedDrawCalls":0,"combinedTime":0.07290349900722504,"differenceTime":-0.010558400303125382,"extra":"gpu instance tree"},{"frame":91,"time":0.06754499673843384,"triangles":62534020,"vertices":89019734,"batches":44,"drawCalls":44,"dynamicBatches":0,"frameTime":0.0680771991610527,"renderTime":0.0029238879214972259,"instancedBatches":35,"shadowCasters":4580,"staticBatches":0,"dynamicBatchedDrawCalls":0,"combinedTime":0.0710010901093483,"differenceTime":-0.0034560933709144594,"extra":"gpu instance tree"},{"frame":92,"time":0.0740453377366066,"triangles":62534020,"vertices":89019734,"batches":44,"drawCalls":44,"dynamicBatches":0,"frameTime":0.06747811287641525,"renderTime":0.0024566128849983217,"instancedBatches":35,"shadowCasters":4580,"staticBatches":0,"dynamicBatchedDrawCalls":0,"combinedTime":0.06993472576141358,"differenceTime":0.004110611975193024,"extra":"gpu instance tree"},{"frame":93,"time":0.06386657059192658,"triangles":62534020,"vertices":89019734,"batches":44,"drawCalls":44,"dynamicBatches":0,"frameTime":0.07000329345464707,"renderTime":0.0024930820800364019,"instancedBatches":35,"shadowCasters":4580,"staticBatches":0,"dynamicBatchedDrawCalls":0,"combinedTime":0.07249637693166733,"differenceTime":-0.008629806339740754,"extra":"gpu instance tree"},{"frame":94,"time":0.0690738633275032,"triangles":62534020,"vertices":89019734,"batches":44,"drawCalls":44,"dynamicBatches":0,"frameTime":0.06772394478321076,"renderTime":0.002720183925703168,"instancedBatches":35,"shadowCasters":4580,"staticBatches":0,"dynamicBatchedDrawCalls":0,"combinedTime":0.07044412940740586,"differenceTime":-0.001370266079902649,"extra":"gpu instance tree"},{"frame":95,"time":0.07287431508302689,"triangles":62534020,"vertices":89019734,"batches":44,"drawCalls":44,"dynamicBatches":0,"frameTime":0.06734797358512879,"renderTime":0.0031232049223035576,"instancedBatches":35,"shadowCasters":4580,"staticBatches":0,"dynamicBatchedDrawCalls":0,"combinedTime":0.07047117501497269,"differenceTime":0.0024031400680541994,"extra":"gpu instance tree"},{"frame":96,"time":0.06414150446653366,"triangles":62534020,"vertices":89019734,"batches":44,"drawCalls":44,"dynamicBatches":0,"frameTime":0.07023447006940842,"renderTime":0.002752319909632206,"instancedBatches":35,"shadowCasters":4580,"staticBatches":0,"dynamicBatchedDrawCalls":0,"combinedTime":0.07298678904771805,"differenceTime":-0.008845284581184388,"extra":"gpu instance tree"},{"frame":97,"time":0.06754007935523987,"triangles":62534020,"vertices":89019734,"batches":44,"drawCalls":44,"dynamicBatches":0,"frameTime":0.06751711666584015,"renderTime":0.002981895115226507,"instancedBatches":35,"shadowCasters":4580,"staticBatches":0,"dynamicBatchedDrawCalls":0,"combinedTime":0.0704990103840828,"differenceTime":-0.002958931028842926,"extra":"gpu instance tree"},{"frame":98,"time":0.0739285796880722,"triangles":62534020,"vertices":89019734,"batches":44,"drawCalls":44,"dynamicBatches":0,"frameTime":0.06817161291837692,"renderTime":0.0028215700294822456,"instancedBatches":35,"shadowCasters":4580,"staticBatches":0,"dynamicBatchedDrawCalls":0,"combinedTime":0.07099318504333496,"differenceTime":0.0029353946447372438,"extra":"gpu instance tree"},{"frame":99,"time":0.0626688152551651,"triangles":62534020,"vertices":89019734,"batches":44,"drawCalls":44,"dynamicBatches":0,"frameTime":0.06954291462898255,"renderTime":0.002523929113522172,"instancedBatches":35,"shadowCasters":4580,"staticBatches":0,"dynamicBatchedDrawCalls":0,"combinedTime":0.07206684350967407,"differenceTime":-0.009398028254508973,"extra":"gpu instance tree"},{"frame":100,"time":0.06903965026140213,"triangles":62534020,"vertices":89019734,"batches":44,"drawCalls":44,"dynamicBatches":0,"frameTime":0.0681200847029686,"renderTime":0.002538264961913228,"instancedBatches":35,"shadowCasters":4580,"staticBatches":0,"dynamicBatchedDrawCalls":0,"combinedTime":0.07065834850072861,"differenceTime":-0.001618698239326477,"extra":"gpu instance tree"}]}