{"data":[{"frame":1,"time":0.019999999552965165,"triangles":41476,"vertices":80222,"batches":18,"drawCalls":18,"dynamicBatches":0,"frameTime":0.004709615837782621,"renderTime":0.0012928450014442206,"instancedBatches":9,"shadowCasters":1196,"staticBatches":0,"dynamicBatchedDrawCalls":0,"combinedTime":0.006002460606396198,"differenceTime":0.013997538946568966,"extra":"cube prefab with gpu instancing material"},{"frame":2,"time":0.019999999552965165,"triangles":41476,"vertices":80222,"batches":18,"drawCalls":18,"dynamicBatches":0,"frameTime":0.004709615837782621,"renderTime":0.0012928450014442206,"instancedBatches":9,"shadowCasters":1196,"staticBatches":0,"dynamicBatchedDrawCalls":0,"combinedTime":0.006002460606396198,"differenceTime":0.013997538946568966,"extra":"cube prefab with gpu instancing material"},{"frame":3,"time":0.3333333432674408,"triangles":82956,"vertices":160452,"batches":38,"drawCalls":38,"dynamicBatches":0,"frameTime":3.970012664794922,"renderTime":-19212.978515625,"instancedBatches":18,"shadowCasters":2392,"staticBatches":0,"dynamicBatchedDrawCalls":0,"combinedTime":-19209.0078125,"differenceTime":19209.341796875,"extra":"cube prefab with gpu instancing material"},{"frame":4,"time":0.029729798436164857,"triangles":82956,"vertices":160452,"batches":38,"drawCalls":38,"dynamicBatches":0,"frameTime":3.970012664794922,"renderTime":-19212.978515625,"instancedBatches":18,"shadowCasters":2392,"staticBatches":0,"dynamicBatchedDrawCalls":0,"combinedTime":-19209.0078125,"differenceTime":19209.037109375,"extra":"cube prefab with gpu instancing material"},{"frame":5,"time":0.027204975485801698,"triangles":41476,"vertices":80222,"batches":18,"drawCalls":18,"dynamicBatches":0,"frameTime":0.022289689630270006,"renderTime":0.003942163195461035,"instancedBatches":9,"shadowCasters":1196,"staticBatches":0,"dynamicBatchedDrawCalls":0,"combinedTime":0.026231853291392328,"differenceTime":0.0009731221944093704,"extra":"cube prefab with gpu instancing material"},{"frame":6,"time":0.005072195082902908,"triangles":41476,"vertices":80222,"batches":18,"drawCalls":18,"dynamicBatches":0,"frameTime":0.005072625819593668,"renderTime":0.0018273360328748823,"instancedBatches":9,"shadowCasters":1196,"staticBatches":0,"dynamicBatchedDrawCalls":0,"combinedTime":0.006899961736053228,"differenceTime":-0.00182776665315032,"extra":"cube prefab with gpu instancing material"},{"frame":7,"time":0.005842455197125673,"triangles":41476,"vertices":80222,"batches":18,"drawCalls":18,"dynamicBatches":0,"frameTime":0.005826322827488184,"renderTime":0.0019099600613117219,"instancedBatches":9,"shadowCasters":1196,"staticBatches":0,"dynamicBatchedDrawCalls":0,"combinedTime":0.007736282888799906,"differenceTime":-0.0018938276916742325,"extra":"cube prefab with gpu instancing material"},{"frame":8,"time":0.004783067852258682,"triangles":41476,"vertices":80222,"batches":18,"drawCalls":18,"dynamicBatches":0,"frameTime":0.0048006391152739529,"renderTime":0.0015281110536307097,"instancedBatches":9,"shadowCasters":1196,"staticBatches":0,"dynamicBatchedDrawCalls":0,"combinedTime":0.006328750401735306,"differenceTime":-0.0015456825494766236,"extra":"cube prefab with gpu instancing material"},{"frame":9,"time":0.006552380044013262,"triangles":41476,"vertices":80222,"batches":18,"drawCalls":18,"dynamicBatches":0,"frameTime":0.006563287228345871,"renderTime":0.0023658780846744777,"instancedBatches":9,"shadowCasters":1196,"staticBatches":0,"dynamicBatchedDrawCalls":0,"combinedTime":0.008929165080189705,"differenceTime":-0.002376785036176443,"extra":"cube prefab with gpu instancing material"},{"frame":10,"time":0.006123189814388752,"triangles":41476,"vertices":80222,"batches":18,"drawCalls":18,"dynamicBatches":0,"frameTime":0.006110475864261389,"renderTime":0.0017797809559851885,"instancedBatches":9,"shadowCasters":1196,"staticBatches":0,"dynamicBatchedDrawCalls":0,"combinedTime":0.007890257053077221,"differenceTime":-0.001767067238688469,"extra":"cube prefab with gpu instancing material"},{"frame":11,"time":0.011372772976756096,"triangles":41476,"vertices":80222,"batches":18,"drawCalls":18,"dynamicBatches":0,"frameTime":0.011377749964594841,"renderTime":0.00155634805560112,"instancedBatches":9,"shadowCasters":1196,"staticBatches":0,"dynamicBatchedDrawCalls":0,"combinedTime":0.012934098020195961,"differenceTime":-0.0015613250434398652,"extra":"cube prefab with gpu instancing material"},{"frame":12,"time":0.0051190429367125038,"triangles":41476,"vertices":80222,"batches":18,"drawCalls":18,"dynamicBatches":0,"frameTime":0.005114252213388681,"renderTime":0.0016456770244985819,"instancedBatches":9,"shadowCasters":1196,"staticBatches":0,"dynamicBatchedDrawCalls":0,"combinedTime":0.006759929470717907,"differenceTime":-0.0016408865340054036,"extra":"cube prefab with gpu instancing material"},{"frame":13,"time":0.004257333930581808,"triangles":41476,"vertices":80222,"batches":18,"drawCalls":18,"dynamicBatches":0,"frameTime":0.004241200163960457,"renderTime":0.0013549929717555643,"instancedBatches":9,"shadowCasters":1196,"staticBatches":0,"dynamicBatchedDrawCalls":0,"combinedTime":0.005596193019300699,"differenceTime":-0.0013388590887188912,"extra":"cube prefab with gpu instancing material"},{"frame":14,"time":0.004453616216778755,"triangles":41476,"vertices":80222,"batches":18,"drawCalls":18,"dynamicBatches":0,"frameTime":0.004471675958484411,"renderTime":0.0013052290305495263,"instancedBatches":9,"shadowCasters":1196,"staticBatches":0,"dynamicBatchedDrawCalls":0,"combinedTime":0.0057769049890339378,"differenceTime":-0.0013232887722551823,"extra":"cube prefab with gpu instancing material"},{"frame":15,"time":0.0054110027849674229,"triangles":41476,"vertices":80222,"batches":18,"drawCalls":18,"dynamicBatches":0,"frameTime":0.004471675958484411,"renderTime":0.0013052290305495263,"instancedBatches":9,"shadowCasters":1196,"staticBatches":0,"dynamicBatchedDrawCalls":0,"combinedTime":0.0057769049890339378,"differenceTime":-0.00036590220406651497,"extra":"cube prefab with gpu instancing material"},{"frame":16,"time":0.006366848014295101,"triangles":41476,"vertices":80222,"batches":18,"drawCalls":18,"dynamicBatches":0,"frameTime":0.006173768080770969,"renderTime":0.0018423040164634586,"instancedBatches":9,"shadowCasters":1196,"staticBatches":0,"dynamicBatchedDrawCalls":0,"combinedTime":0.00801607221364975,"differenceTime":-0.0016492241993546486,"extra":"cube prefab with gpu instancing material"},{"frame":17,"time":0.008874330669641495,"triangles":41476,"vertices":80222,"batches":18,"drawCalls":18,"dynamicBatches":0,"frameTime":0.008889124728739262,"renderTime":0.0034228400327265264,"instancedBatches":9,"shadowCasters":1196,"staticBatches":0,"dynamicBatchedDrawCalls":0,"combinedTime":0.012311965227127076,"differenceTime":-0.0034376345574855806,"extra":"cube prefab with gpu instancing material"},{"frame":18,"time":0.005442535039037466,"triangles":41476,"vertices":80222,"batches":18,"drawCalls":18,"dynamicBatches":0,"frameTime":0.005410097073763609,"renderTime":0.0021366900764405729,"instancedBatches":9,"shadowCasters":1196,"staticBatches":0,"dynamicBatchedDrawCalls":0,"combinedTime":0.007546787150204182,"differenceTime":-0.0021042521111667158,"extra":"cube prefab with gpu instancing material"},{"frame":19,"time":0.005957178771495819,"triangles":41476,"vertices":80222,"batches":18,"drawCalls":18,"dynamicBatches":0,"frameTime":0.005975762847810984,"renderTime":0.002490897895768285,"instancedBatches":9,"shadowCasters":1196,"staticBatches":0,"dynamicBatchedDrawCalls":0,"combinedTime":0.008466660976409912,"differenceTime":-0.002509482204914093,"extra":"cube prefab with gpu instancing material"},{"frame":20,"time":0.005542431958019733,"triangles":41476,"vertices":80222,"batches":18,"drawCalls":18,"dynamicBatches":0,"frameTime":0.005537800025194883,"renderTime":0.0019974089227616789,"instancedBatches":9,"shadowCasters":1196,"staticBatches":0,"dynamicBatchedDrawCalls":0,"combinedTime":0.007535208947956562,"differenceTime":-0.0019927769899368288,"extra":"cube prefab with gpu instancing material"},{"frame":21,"time":0.004475983791053295,"triangles":41476,"vertices":80222,"batches":18,"drawCalls":18,"dynamicBatches":0,"frameTime":0.004479906987398863,"renderTime":0.0016269360203295947,"instancedBatches":9,"shadowCasters":1196,"staticBatches":0,"dynamicBatchedDrawCalls":0,"combinedTime":0.006106843240559101,"differenceTime":-0.001630859449505806,"extra":"cube prefab with gpu instancing material"},{"frame":22,"time":0.0039652269333601,"triangles":41476,"vertices":80222,"batches":18,"drawCalls":18,"dynamicBatches":0,"frameTime":0.00396659504622221,"renderTime":0.0012076270068064333,"instancedBatches":9,"shadowCasters":1196,"staticBatches":0,"dynamicBatchedDrawCalls":0,"combinedTime":0.005174221936613321,"differenceTime":-0.0012089950032532216,"extra":"cube prefab with gpu instancing material"},{"frame":23,"time":0.004150123801082373,"triangles":41476,"vertices":80222,"batches":18,"drawCalls":18,"dynamicBatches":0,"frameTime":0.004147863946855068,"renderTime":0.001279540010727942,"instancedBatches":9,"shadowCasters":1196,"staticBatches":0,"dynamicBatchedDrawCalls":0,"combinedTime":0.005427403841167688,"differenceTime":-0.0012772800400853158,"extra":"cube prefab with gpu instancing material"},{"frame":24,"time":0.004442303907126188,"triangles":41476,"vertices":80222,"batches":18,"drawCalls":18,"dynamicBatches":0,"frameTime":0.004477210808545351,"renderTime":0.0013161050155758858,"instancedBatches":9,"shadowCasters":1196,"staticBatches":0,"dynamicBatchedDrawCalls":0,"combinedTime":0.005793315824121237,"differenceTime":-0.0013510119169950486,"extra":"cube prefab with gpu instancing material"},{"frame":25,"time":0.004298217128962278,"triangles":41476,"vertices":80222,"batches":18,"drawCalls":18,"dynamicBatches":0,"frameTime":0.0042622811160981659,"renderTime":0.0013189560268074275,"instancedBatches":9,"shadowCasters":1196,"staticBatches":0,"dynamicBatchedDrawCalls":0,"combinedTime":0.005581237375736237,"differenceTime":-0.0012830202467739583,"extra":"cube prefab with gpu instancing material"},{"frame":26,"time":0.004585746210068464,"triangles":41476,"vertices":80222,"batches":18,"drawCalls":18,"dynamicBatches":0,"frameTime":0.004589065909385681,"renderTime":0.001633065054193139,"instancedBatches":9,"shadowCasters":1196,"staticBatches":0,"dynamicBatchedDrawCalls":0,"combinedTime":0.006222130730748177,"differenceTime":-0.0016363845206797124,"extra":"cube prefab with gpu instancing material"},{"frame":27,"time":0.005049457773566246,"triangles":41476,"vertices":80222,"batches":18,"drawCalls":18,"dynamicBatches":0,"frameTime":0.0050523849204182629,"renderTime":0.0019289710326120258,"instancedBatches":9,"shadowCasters":1196,"staticBatches":0,"dynamicBatchedDrawCalls":0,"combinedTime":0.00698135606944561,"differenceTime":-0.001931898295879364,"extra":"cube prefab with gpu instancing material"},{"frame":28,"time":0.004479612223803997,"triangles":41476,"vertices":80222,"batches":18,"drawCalls":18,"dynamicBatches":0,"frameTime":0.004475281108170748,"renderTime":0.0014030199963599444,"instancedBatches":9,"shadowCasters":1196,"staticBatches":0,"dynamicBatchedDrawCalls":0,"combinedTime":0.005878301337361336,"differenceTime":-0.0013986891135573388,"extra":"cube prefab with gpu instancing material"},{"frame":29,"time":0.004038082901388407,"triangles":41476,"vertices":80222,"batches":18,"drawCalls":18,"dynamicBatches":0,"frameTime":0.004032392054796219,"renderTime":0.0012094449484720827,"instancedBatches":9,"shadowCasters":1196,"staticBatches":0,"dynamicBatchedDrawCalls":0,"combinedTime":0.00524183688685298,"differenceTime":-0.001203753985464573,"extra":"cube prefab with gpu instancing material"},{"frame":30,"time":0.005045054014772177,"triangles":41476,"vertices":80222,"batches":18,"drawCalls":18,"dynamicBatches":0,"frameTime":0.005053869914263487,"renderTime":0.001825041021220386,"instancedBatches":9,"shadowCasters":1196,"staticBatches":0,"dynamicBatchedDrawCalls":0,"combinedTime":0.006878911051899195,"differenceTime":-0.001833857037127018,"extra":"cube prefab with gpu instancing material"},{"frame":31,"time":0.004562003072351217,"triangles":41476,"vertices":80222,"batches":18,"drawCalls":18,"dynamicBatches":0,"frameTime":0.004554583225399256,"renderTime":0.0014405939728021622,"instancedBatches":9,"shadowCasters":1196,"staticBatches":0,"dynamicBatchedDrawCalls":0,"combinedTime":0.005995177198201418,"differenceTime":-0.0014331741258502007,"extra":"cube prefab with gpu instancing material"},{"frame":32,"time":0.004058893769979477,"triangles":41476,"vertices":80222,"batches":18,"drawCalls":18,"dynamicBatches":0,"frameTime":0.004061655141413212,"renderTime":0.0012968749506399036,"instancedBatches":9,"shadowCasters":1196,"staticBatches":0,"dynamicBatchedDrawCalls":0,"combinedTime":0.005358530208468437,"differenceTime":-0.0012996364384889603,"extra":"cube prefab with gpu instancing material"},{"frame":33,"time":0.004240164998918772,"triangles":41476,"vertices":80222,"batches":18,"drawCalls":18,"dynamicBatches":0,"frameTime":0.0042394958436489109,"renderTime":0.0013112539891153575,"instancedBatches":9,"shadowCasters":1196,"staticBatches":0,"dynamicBatchedDrawCalls":0,"combinedTime":0.005550749599933624,"differenceTime":-0.0013105846010148526,"extra":"cube prefab with gpu instancing material"},{"frame":34,"time":0.004464047960937023,"triangles":41476,"vertices":80222,"batches":18,"drawCalls":18,"dynamicBatches":0,"frameTime":0.004464676138013601,"renderTime":0.0015026730252429844,"instancedBatches":9,"shadowCasters":1196,"staticBatches":0,"dynamicBatchedDrawCalls":0,"combinedTime":0.005967349279671907,"differenceTime":-0.0015033013187348843,"extra":"cube prefab with gpu instancing material"},{"frame":35,"time":0.005052490159869194,"triangles":41476,"vertices":80222,"batches":18,"drawCalls":18,"dynamicBatches":0,"frameTime":0.00503661809489131,"renderTime":0.0016509339911863208,"instancedBatches":9,"shadowCasters":1196,"staticBatches":0,"dynamicBatchedDrawCalls":0,"combinedTime":0.006687552202492952,"differenceTime":-0.0016350620426237584,"extra":"cube prefab with gpu instancing material"},{"frame":36,"time":0.004569697193801403,"triangles":41476,"vertices":80222,"batches":18,"drawCalls":18,"dynamicBatches":0,"frameTime":0.004587412811815739,"renderTime":0.0014462439576163889,"instancedBatches":9,"shadowCasters":1196,"staticBatches":0,"dynamicBatchedDrawCalls":0,"combinedTime":0.006033656653016806,"differenceTime":-0.0014639594592154027,"extra":"cube prefab with gpu instancing material"},{"frame":37,"time":0.004700365010648966,"triangles":41476,"vertices":80222,"batches":18,"drawCalls":18,"dynamicBatches":0,"frameTime":0.004698317032307386,"renderTime":0.0015900339931249619,"instancedBatches":9,"shadowCasters":1196,"staticBatches":0,"dynamicBatchedDrawCalls":0,"combinedTime":0.006288351025432348,"differenceTime":-0.0015879860147833825,"extra":"cube prefab with gpu instancing material"},{"frame":38,"time":0.004688088782131672,"triangles":41476,"vertices":80222,"batches":18,"drawCalls":18,"dynamicBatches":0,"frameTime":0.004683542996644974,"renderTime":0.0015277370112016798,"instancedBatches":9,"shadowCasters":1196,"staticBatches":0,"dynamicBatchedDrawCalls":0,"combinedTime":0.006211279891431332,"differenceTime":-0.0015231911092996598,"extra":"cube prefab with gpu instancing material"},{"frame":39,"time":0.004702881909906864,"triangles":41476,"vertices":80222,"batches":18,"drawCalls":18,"dynamicBatches":0,"frameTime":0.004707483109086752,"renderTime":0.001699815969914198,"instancedBatches":9,"shadowCasters":1196,"staticBatches":0,"dynamicBatchedDrawCalls":0,"combinedTime":0.00640729907900095,"differenceTime":-0.0017044171690940858,"extra":"cube prefab with gpu instancing material"},{"frame":40,"time":0.0046277837827801708,"triangles":41476,"vertices":80222,"batches":18,"drawCalls":18,"dynamicBatches":0,"frameTime":0.00463860621675849,"renderTime":0.0014345089439302683,"instancedBatches":9,"shadowCasters":1196,"staticBatches":0,"dynamicBatchedDrawCalls":0,"combinedTime":0.0060731153935194019,"differenceTime":-0.0014453316107392312,"extra":"cube prefab with gpu instancing material"},{"frame":41,"time":0.01110451202839613,"triangles":41476,"vertices":80222,"batches":18,"drawCalls":18,"dynamicBatches":0,"frameTime":0.011080433614552021,"renderTime":0.0017769689438864589,"instancedBatches":9,"shadowCasters":1196,"staticBatches":0,"dynamicBatchedDrawCalls":0,"combinedTime":0.012857402674853802,"differenceTime":-0.0017528906464576722,"extra":"cube prefab with gpu instancing material"},{"frame":42,"time":0.004539987072348595,"triangles":41476,"vertices":80222,"batches":18,"drawCalls":18,"dynamicBatches":0,"frameTime":0.004552911967039108,"renderTime":0.0015877250116318465,"instancedBatches":9,"shadowCasters":1196,"staticBatches":0,"dynamicBatchedDrawCalls":0,"combinedTime":0.006140637211501598,"differenceTime":-0.0016006501391530038,"extra":"cube prefab with gpu instancing material"},{"frame":43,"time":0.004869663156569004,"triangles":41476,"vertices":80222,"batches":18,"drawCalls":18,"dynamicBatches":0,"frameTime":0.004872594960033894,"renderTime":0.001611231011338532,"instancedBatches":9,"shadowCasters":1196,"staticBatches":0,"dynamicBatchedDrawCalls":0,"combinedTime":0.006483825854957104,"differenceTime":-0.0016141626983880997,"extra":"cube prefab with gpu instancing material"},{"frame":44,"time":0.004885417874902487,"triangles":41476,"vertices":80222,"batches":18,"drawCalls":18,"dynamicBatches":0,"frameTime":0.004881666973233223,"renderTime":0.0016082810470834375,"instancedBatches":9,"shadowCasters":1196,"staticBatches":0,"dynamicBatchedDrawCalls":0,"combinedTime":0.006489947903901339,"differenceTime":-0.0016045300289988518,"extra":"cube prefab with gpu instancing material"},{"frame":45,"time":0.004580085165798664,"triangles":41476,"vertices":80222,"batches":18,"drawCalls":18,"dynamicBatches":0,"frameTime":0.004579608794301748,"renderTime":0.0014702510088682175,"instancedBatches":9,"shadowCasters":1196,"staticBatches":0,"dynamicBatchedDrawCalls":0,"combinedTime":0.006049859803169966,"differenceTime":-0.0014697746373713017,"extra":"cube prefab with gpu instancing material"},{"frame":46,"time":0.004728022031486034,"triangles":41476,"vertices":80222,"batches":18,"drawCalls":18,"dynamicBatches":0,"frameTime":0.004734878893941641,"renderTime":0.0015867119655013085,"instancedBatches":9,"shadowCasters":1196,"staticBatches":0,"dynamicBatchedDrawCalls":0,"combinedTime":0.006321590859442949,"differenceTime":-0.001593568827956915,"extra":"cube prefab with gpu instancing material"},{"frame":47,"time":0.0051459032110869888,"triangles":41476,"vertices":80222,"batches":18,"drawCalls":18,"dynamicBatches":0,"frameTime":0.005174702033400536,"renderTime":0.0017422649543732405,"instancedBatches":9,"shadowCasters":1196,"staticBatches":0,"dynamicBatchedDrawCalls":0,"combinedTime":0.00691696722060442,"differenceTime":-0.0017710640095174313,"extra":"cube prefab with gpu instancing material"},{"frame":48,"time":0.005277177784591913,"triangles":41476,"vertices":80222,"batches":18,"drawCalls":18,"dynamicBatches":0,"frameTime":0.005243733059614897,"renderTime":0.0017129189800471068,"instancedBatches":9,"shadowCasters":1196,"staticBatches":0,"dynamicBatchedDrawCalls":0,"combinedTime":0.00695665180683136,"differenceTime":-0.0016794740222394467,"extra":"cube prefab with gpu instancing material"},{"frame":49,"time":0.004889755044132471,"triangles":41476,"vertices":80222,"batches":18,"drawCalls":18,"dynamicBatches":0,"frameTime":0.004896612837910652,"renderTime":0.001518949051387608,"instancedBatches":9,"shadowCasters":1196,"staticBatches":0,"dynamicBatchedDrawCalls":0,"combinedTime":0.006415561772882938,"differenceTime":-0.0015258067287504674,"extra":"cube prefab with gpu instancing material"},{"frame":50,"time":0.005291298031806946,"triangles":41476,"vertices":80222,"batches":18,"drawCalls":18,"dynamicBatches":0,"frameTime":0.0052725388668477539,"renderTime":0.0018671590369194747,"instancedBatches":9,"shadowCasters":1196,"staticBatches":0,"dynamicBatchedDrawCalls":0,"combinedTime":0.0071396976709365849,"differenceTime":-0.0018483996391296387,"extra":"cube prefab with gpu instancing material"},{"frame":51,"time":0.005502562969923019,"triangles":41476,"vertices":80222,"batches":18,"drawCalls":18,"dynamicBatches":0,"frameTime":0.0055129812099039558,"renderTime":0.0018058499554172159,"instancedBatches":9,"shadowCasters":1196,"staticBatches":0,"dynamicBatchedDrawCalls":0,"combinedTime":0.0073188310489058498,"differenceTime":-0.00181626807898283,"extra":"cube prefab with gpu instancing material"},{"frame":52,"time":0.0051183090545237068,"triangles":41476,"vertices":80222,"batches":18,"drawCalls":18,"dynamicBatches":0,"frameTime":0.00512230908498168,"renderTime":0.001679608947597444,"instancedBatches":9,"shadowCasters":1196,"staticBatches":0,"dynamicBatchedDrawCalls":0,"combinedTime":0.006801918148994446,"differenceTime":-0.0016836090944707394,"extra":"cube prefab with gpu instancing material"},{"frame":53,"time":0.0057107917964458469,"triangles":41476,"vertices":80222,"batches":18,"drawCalls":18,"dynamicBatches":0,"frameTime":0.005705269984900951,"renderTime":0.0019275930244475604,"instancedBatches":9,"shadowCasters":1196,"staticBatches":0,"dynamicBatchedDrawCalls":0,"combinedTime":0.007632862776517868,"differenceTime":-0.0019220709800720215,"extra":"cube prefab with gpu instancing material"},{"frame":54,"time":0.006776010151952505,"triangles":41476,"vertices":80222,"batches":18,"drawCalls":18,"dynamicBatches":0,"frameTime":0.006780216936022043,"renderTime":0.002668641973286867,"instancedBatches":9,"shadowCasters":1196,"staticBatches":0,"dynamicBatchedDrawCalls":0,"combinedTime":0.00944885890930891,"differenceTime":-0.0026728487573564054,"extra":"cube prefab with gpu instancing material"},{"frame":55,"time":0.005219132173806429,"triangles":41476,"vertices":80222,"batches":18,"drawCalls":18,"dynamicBatches":0,"frameTime":0.005217343103140593,"renderTime":0.0017147259786725045,"instancedBatches":9,"shadowCasters":1196,"staticBatches":0,"dynamicBatchedDrawCalls":0,"combinedTime":0.006932069081813097,"differenceTime":-0.001712936908006668,"extra":"cube prefab with gpu instancing material"},{"frame":56,"time":0.005319371819496155,"triangles":41476,"vertices":80222,"batches":18,"drawCalls":18,"dynamicBatches":0,"frameTime":0.005317441187798977,"renderTime":0.0019941339269280435,"instancedBatches":9,"shadowCasters":1196,"staticBatches":0,"dynamicBatchedDrawCalls":0,"combinedTime":0.00731157511472702,"differenceTime":-0.0019922032952308656,"extra":"cube prefab with gpu instancing material"},{"frame":57,"time":0.005111535079777241,"triangles":41476,"vertices":80222,"batches":18,"drawCalls":18,"dynamicBatches":0,"frameTime":0.005113265011459589,"renderTime":0.0018808089662343264,"instancedBatches":9,"shadowCasters":1196,"staticBatches":0,"dynamicBatchedDrawCalls":0,"combinedTime":0.006994074210524559,"differenceTime":-0.0018825391307473183,"extra":"cube prefab with gpu instancing material"},{"frame":58,"time":0.004393136128783226,"triangles":41476,"vertices":80222,"batches":18,"drawCalls":18,"dynamicBatches":0,"frameTime":0.004394530784338713,"renderTime":0.0014200620353221894,"instancedBatches":9,"shadowCasters":1196,"staticBatches":0,"dynamicBatchedDrawCalls":0,"combinedTime":0.005814592819660902,"differenceTime":-0.001421456690877676,"extra":"cube prefab with gpu instancing material"},{"frame":59,"time":0.004603622015565634,"triangles":41476,"vertices":80222,"batches":18,"drawCalls":18,"dynamicBatches":0,"frameTime":0.0046022930182516579,"renderTime":0.001520800986327231,"instancedBatches":9,"shadowCasters":1196,"staticBatches":0,"dynamicBatchedDrawCalls":0,"combinedTime":0.006123093888163567,"differenceTime":-0.0015194718725979329,"extra":"cube prefab with gpu instancing material"},{"frame":60,"time":0.00487503781914711,"triangles":41476,"vertices":80222,"batches":18,"drawCalls":18,"dynamicBatches":0,"frameTime":0.004874666221439838,"renderTime":0.0016711089992895723,"instancedBatches":9,"shadowCasters":1196,"staticBatches":0,"dynamicBatchedDrawCalls":0,"combinedTime":0.006545775104314089,"differenceTime":-0.0016707372851669789,"extra":"cube prefab with gpu instancing material"},{"frame":61,"time":0.004200221039354801,"triangles":41476,"vertices":80222,"batches":18,"drawCalls":18,"dynamicBatches":0,"frameTime":0.0042020780965685848,"renderTime":0.001335398992523551,"instancedBatches":9,"shadowCasters":1196,"staticBatches":0,"dynamicBatchedDrawCalls":0,"combinedTime":0.005537477321922779,"differenceTime":-0.001337256282567978,"extra":"cube prefab with gpu instancing material"},{"frame":62,"time":0.004308812785893679,"triangles":41476,"vertices":80222,"batches":18,"drawCalls":18,"dynamicBatches":0,"frameTime":0.0043091438710689549,"renderTime":0.0014849209692329169,"instancedBatches":9,"shadowCasters":1196,"staticBatches":0,"dynamicBatchedDrawCalls":0,"combinedTime":0.005794065073132515,"differenceTime":-0.0014852522872388363,"extra":"cube prefab with gpu instancing material"},{"frame":63,"time":0.005611182190477848,"triangles":41476,"vertices":80222,"batches":18,"drawCalls":18,"dynamicBatches":0,"frameTime":0.005606514867395163,"renderTime":0.002212061081081629,"instancedBatches":9,"shadowCasters":1196,"staticBatches":0,"dynamicBatchedDrawCalls":0,"combinedTime":0.007818575948476792,"differenceTime":-0.0022073937579989435,"extra":"cube prefab with gpu instancing material"},{"frame":64,"time":0.005088103003799915,"triangles":41476,"vertices":80222,"batches":18,"drawCalls":18,"dynamicBatches":0,"frameTime":0.005086767952889204,"renderTime":0.0015259729698300362,"instancedBatches":9,"shadowCasters":1196,"staticBatches":0,"dynamicBatchedDrawCalls":0,"combinedTime":0.00661274092271924,"differenceTime":-0.0015246379189193249,"extra":"cube prefab with gpu instancing material"},{"frame":65,"time":0.006409612018615007,"triangles":41476,"vertices":80222,"batches":18,"drawCalls":18,"dynamicBatches":0,"frameTime":0.006419904064387083,"renderTime":0.0022163940593600275,"instancedBatches":9,"shadowCasters":1196,"staticBatches":0,"dynamicBatchedDrawCalls":0,"combinedTime":0.008636297658085823,"differenceTime":-0.0022266856394708158,"extra":"cube prefab with gpu instancing material"},{"frame":66,"time":0.005735679063946009,"triangles":41476,"vertices":80222,"batches":18,"drawCalls":18,"dynamicBatches":0,"frameTime":0.005724566988646984,"renderTime":0.0019443690543994308,"instancedBatches":9,"shadowCasters":1196,"staticBatches":0,"dynamicBatchedDrawCalls":0,"combinedTime":0.007668936159461737,"differenceTime":-0.001933257095515728,"extra":"cube prefab with gpu instancing material"},{"frame":67,"time":0.004521637223660946,"triangles":41476,"vertices":80222,"batches":18,"drawCalls":18,"dynamicBatches":0,"frameTime":0.00452570803463459,"renderTime":0.0013820070307701827,"instancedBatches":9,"shadowCasters":1196,"staticBatches":0,"dynamicBatchedDrawCalls":0,"combinedTime":0.005907715298235416,"differenceTime":-0.0013860780745744706,"extra":"cube prefab with gpu instancing material"},{"frame":68,"time":0.004110297188162804,"triangles":41476,"vertices":80222,"batches":18,"drawCalls":18,"dynamicBatches":0,"frameTime":0.004113466944545507,"renderTime":0.0013163300463929773,"instancedBatches":9,"shadowCasters":1196,"staticBatches":0,"dynamicBatchedDrawCalls":0,"combinedTime":0.005429796874523163,"differenceTime":-0.0013194996863603593,"extra":"cube prefab with gpu instancing material"},{"frame":69,"time":0.004340408835560083,"triangles":41476,"vertices":80222,"batches":18,"drawCalls":18,"dynamicBatches":0,"frameTime":0.004339909180998802,"renderTime":0.0013497760519385338,"instancedBatches":9,"shadowCasters":1196,"staticBatches":0,"dynamicBatchedDrawCalls":0,"combinedTime":0.005689685232937336,"differenceTime":-0.0013492763973772526,"extra":"cube prefab with gpu instancing material"},{"frame":70,"time":0.010643771849572659,"triangles":41476,"vertices":80222,"batches":18,"drawCalls":18,"dynamicBatches":0,"frameTime":0.01064880657941103,"renderTime":0.0018153289565816522,"instancedBatches":9,"shadowCasters":1196,"staticBatches":0,"dynamicBatchedDrawCalls":0,"combinedTime":0.012464135885238648,"differenceTime":-0.001820364035665989,"extra":"cube prefab with gpu instancing material"},{"frame":71,"time":0.004178282804787159,"triangles":41476,"vertices":80222,"batches":18,"drawCalls":18,"dynamicBatches":0,"frameTime":0.004175436217337847,"renderTime":0.0012274780310690404,"instancedBatches":9,"shadowCasters":1196,"staticBatches":0,"dynamicBatchedDrawCalls":0,"combinedTime":0.005402914248406887,"differenceTime":-0.001224631443619728,"extra":"cube prefab with gpu instancing material"},{"frame":72,"time":0.004055424127727747,"triangles":41476,"vertices":80222,"batches":18,"drawCalls":18,"dynamicBatches":0,"frameTime":0.004053095821291208,"renderTime":0.0014059849781915546,"instancedBatches":9,"shadowCasters":1196,"staticBatches":0,"dynamicBatchedDrawCalls":0,"combinedTime":0.005459080915898085,"differenceTime":-0.0014036567881703377,"extra":"cube prefab with gpu instancing material"},{"frame":73,"time":0.00476771779358387,"triangles":41476,"vertices":80222,"batches":18,"drawCalls":18,"dynamicBatches":0,"frameTime":0.0047652567736804489,"renderTime":0.0015848269686102868,"instancedBatches":9,"shadowCasters":1196,"staticBatches":0,"dynamicBatchedDrawCalls":0,"combinedTime":0.006350083742290735,"differenceTime":-0.0015823659487068654,"extra":"cube prefab with gpu instancing material"},{"frame":74,"time":0.004320919048041105,"triangles":41476,"vertices":80222,"batches":18,"drawCalls":18,"dynamicBatches":0,"frameTime":0.004327754955738783,"renderTime":0.0013518530176952482,"instancedBatches":9,"shadowCasters":1196,"staticBatches":0,"dynamicBatchedDrawCalls":0,"combinedTime":0.005679607857018709,"differenceTime":-0.001358688808977604,"extra":"cube prefab with gpu instancing material"},{"frame":75,"time":0.003970160149037838,"triangles":41476,"vertices":80222,"batches":18,"drawCalls":18,"dynamicBatches":0,"frameTime":0.003969336859881878,"renderTime":0.0011791229480877519,"instancedBatches":9,"shadowCasters":1196,"staticBatches":0,"dynamicBatchedDrawCalls":0,"combinedTime":0.005148459691554308,"differenceTime":-0.00117829954251647,"extra":"cube prefab with gpu instancing material"},{"frame":76,"time":0.004174843896180391,"triangles":41476,"vertices":80222,"batches":18,"drawCalls":18,"dynamicBatches":0,"frameTime":0.004167062230408192,"renderTime":0.0013372090179473162,"instancedBatches":9,"shadowCasters":1196,"staticBatches":0,"dynamicBatchedDrawCalls":0,"combinedTime":0.005504271015524864,"differenceTime":-0.0013294271193444729,"extra":"cube prefab with gpu instancing material"},{"frame":77,"time":0.004943918902426958,"triangles":41476,"vertices":80222,"batches":18,"drawCalls":18,"dynamicBatches":0,"frameTime":0.0049448441714048389,"renderTime":0.0017247999785467983,"instancedBatches":9,"shadowCasters":1196,"staticBatches":0,"dynamicBatchedDrawCalls":0,"combinedTime":0.006669644266366959,"differenceTime":-0.0017257253639400006,"extra":"cube prefab with gpu instancing material"},{"frame":78,"time":0.00420873798429966,"triangles":41476,"vertices":80222,"batches":18,"drawCalls":18,"dynamicBatches":0,"frameTime":0.004212263040244579,"renderTime":0.0013484320370480419,"instancedBatches":9,"shadowCasters":1196,"staticBatches":0,"dynamicBatchedDrawCalls":0,"combinedTime":0.005560695193707943,"differenceTime":-0.0013519572094082833,"extra":"cube prefab with gpu instancing material"},{"frame":79,"time":0.004639347083866596,"triangles":41476,"vertices":80222,"batches":18,"drawCalls":18,"dynamicBatches":0,"frameTime":0.004638066980987787,"renderTime":0.0013968710554763675,"instancedBatches":9,"shadowCasters":1196,"staticBatches":0,"dynamicBatchedDrawCalls":0,"combinedTime":0.0060349381528794769,"differenceTime":-0.0013955910690128804,"extra":"cube prefab with gpu instancing material"},{"frame":80,"time":0.005037354771047831,"triangles":41476,"vertices":80222,"batches":18,"drawCalls":18,"dynamicBatches":0,"frameTime":0.005033491179347038,"renderTime":0.0017002950189635158,"instancedBatches":9,"shadowCasters":1196,"staticBatches":0,"dynamicBatchedDrawCalls":0,"combinedTime":0.006733786314725876,"differenceTime":-0.0016964315436780453,"extra":"cube prefab with gpu instancing material"},{"frame":81,"time":0.004598453175276518,"triangles":41476,"vertices":80222,"batches":18,"drawCalls":18,"dynamicBatches":0,"frameTime":0.004603017121553421,"renderTime":0.001500144018791616,"instancedBatches":9,"shadowCasters":1196,"staticBatches":0,"dynamicBatchedDrawCalls":0,"combinedTime":0.006103161256760359,"differenceTime":-0.001504708081483841,"extra":"cube prefab with gpu instancing material"},{"frame":82,"time":0.0048330738209187988,"triangles":41476,"vertices":80222,"batches":18,"drawCalls":18,"dynamicBatches":0,"frameTime":0.004831904079765081,"renderTime":0.0016679270192980767,"instancedBatches":9,"shadowCasters":1196,"staticBatches":0,"dynamicBatchedDrawCalls":0,"combinedTime":0.006499831099063158,"differenceTime":-0.0016667572781443596,"extra":"cube prefab with gpu instancing material"},{"frame":83,"time":0.007577139884233475,"triangles":41476,"vertices":80222,"batches":18,"drawCalls":18,"dynamicBatches":0,"frameTime":0.00758088193833828,"renderTime":0.00420091487467289,"instancedBatches":9,"shadowCasters":1196,"staticBatches":0,"dynamicBatchedDrawCalls":0,"combinedTime":0.01178179681301117,"differenceTime":-0.004204656928777695,"extra":"cube prefab with gpu instancing material"},{"frame":84,"time":0.004802981857210398,"triangles":41476,"vertices":80222,"batches":18,"drawCalls":18,"dynamicBatches":0,"frameTime":0.004808284807950258,"renderTime":0.001645495998673141,"instancedBatches":9,"shadowCasters":1196,"staticBatches":0,"dynamicBatchedDrawCalls":0,"combinedTime":0.006453780923038721,"differenceTime":-0.0016507990658283234,"extra":"cube prefab with gpu instancing material"},{"frame":85,"time":0.0046441699378192429,"triangles":41476,"vertices":80222,"batches":18,"drawCalls":18,"dynamicBatches":0,"frameTime":0.004638994112610817,"renderTime":0.0015740760136395693,"instancedBatches":9,"shadowCasters":1196,"staticBatches":0,"dynamicBatchedDrawCalls":0,"combinedTime":0.006213069893419743,"differenceTime":-0.0015688999556005,"extra":"cube prefab with gpu instancing material"},{"frame":86,"time":0.004635381978005171,"triangles":41476,"vertices":80222,"batches":18,"drawCalls":18,"dynamicBatches":0,"frameTime":0.004632093943655491,"renderTime":0.0014421989908441902,"instancedBatches":9,"shadowCasters":1196,"staticBatches":0,"dynamicBatchedDrawCalls":0,"combinedTime":0.006074293050915003,"differenceTime":-0.001438911072909832,"extra":"cube prefab with gpu instancing material"},{"frame":87,"time":0.004500607959926128,"triangles":41476,"vertices":80222,"batches":18,"drawCalls":18,"dynamicBatches":0,"frameTime":0.004499202128499746,"renderTime":0.0013517850311473013,"instancedBatches":9,"shadowCasters":1196,"staticBatches":0,"dynamicBatchedDrawCalls":0,"combinedTime":0.005850987043231726,"differenceTime":-0.0013503790833055974,"extra":"cube prefab with gpu instancing material"},{"frame":88,"time":0.004653715994209051,"triangles":41476,"vertices":80222,"batches":18,"drawCalls":18,"dynamicBatches":0,"frameTime":0.004656135104596615,"renderTime":0.001415289007127285,"instancedBatches":9,"shadowCasters":1196,"staticBatches":0,"dynamicBatchedDrawCalls":0,"combinedTime":0.0060714241117239,"differenceTime":-0.0014177081175148488,"extra":"cube prefab with gpu instancing material"},{"frame":89,"time":0.004824842792004347,"triangles":41476,"vertices":80222,"batches":18,"drawCalls":18,"dynamicBatches":0,"frameTime":0.004821083974093199,"renderTime":0.0015289629809558392,"instancedBatches":9,"shadowCasters":1196,"staticBatches":0,"dynamicBatchedDrawCalls":0,"combinedTime":0.006350046955049038,"differenceTime":-0.001525204163044691,"extra":"cube prefab with gpu instancing material"},{"frame":90,"time":0.005887290928512812,"triangles":41476,"vertices":80222,"batches":18,"drawCalls":18,"dynamicBatches":0,"frameTime":0.005883293226361275,"renderTime":0.0021757150534540416,"instancedBatches":9,"shadowCasters":1196,"staticBatches":0,"dynamicBatchedDrawCalls":0,"combinedTime":0.008059008046984673,"differenceTime":-0.002171717118471861,"extra":"cube prefab with gpu instancing material"},{"frame":91,"time":0.004731026943773031,"triangles":41476,"vertices":80222,"batches":18,"drawCalls":18,"dynamicBatches":0,"frameTime":0.004767626989632845,"renderTime":0.0014758269535377622,"instancedBatches":9,"shadowCasters":1196,"staticBatches":0,"dynamicBatchedDrawCalls":0,"combinedTime":0.006243453826755285,"differenceTime":-0.001512426882982254,"extra":"cube prefab with gpu instancing material"},{"frame":92,"time":0.004630024079233408,"triangles":41476,"vertices":80222,"batches":18,"drawCalls":18,"dynamicBatches":0,"frameTime":0.004601231776177883,"renderTime":0.0014859699876978994,"instancedBatches":9,"shadowCasters":1196,"staticBatches":0,"dynamicBatchedDrawCalls":0,"combinedTime":0.006087201647460461,"differenceTime":-0.0014571775682270527,"extra":"cube prefab with gpu instancing material"},{"frame":93,"time":0.004759875126183033,"triangles":41476,"vertices":80222,"batches":18,"drawCalls":18,"dynamicBatches":0,"frameTime":0.004757157061249018,"renderTime":0.0015279599465429783,"instancedBatches":9,"shadowCasters":1196,"staticBatches":0,"dynamicBatchedDrawCalls":0,"combinedTime":0.006285117007791996,"differenceTime":-0.001525241881608963,"extra":"cube prefab with gpu instancing material"},{"frame":94,"time":0.005013028159737587,"triangles":41476,"vertices":80222,"batches":18,"drawCalls":18,"dynamicBatches":0,"frameTime":0.004999083001166582,"renderTime":0.0018681009532883764,"instancedBatches":9,"shadowCasters":1196,"staticBatches":0,"dynamicBatchedDrawCalls":0,"combinedTime":0.006867183838039637,"differenceTime":-0.0018541556783020497,"extra":"cube prefab with gpu instancing material"},{"frame":95,"time":0.004292329773306847,"triangles":41476,"vertices":80222,"batches":18,"drawCalls":18,"dynamicBatches":0,"frameTime":0.004332380834966898,"renderTime":0.0013646259903907776,"instancedBatches":9,"shadowCasters":1196,"staticBatches":0,"dynamicBatchedDrawCalls":0,"combinedTime":0.0056970068253576759,"differenceTime":-0.001404677052050829,"extra":"cube prefab with gpu instancing material"},{"frame":96,"time":0.004784959834069014,"triangles":41476,"vertices":80222,"batches":18,"drawCalls":18,"dynamicBatches":0,"frameTime":0.004751929081976414,"renderTime":0.0015281749656423927,"instancedBatches":9,"shadowCasters":1196,"staticBatches":0,"dynamicBatchedDrawCalls":0,"combinedTime":0.006280104164034128,"differenceTime":-0.0014951443299651147,"extra":"cube prefab with gpu instancing material"},{"frame":97,"time":0.005163453985005617,"triangles":41476,"vertices":80222,"batches":18,"drawCalls":18,"dynamicBatches":0,"frameTime":0.0051757339388132099,"renderTime":0.0018027100013568998,"instancedBatches":9,"shadowCasters":1196,"staticBatches":0,"dynamicBatchedDrawCalls":0,"combinedTime":0.0069784438237547878,"differenceTime":-0.0018149898387491704,"extra":"cube prefab with gpu instancing material"},{"frame":98,"time":0.004650208167731762,"triangles":41476,"vertices":80222,"batches":18,"drawCalls":18,"dynamicBatches":0,"frameTime":0.004648070782423019,"renderTime":0.0015730890445411206,"instancedBatches":9,"shadowCasters":1196,"staticBatches":0,"dynamicBatchedDrawCalls":0,"combinedTime":0.00622115982696414,"differenceTime":-0.001570951659232378,"extra":"cube prefab with gpu instancing material"},{"frame":99,"time":0.00427935691550374,"triangles":41476,"vertices":80222,"batches":18,"drawCalls":18,"dynamicBatches":0,"frameTime":0.004281029105186462,"renderTime":0.0013080709613859654,"instancedBatches":9,"shadowCasters":1196,"staticBatches":0,"dynamicBatchedDrawCalls":0,"combinedTime":0.005589100066572428,"differenceTime":-0.0013097431510686875,"extra":"cube prefab with gpu instancing material"},{"frame":100,"time":0.004427966196089983,"triangles":41476,"vertices":80222,"batches":18,"drawCalls":18,"dynamicBatches":0,"frameTime":0.004452451132237911,"renderTime":0.0014464959967881442,"instancedBatches":9,"shadowCasters":1196,"staticBatches":0,"dynamicBatchedDrawCalls":0,"combinedTime":0.005898946896195412,"differenceTime":-0.0014709807001054288,"extra":"cube prefab with gpu instancing material"}]}