{"data":[{"frame":1,"time":0.019999999552965165,"triangles":62534020,"vertices":89019734,"batches":44,"drawCalls":44,"dynamicBatches":0,"frameTime":0.4806622564792633,"renderTime":0.003972386941313744,"instancedBatches":35,"shadowCasters":4580,"staticBatches":0,"dynamicBatchedDrawCalls":0,"combinedTime":0.4846346378326416,"differenceTime":-0.46463462710380556,"extra":"speed tree tree"},{"frame":2,"time":0.019999999552965165,"triangles":62534020,"vertices":89019734,"batches":44,"drawCalls":44,"dynamicBatches":0,"frameTime":0.4806622564792633,"renderTime":0.003972386941313744,"instancedBatches":35,"shadowCasters":4580,"staticBatches":0,"dynamicBatchedDrawCalls":0,"combinedTime":0.4846346378326416,"differenceTime":-0.46463462710380556,"extra":"speed tree tree"},{"frame":3,"time":0.3333333432674408,"triangles":62534024,"vertices":89019742,"batches":8579,"drawCalls":8579,"dynamicBatches":0,"frameTime":4.0750203132629398,"renderTime":-27038.12109375,"instancedBatches":0,"shadowCasters":4580,"staticBatches":0,"dynamicBatchedDrawCalls":0,"combinedTime":-27034.046875,"differenceTime":27034.380859375,"extra":"speed tree tree"},{"frame":4,"time":0.06323167681694031,"triangles":62534024,"vertices":89019742,"batches":8579,"drawCalls":8579,"dynamicBatches":0,"frameTime":4.0750203132629398,"renderTime":-27038.12109375,"instancedBatches":0,"shadowCasters":4580,"staticBatches":0,"dynamicBatchedDrawCalls":0,"combinedTime":-27034.046875,"differenceTime":27034.109375,"extra":"speed tree tree"},{"frame":5,"time":0.07821770757436753,"triangles":62534020,"vertices":89019734,"batches":8577,"drawCalls":8577,"dynamicBatches":0,"frameTime":0.030406247824430467,"renderTime":0.015045818872749806,"instancedBatches":0,"shadowCasters":4580,"staticBatches":0,"dynamicBatchedDrawCalls":0,"combinedTime":0.045452065765857699,"differenceTime":0.03276564180850983,"extra":"speed tree tree"},{"frame":6,"time":0.06779580563306809,"triangles":62534020,"vertices":89019734,"batches":8577,"drawCalls":8577,"dynamicBatches":0,"frameTime":0.06777840107679367,"renderTime":0.017196888104081155,"instancedBatches":0,"shadowCasters":4580,"staticBatches":0,"dynamicBatchedDrawCalls":0,"combinedTime":0.08497528731822968,"differenceTime":-0.01717948168516159,"extra":"speed tree tree"},{"frame":7,"time":0.020612701773643495,"triangles":62534020,"vertices":89019734,"batches":8577,"drawCalls":8577,"dynamicBatches":0,"frameTime":0.06777840107679367,"renderTime":0.017196888104081155,"instancedBatches":0,"shadowCasters":4580,"staticBatches":0,"dynamicBatchedDrawCalls":0,"combinedTime":0.08497528731822968,"differenceTime":-0.06436258554458618,"extra":"speed tree tree"},{"frame":8,"time":0.024839261546730996,"triangles":62534020,"vertices":89019734,"batches":8577,"drawCalls":8577,"dynamicBatches":0,"frameTime":0.021369243040680887,"renderTime":0.018760383129119874,"instancedBatches":0,"shadowCasters":4580,"staticBatches":0,"dynamicBatchedDrawCalls":0,"combinedTime":0.04012962430715561,"differenceTime":-0.015290362760424614,"extra":"speed tree tree"},{"frame":9,"time":0.042140427976846698,"triangles":62534020,"vertices":89019734,"batches":8577,"drawCalls":8577,"dynamicBatches":0,"frameTime":0.04066437855362892,"renderTime":0.02035871148109436,"instancedBatches":0,"shadowCasters":4580,"staticBatches":0,"dynamicBatchedDrawCalls":0,"combinedTime":0.06102309003472328,"differenceTime":-0.018882662057876588,"extra":"speed tree tree"},{"frame":10,"time":0.04955371841788292,"triangles":62534020,"vertices":89019734,"batches":8577,"drawCalls":8577,"dynamicBatches":0,"frameTime":0.026625335216522218,"renderTime":0.021547654643654825,"instancedBatches":0,"shadowCasters":4580,"staticBatches":0,"dynamicBatchedDrawCalls":0,"combinedTime":0.04817298799753189,"differenceTime":0.0013807304203510285,"extra":"speed tree tree"},{"frame":11,"time":0.08017521351575852,"triangles":62534020,"vertices":89019734,"batches":8577,"drawCalls":8577,"dynamicBatches":0,"frameTime":0.10930708795785904,"renderTime":0.01874111033976078,"instancedBatches":0,"shadowCasters":4580,"staticBatches":0,"dynamicBatchedDrawCalls":0,"combinedTime":0.12804819643497468,"differenceTime":-0.047872982919216159,"extra":"speed tree tree"},{"frame":12,"time":0.0680285394191742,"triangles":62534020,"vertices":89019734,"batches":8577,"drawCalls":8577,"dynamicBatches":0,"frameTime":0.06702279299497605,"renderTime":0.016341429203748704,"instancedBatches":0,"shadowCasters":4580,"staticBatches":0,"dynamicBatchedDrawCalls":0,"combinedTime":0.08336421847343445,"differenceTime":-0.015335679054260254,"extra":"speed tree tree"},{"frame":13,"time":0.07104349136352539,"triangles":62534020,"vertices":89019734,"batches":8577,"drawCalls":8577,"dynamicBatches":0,"frameTime":0.06645319610834122,"renderTime":0.0178091898560524,"instancedBatches":0,"shadowCasters":4580,"staticBatches":0,"dynamicBatchedDrawCalls":0,"combinedTime":0.08426238596439362,"differenceTime":-0.013218894600868225,"extra":"speed tree tree"},{"frame":14,"time":0.06156175211071968,"triangles":62534020,"vertices":89019734,"batches":8577,"drawCalls":8577,"dynamicBatches":0,"frameTime":0.0690743625164032,"renderTime":0.015094137750566006,"instancedBatches":0,"shadowCasters":4580,"staticBatches":0,"dynamicBatchedDrawCalls":0,"combinedTime":0.08416850119829178,"differenceTime":-0.022606749087572099,"extra":"speed tree tree"},{"frame":15,"time":0.06988169252872467,"triangles":62534020,"vertices":89019734,"batches":8577,"drawCalls":8577,"dynamicBatches":0,"frameTime":0.06655441969633103,"renderTime":0.017220955342054368,"instancedBatches":0,"shadowCasters":4580,"staticBatches":0,"dynamicBatchedDrawCalls":0,"combinedTime":0.08377537131309509,"differenceTime":-0.013893678784370423,"extra":"speed tree tree"},{"frame":16,"time":0.07235463708639145,"triangles":62534020,"vertices":89019734,"batches":8577,"drawCalls":8577,"dynamicBatches":0,"frameTime":0.06692719459533692,"renderTime":0.017781205475330354,"instancedBatches":0,"shadowCasters":4580,"staticBatches":0,"dynamicBatchedDrawCalls":0,"combinedTime":0.08470840007066727,"differenceTime":-0.012353762984275818,"extra":"speed tree tree"},{"frame":17,"time":0.05952848494052887,"triangles":62534020,"vertices":89019734,"batches":8577,"drawCalls":8577,"dynamicBatches":0,"frameTime":0.06883314251899719,"renderTime":0.015340236015617848,"instancedBatches":0,"shadowCasters":4580,"staticBatches":0,"dynamicBatchedDrawCalls":0,"combinedTime":0.08417338132858277,"differenceTime":-0.024644896388053895,"extra":"speed tree tree"},{"frame":18,"time":0.06934601068496704,"triangles":62534020,"vertices":89019734,"batches":8577,"drawCalls":8577,"dynamicBatches":0,"frameTime":0.06702619791030884,"renderTime":0.014236338436603547,"instancedBatches":0,"shadowCasters":4580,"staticBatches":0,"dynamicBatchedDrawCalls":0,"combinedTime":0.08126253634691239,"differenceTime":-0.011916525661945343,"extra":"speed tree tree"},{"frame":19,"time":0.0721772089600563,"triangles":62534020,"vertices":89019734,"batches":8577,"drawCalls":8577,"dynamicBatches":0,"frameTime":0.06699167937040329,"renderTime":0.016418514773249627,"instancedBatches":0,"shadowCasters":4580,"staticBatches":0,"dynamicBatchedDrawCalls":0,"combinedTime":0.08341019600629807,"differenceTime":-0.01123298704624176,"extra":"speed tree tree"},{"frame":20,"time":0.07651685178279877,"triangles":62534020,"vertices":89019734,"batches":8577,"drawCalls":8577,"dynamicBatches":0,"frameTime":0.06853145360946655,"renderTime":0.014855845831334591,"instancedBatches":0,"shadowCasters":4580,"staticBatches":0,"dynamicBatchedDrawCalls":0,"combinedTime":0.08338730037212372,"differenceTime":-0.006870448589324951,"extra":"speed tree tree"},{"frame":21,"time":0.052713118493556979,"triangles":62534020,"vertices":89019734,"batches":8577,"drawCalls":8577,"dynamicBatches":0,"frameTime":0.06814228743314743,"renderTime":0.015445707365870476,"instancedBatches":0,"shadowCasters":4580,"staticBatches":0,"dynamicBatchedDrawCalls":0,"combinedTime":0.08358799666166306,"differenceTime":-0.03087487816810608,"extra":"speed tree tree"},{"frame":22,"time":0.07710716873407364,"triangles":62534020,"vertices":89019734,"batches":8577,"drawCalls":8577,"dynamicBatches":0,"frameTime":0.06637740880250931,"renderTime":0.014724276959896088,"instancedBatches":0,"shadowCasters":4580,"staticBatches":0,"dynamicBatchedDrawCalls":0,"combinedTime":0.0811016857624054,"differenceTime":-0.003994517028331757,"extra":"speed tree tree"},{"frame":23,"time":0.059474311769008639,"triangles":62534020,"vertices":89019734,"batches":8577,"drawCalls":8577,"dynamicBatches":0,"frameTime":0.0705416277050972,"renderTime":0.01676391437649727,"instancedBatches":0,"shadowCasters":4580,"staticBatches":0,"dynamicBatchedDrawCalls":0,"combinedTime":0.08730554580688477,"differenceTime":-0.02783123403787613,"extra":"speed tree tree"},{"frame":24,"time":0.0678291991353035,"triangles":62534020,"vertices":89019734,"batches":8577,"drawCalls":8577,"dynamicBatches":0,"frameTime":0.0666031539440155,"renderTime":0.014562457799911499,"instancedBatches":0,"shadowCasters":4580,"staticBatches":0,"dynamicBatchedDrawCalls":0,"combinedTime":0.081165611743927,"differenceTime":-0.013336412608623505,"extra":"speed tree tree"},{"frame":25,"time":0.07294535636901856,"triangles":62534020,"vertices":89019734,"batches":8577,"drawCalls":8577,"dynamicBatches":0,"frameTime":0.06712953746318817,"renderTime":0.015242584981024266,"instancedBatches":0,"shadowCasters":4580,"staticBatches":0,"dynamicBatchedDrawCalls":0,"combinedTime":0.08237212151288986,"differenceTime":-0.009426765143871308,"extra":"speed tree tree"},{"frame":26,"time":0.06670524179935456,"triangles":62534020,"vertices":89019734,"batches":8577,"drawCalls":8577,"dynamicBatches":0,"frameTime":0.06856309622526169,"renderTime":0.014250123873353005,"instancedBatches":0,"shadowCasters":4580,"staticBatches":0,"dynamicBatchedDrawCalls":0,"combinedTime":0.08281321823596955,"differenceTime":-0.01610797643661499,"extra":"speed tree tree"},{"frame":27,"time":0.06317233294248581,"triangles":62534020,"vertices":89019734,"batches":8577,"drawCalls":8577,"dynamicBatches":0,"frameTime":0.06717988848686218,"renderTime":0.018540505319833757,"instancedBatches":0,"shadowCasters":4580,"staticBatches":0,"dynamicBatchedDrawCalls":0,"combinedTime":0.08572039008140564,"differenceTime":-0.02254805713891983,"extra":"speed tree tree"},{"frame":28,"time":0.07369749248027802,"triangles":62534020,"vertices":89019734,"batches":8577,"drawCalls":8577,"dynamicBatches":0,"frameTime":0.06767024844884873,"renderTime":0.015365875326097012,"instancedBatches":0,"shadowCasters":4580,"staticBatches":0,"dynamicBatchedDrawCalls":0,"combinedTime":0.08303612470626831,"differenceTime":-0.009338632225990296,"extra":"speed tree tree"},{"frame":29,"time":0.0637701153755188,"triangles":62534020,"vertices":89019734,"batches":8577,"drawCalls":8577,"dynamicBatches":0,"frameTime":0.06859908998012543,"renderTime":0.01500111073255539,"instancedBatches":0,"shadowCasters":4580,"staticBatches":0,"dynamicBatchedDrawCalls":0,"combinedTime":0.08360020071268082,"differenceTime":-0.019830085337162019,"extra":"speed tree tree"},{"frame":30,"time":0.06682852655649185,"triangles":62534020,"vertices":89019734,"batches":8577,"drawCalls":8577,"dynamicBatches":0,"frameTime":0.06702723354101181,"renderTime":0.017039744183421136,"instancedBatches":0,"shadowCasters":4580,"staticBatches":0,"dynamicBatchedDrawCalls":0,"combinedTime":0.0840669795870781,"differenceTime":-0.017238453030586244,"extra":"speed tree tree"},{"frame":31,"time":0.0743972659111023,"triangles":62534020,"vertices":89019734,"batches":8577,"drawCalls":8577,"dynamicBatches":0,"frameTime":0.06695657968521118,"renderTime":0.016694197431206704,"instancedBatches":0,"shadowCasters":4580,"staticBatches":0,"dynamicBatchedDrawCalls":0,"combinedTime":0.08365077525377274,"differenceTime":-0.00925350934267044,"extra":"speed tree tree"},{"frame":32,"time":0.0593794509768486,"triangles":62534020,"vertices":89019734,"batches":8577,"drawCalls":8577,"dynamicBatches":0,"frameTime":0.06863337755203247,"renderTime":0.016377229243516923,"instancedBatches":0,"shadowCasters":4580,"staticBatches":0,"dynamicBatchedDrawCalls":0,"combinedTime":0.0850106030702591,"differenceTime":-0.025631152093410493,"extra":"speed tree tree"},{"frame":33,"time":0.0709027647972107,"triangles":62534020,"vertices":89019734,"batches":8577,"drawCalls":8577,"dynamicBatches":0,"frameTime":0.06826267391443253,"renderTime":0.014302718453109265,"instancedBatches":0,"shadowCasters":4580,"staticBatches":0,"dynamicBatchedDrawCalls":0,"combinedTime":0.08256538957357407,"differenceTime":-0.011662624776363373,"extra":"speed tree tree"},{"frame":34,"time":0.0788332149386406,"triangles":62534020,"vertices":89019734,"batches":8577,"drawCalls":8577,"dynamicBatches":0,"frameTime":0.06696686893701554,"renderTime":0.01618860848248005,"instancedBatches":0,"shadowCasters":4580,"staticBatches":0,"dynamicBatchedDrawCalls":0,"combinedTime":0.08315547555685044,"differenceTime":-0.004322260618209839,"extra":"speed tree tree"},{"frame":35,"time":0.05579010024666786,"triangles":62534020,"vertices":89019734,"batches":8577,"drawCalls":8577,"dynamicBatches":0,"frameTime":0.06953536719083786,"renderTime":0.02037041075527668,"instancedBatches":0,"shadowCasters":4580,"staticBatches":0,"dynamicBatchedDrawCalls":0,"combinedTime":0.08990577608346939,"differenceTime":-0.03411567583680153,"extra":"speed tree tree"},{"frame":36,"time":0.07155503332614899,"triangles":62534020,"vertices":89019734,"batches":8577,"drawCalls":8577,"dynamicBatches":0,"frameTime":0.06710920482873917,"renderTime":0.015658942982554437,"instancedBatches":0,"shadowCasters":4580,"staticBatches":0,"dynamicBatchedDrawCalls":0,"combinedTime":0.08276814967393875,"differenceTime":-0.011213116347789765,"extra":"speed tree tree"},{"frame":37,"time":0.0690043494105339,"triangles":62534020,"vertices":89019734,"batches":8577,"drawCalls":8577,"dynamicBatches":0,"frameTime":0.06700699776411057,"renderTime":0.019279329106211664,"instancedBatches":0,"shadowCasters":4580,"staticBatches":0,"dynamicBatchedDrawCalls":0,"combinedTime":0.08628632873296738,"differenceTime":-0.01728197932243347,"extra":"speed tree tree"},{"frame":38,"time":0.06239969655871391,"triangles":62534020,"vertices":89019734,"batches":8577,"drawCalls":8577,"dynamicBatches":0,"frameTime":0.06857864558696747,"renderTime":0.015032951720058918,"instancedBatches":0,"shadowCasters":4580,"staticBatches":0,"dynamicBatchedDrawCalls":0,"combinedTime":0.08361160010099411,"differenceTime":-0.021211903542280198,"extra":"speed tree tree"},{"frame":39,"time":0.07242652773857117,"triangles":62534020,"vertices":89019734,"batches":8577,"drawCalls":8577,"dynamicBatches":0,"frameTime":0.06756865978240967,"renderTime":0.015481445007026196,"instancedBatches":0,"shadowCasters":4580,"staticBatches":0,"dynamicBatchedDrawCalls":0,"combinedTime":0.08305010199546814,"differenceTime":-0.010623574256896973,"extra":"speed tree tree"},{"frame":40,"time":0.07136175036430359,"triangles":62534020,"vertices":89019734,"batches":8577,"drawCalls":8577,"dynamicBatches":0,"frameTime":0.06697169691324234,"renderTime":0.01996017061173916,"instancedBatches":0,"shadowCasters":4580,"staticBatches":0,"dynamicBatchedDrawCalls":0,"combinedTime":0.08693186938762665,"differenceTime":-0.015570119023323059,"extra":"speed tree tree"},{"frame":41,"time":0.05970591679215431,"triangles":62534020,"vertices":89019734,"batches":8577,"drawCalls":8577,"dynamicBatches":0,"frameTime":0.06876722723245621,"renderTime":0.01750119775533676,"instancedBatches":0,"shadowCasters":4580,"staticBatches":0,"dynamicBatchedDrawCalls":0,"combinedTime":0.08626842498779297,"differenceTime":-0.026562508195638658,"extra":"speed tree tree"},{"frame":42,"time":0.06840769201517105,"triangles":62534020,"vertices":89019734,"batches":8577,"drawCalls":8577,"dynamicBatches":0,"frameTime":0.06688906252384186,"renderTime":0.01574367843568325,"instancedBatches":0,"shadowCasters":4580,"staticBatches":0,"dynamicBatchedDrawCalls":0,"combinedTime":0.08263274282217026,"differenceTime":-0.014225050806999207,"extra":"speed tree tree"},{"frame":43,"time":0.0762128233909607,"triangles":62534020,"vertices":89019734,"batches":8577,"drawCalls":8577,"dynamicBatches":0,"frameTime":0.06774373352527619,"renderTime":0.016620224341750146,"instancedBatches":0,"shadowCasters":4580,"staticBatches":0,"dynamicBatchedDrawCalls":0,"combinedTime":0.08436395972967148,"differenceTime":-0.008151136338710785,"extra":"speed tree tree"},{"frame":44,"time":0.0627722218632698,"triangles":62534020,"vertices":89019734,"batches":8577,"drawCalls":8577,"dynamicBatches":0,"frameTime":0.06935630738735199,"renderTime":0.018082741647958757,"instancedBatches":0,"shadowCasters":4580,"staticBatches":0,"dynamicBatchedDrawCalls":0,"combinedTime":0.08743904531002045,"differenceTime":-0.02466682344675064,"extra":"speed tree tree"},{"frame":45,"time":0.06663957238197327,"triangles":62534020,"vertices":89019734,"batches":8577,"drawCalls":8577,"dynamicBatches":0,"frameTime":0.06807225197553635,"renderTime":0.01970682479441166,"instancedBatches":0,"shadowCasters":4580,"staticBatches":0,"dynamicBatchedDrawCalls":0,"combinedTime":0.08777907490730286,"differenceTime":-0.02113950252532959,"extra":"speed tree tree"},{"frame":46,"time":0.07185936719179154,"triangles":62534020,"vertices":89019734,"batches":8577,"drawCalls":8577,"dynamicBatches":0,"frameTime":0.06714629381895066,"renderTime":0.017669202759861947,"instancedBatches":0,"shadowCasters":4580,"staticBatches":0,"dynamicBatchedDrawCalls":0,"combinedTime":0.08481549471616745,"differenceTime":-0.012956127524375916,"extra":"speed tree tree"},{"frame":47,"time":0.06177409365773201,"triangles":62534020,"vertices":89019734,"batches":8577,"drawCalls":8577,"dynamicBatches":0,"frameTime":0.0694400742650032,"renderTime":0.015131089836359024,"instancedBatches":0,"shadowCasters":4580,"staticBatches":0,"dynamicBatchedDrawCalls":0,"combinedTime":0.08457116782665253,"differenceTime":-0.022797074168920518,"extra":"speed tree tree"},{"frame":48,"time":0.06845038384199143,"triangles":62534020,"vertices":89019734,"batches":8577,"drawCalls":8577,"dynamicBatches":0,"frameTime":0.06699014455080033,"renderTime":0.015109864063560963,"instancedBatches":0,"shadowCasters":4580,"staticBatches":0,"dynamicBatchedDrawCalls":0,"combinedTime":0.08210001140832901,"differenceTime":-0.013649627566337586,"extra":"speed tree tree"},{"frame":49,"time":0.07247532904148102,"triangles":62534020,"vertices":89019734,"batches":8577,"drawCalls":8577,"dynamicBatches":0,"frameTime":0.06684313714504242,"renderTime":0.015623562969267369,"instancedBatches":0,"shadowCasters":4580,"staticBatches":0,"dynamicBatchedDrawCalls":0,"combinedTime":0.08246669918298722,"differenceTime":-0.009991370141506195,"extra":"speed tree tree"},{"frame":50,"time":0.06362983584403992,"triangles":62534020,"vertices":89019734,"batches":8577,"drawCalls":8577,"dynamicBatches":0,"frameTime":0.06956040114164353,"renderTime":0.015225850045681,"instancedBatches":0,"shadowCasters":4580,"staticBatches":0,"dynamicBatchedDrawCalls":0,"combinedTime":0.08478625118732453,"differenceTime":-0.021156415343284608,"extra":"speed tree tree"},{"frame":51,"time":0.0689207911491394,"triangles":62534020,"vertices":89019734,"batches":8577,"drawCalls":8577,"dynamicBatches":0,"frameTime":0.06777367740869522,"renderTime":0.015682481229305269,"instancedBatches":0,"shadowCasters":4580,"staticBatches":0,"dynamicBatchedDrawCalls":0,"combinedTime":0.08345615863800049,"differenceTime":-0.014535367488861084,"extra":"speed tree tree"},{"frame":52,"time":0.07192906737327576,"triangles":62534020,"vertices":89019734,"batches":8577,"drawCalls":8577,"dynamicBatches":0,"frameTime":0.0672602728009224,"renderTime":0.015943139791488649,"instancedBatches":0,"shadowCasters":4580,"staticBatches":0,"dynamicBatchedDrawCalls":0,"combinedTime":0.08320341259241104,"differenceTime":-0.011274345219135285,"extra":"speed tree tree"},{"frame":53,"time":0.061482179909944537,"triangles":62534020,"vertices":89019734,"batches":8577,"drawCalls":8577,"dynamicBatches":0,"frameTime":0.0686013326048851,"renderTime":0.014977507293224335,"instancedBatches":0,"shadowCasters":4580,"staticBatches":0,"dynamicBatchedDrawCalls":0,"combinedTime":0.08357883989810944,"differenceTime":-0.022096659988164903,"extra":"speed tree tree"},{"frame":54,"time":0.067545585334301,"triangles":62534020,"vertices":89019734,"batches":8577,"drawCalls":8577,"dynamicBatches":0,"frameTime":0.06778924912214279,"renderTime":0.01435249112546444,"instancedBatches":0,"shadowCasters":4580,"staticBatches":0,"dynamicBatchedDrawCalls":0,"combinedTime":0.08214174211025238,"differenceTime":-0.014596156775951386,"extra":"speed tree tree"},{"frame":55,"time":0.0759727954864502,"triangles":62534020,"vertices":89019734,"batches":8577,"drawCalls":8577,"dynamicBatches":0,"frameTime":0.06781382113695145,"renderTime":0.014477345161139965,"instancedBatches":0,"shadowCasters":4580,"staticBatches":0,"dynamicBatchedDrawCalls":0,"combinedTime":0.08229116350412369,"differenceTime":-0.006318368017673492,"extra":"speed tree tree"},{"frame":56,"time":0.06260602176189423,"triangles":62534020,"vertices":89019734,"batches":8577,"drawCalls":8577,"dynamicBatches":0,"frameTime":0.06769347190856934,"renderTime":0.015521254390478135,"instancedBatches":0,"shadowCasters":4580,"staticBatches":0,"dynamicBatchedDrawCalls":0,"combinedTime":0.08321473002433777,"differenceTime":-0.020608708262443544,"extra":"speed tree tree"},{"frame":57,"time":0.06418381631374359,"triangles":62534020,"vertices":89019734,"batches":8577,"drawCalls":8577,"dynamicBatches":0,"frameTime":0.06716644763946533,"renderTime":0.018149888142943383,"instancedBatches":0,"shadowCasters":4580,"staticBatches":0,"dynamicBatchedDrawCalls":0,"combinedTime":0.08531633764505387,"differenceTime":-0.021132521331310273,"extra":"speed tree tree"},{"frame":58,"time":0.07600715756416321,"triangles":62534020,"vertices":89019734,"batches":8577,"drawCalls":8577,"dynamicBatches":0,"frameTime":0.06696154922246933,"renderTime":0.01522316038608551,"instancedBatches":0,"shadowCasters":4580,"staticBatches":0,"dynamicBatchedDrawCalls":0,"combinedTime":0.08218470960855484,"differenceTime":-0.006177552044391632,"extra":"speed tree tree"},{"frame":59,"time":0.06511595100164414,"triangles":62534020,"vertices":89019734,"batches":8577,"drawCalls":8577,"dynamicBatches":0,"frameTime":0.06890739500522614,"renderTime":0.014225959777832032,"instancedBatches":0,"shadowCasters":4580,"staticBatches":0,"dynamicBatchedDrawCalls":0,"combinedTime":0.08313335478305817,"differenceTime":-0.018017403781414033,"extra":"speed tree tree"},{"frame":60,"time":0.06294293701648712,"triangles":62534020,"vertices":89019734,"batches":8577,"drawCalls":8577,"dynamicBatches":0,"frameTime":0.06803593039512634,"renderTime":0.015792040154337884,"instancedBatches":0,"shadowCasters":4580,"staticBatches":0,"dynamicBatchedDrawCalls":0,"combinedTime":0.08382797241210938,"differenceTime":-0.020885035395622255,"extra":"speed tree tree"},{"frame":61,"time":0.07418932765722275,"triangles":62534020,"vertices":89019734,"batches":8577,"drawCalls":8577,"dynamicBatches":0,"frameTime":0.066893570125103,"renderTime":0.014519569464027882,"instancedBatches":0,"shadowCasters":4580,"staticBatches":0,"dynamicBatchedDrawCalls":0,"combinedTime":0.0814131423830986,"differenceTime":-0.0072238147258758549,"extra":"speed tree tree"},{"frame":62,"time":0.061078671365976337,"triangles":62534020,"vertices":89019734,"batches":8577,"drawCalls":8577,"dynamicBatches":0,"frameTime":0.06857557594776154,"renderTime":0.013870198279619217,"instancedBatches":0,"shadowCasters":4580,"staticBatches":0,"dynamicBatchedDrawCalls":0,"combinedTime":0.08244577050209046,"differenceTime":-0.02136709913611412,"extra":"speed tree tree"},{"frame":63,"time":0.06703156232833862,"triangles":62534020,"vertices":89019734,"batches":8577,"drawCalls":8577,"dynamicBatches":0,"frameTime":0.06696800142526627,"renderTime":0.015156058594584465,"instancedBatches":0,"shadowCasters":4580,"staticBatches":0,"dynamicBatchedDrawCalls":0,"combinedTime":0.08212406188249588,"differenceTime":-0.015092499554157257,"extra":"speed tree tree"},{"frame":64,"time":0.07549494504928589,"triangles":62534020,"vertices":89019734,"batches":8577,"drawCalls":8577,"dynamicBatches":0,"frameTime":0.06656771153211594,"renderTime":0.015206863172352314,"instancedBatches":0,"shadowCasters":4580,"staticBatches":0,"dynamicBatchedDrawCalls":0,"combinedTime":0.08177457749843598,"differenceTime":-0.0062796324491500858,"extra":"speed tree tree"},{"frame":65,"time":0.060016438364982608,"triangles":62534020,"vertices":89019734,"batches":8577,"drawCalls":8577,"dynamicBatches":0,"frameTime":0.06992042809724808,"renderTime":0.01549366395920515,"instancedBatches":0,"shadowCasters":4580,"staticBatches":0,"dynamicBatchedDrawCalls":0,"combinedTime":0.0854140892624855,"differenceTime":-0.0253976508975029,"extra":"speed tree tree"},{"frame":66,"time":0.06916535645723343,"triangles":62534020,"vertices":89019734,"batches":8577,"drawCalls":8577,"dynamicBatches":0,"frameTime":0.06656331568956375,"renderTime":0.014378886669874192,"instancedBatches":0,"shadowCasters":4580,"staticBatches":0,"dynamicBatchedDrawCalls":0,"combinedTime":0.08094219863414765,"differenceTime":-0.011776842176914215,"extra":"speed tree tree"},{"frame":67,"time":0.0728088840842247,"triangles":62534020,"vertices":89019734,"batches":8577,"drawCalls":8577,"dynamicBatches":0,"frameTime":0.06704118102788925,"renderTime":0.015093857422471047,"instancedBatches":0,"shadowCasters":4580,"staticBatches":0,"dynamicBatchedDrawCalls":0,"combinedTime":0.08213503658771515,"differenceTime":-0.009326152503490448,"extra":"speed tree tree"},{"frame":68,"time":0.062054749578237537,"triangles":62534020,"vertices":89019734,"batches":8577,"drawCalls":8577,"dynamicBatches":0,"frameTime":0.06842955201864243,"renderTime":0.015106507577002049,"instancedBatches":0,"shadowCasters":4580,"staticBatches":0,"dynamicBatchedDrawCalls":0,"combinedTime":0.0835360586643219,"differenceTime":-0.021481309086084367,"extra":"speed tree tree"},{"frame":69,"time":0.06748513132333756,"triangles":62534020,"vertices":89019734,"batches":8577,"drawCalls":8577,"dynamicBatches":0,"frameTime":0.06697602570056915,"renderTime":0.016848124563694,"instancedBatches":0,"shadowCasters":4580,"staticBatches":0,"dynamicBatchedDrawCalls":0,"combinedTime":0.08382415026426316,"differenceTime":-0.016339018940925599,"extra":"speed tree tree"},{"frame":70,"time":0.07205506414175034,"triangles":62534020,"vertices":89019734,"batches":8577,"drawCalls":8577,"dynamicBatches":0,"frameTime":0.06759890168905258,"renderTime":0.015547400340437889,"instancedBatches":0,"shadowCasters":4580,"staticBatches":0,"dynamicBatchedDrawCalls":0,"combinedTime":0.08314630389213562,"differenceTime":-0.011091239750385285,"extra":"speed tree tree"},{"frame":71,"time":0.06270468235015869,"triangles":62534020,"vertices":89019734,"batches":8577,"drawCalls":8577,"dynamicBatches":0,"frameTime":0.06861783564090729,"renderTime":0.014482997357845307,"instancedBatches":0,"shadowCasters":4580,"staticBatches":0,"dynamicBatchedDrawCalls":0,"combinedTime":0.0831008329987526,"differenceTime":-0.020396150648593904,"extra":"speed tree tree"},{"frame":72,"time":0.06654714792966843,"triangles":62534020,"vertices":89019734,"batches":8577,"drawCalls":8577,"dynamicBatches":0,"frameTime":0.06702455878257752,"renderTime":0.014967529103159905,"instancedBatches":0,"shadowCasters":4580,"staticBatches":0,"dynamicBatchedDrawCalls":0,"combinedTime":0.08199208974838257,"differenceTime":-0.015444941818714142,"extra":"speed tree tree"},{"frame":73,"time":0.07672353088855744,"triangles":62534020,"vertices":89019734,"batches":8577,"drawCalls":8577,"dynamicBatches":0,"frameTime":0.06711462885141373,"renderTime":0.014260616153478623,"instancedBatches":0,"shadowCasters":4580,"staticBatches":0,"dynamicBatchedDrawCalls":0,"combinedTime":0.08137524127960205,"differenceTime":-0.004651710391044617,"extra":"speed tree tree"},{"frame":74,"time":0.058945152908563617,"triangles":62534020,"vertices":89019734,"batches":8577,"drawCalls":8577,"dynamicBatches":0,"frameTime":0.06864557415246964,"renderTime":0.01558912917971611,"instancedBatches":0,"shadowCasters":4580,"staticBatches":0,"dynamicBatchedDrawCalls":0,"combinedTime":0.08423469960689545,"differenceTime":-0.025289546698331834,"extra":"speed tree tree"},{"frame":75,"time":0.06647355109453201,"triangles":62534020,"vertices":89019734,"batches":8577,"drawCalls":8577,"dynamicBatches":0,"frameTime":0.06691356748342514,"renderTime":0.014314291067421437,"instancedBatches":0,"shadowCasters":4580,"staticBatches":0,"dynamicBatchedDrawCalls":0,"combinedTime":0.0812278613448143,"differenceTime":-0.014754310250282288,"extra":"speed tree tree"},{"frame":76,"time":0.07830146700143814,"triangles":62534020,"vertices":89019734,"batches":8577,"drawCalls":8577,"dynamicBatches":0,"frameTime":0.06778976321220398,"renderTime":0.013970543630421162,"instancedBatches":0,"shadowCasters":4580,"staticBatches":0,"dynamicBatchedDrawCalls":0,"combinedTime":0.08176030963659287,"differenceTime":-0.003458842635154724,"extra":"speed tree tree"},{"frame":77,"time":0.0590348057448864,"triangles":62534020,"vertices":89019734,"batches":8577,"drawCalls":8577,"dynamicBatches":0,"frameTime":0.06830234080553055,"renderTime":0.016626423224806787,"instancedBatches":0,"shadowCasters":4580,"staticBatches":0,"dynamicBatchedDrawCalls":0,"combinedTime":0.08492876589298248,"differenceTime":-0.025893960148096086,"extra":"speed tree tree"},{"frame":78,"time":0.06642788648605347,"triangles":62534020,"vertices":89019734,"batches":8577,"drawCalls":8577,"dynamicBatches":0,"frameTime":0.06695583462715149,"renderTime":0.014763563871383667,"instancedBatches":0,"shadowCasters":4580,"staticBatches":0,"dynamicBatchedDrawCalls":0,"combinedTime":0.08171939849853516,"differenceTime":-0.01529151201248169,"extra":"speed tree tree"},{"frame":79,"time":0.07481116056442261,"triangles":62534020,"vertices":89019734,"batches":8577,"drawCalls":8577,"dynamicBatches":0,"frameTime":0.06700358539819718,"renderTime":0.01429037470370531,"instancedBatches":0,"shadowCasters":4580,"staticBatches":0,"dynamicBatchedDrawCalls":0,"combinedTime":0.08129396289587021,"differenceTime":-0.006482802331447601,"extra":"speed tree tree"},{"frame":80,"time":0.06189751997590065,"triangles":62534020,"vertices":89019734,"batches":8577,"drawCalls":8577,"dynamicBatches":0,"frameTime":0.0694790706038475,"renderTime":0.014398311264812947,"instancedBatches":0,"shadowCasters":4580,"staticBatches":0,"dynamicBatchedDrawCalls":0,"combinedTime":0.08387738466262818,"differenceTime":-0.021979864686727525,"extra":"speed tree tree"},{"frame":81,"time":0.06688743084669113,"triangles":62534020,"vertices":89019734,"batches":8577,"drawCalls":8577,"dynamicBatches":0,"frameTime":0.06696032732725144,"renderTime":0.01587793231010437,"instancedBatches":0,"shadowCasters":4580,"staticBatches":0,"dynamicBatchedDrawCalls":0,"combinedTime":0.0828382596373558,"differenceTime":-0.015950828790664674,"extra":"speed tree tree"},{"frame":82,"time":0.07346806675195694,"triangles":62534020,"vertices":89019734,"batches":8577,"drawCalls":8577,"dynamicBatches":0,"frameTime":0.06651599705219269,"renderTime":0.014323524199426175,"instancedBatches":0,"shadowCasters":4580,"staticBatches":0,"dynamicBatchedDrawCalls":0,"combinedTime":0.08083952218294144,"differenceTime":-0.007371455430984497,"extra":"speed tree tree"},{"frame":83,"time":0.06518717110157013,"triangles":62534020,"vertices":89019734,"batches":8577,"drawCalls":8577,"dynamicBatches":0,"frameTime":0.06925410032272339,"renderTime":0.01480158045887947,"instancedBatches":0,"shadowCasters":4580,"staticBatches":0,"dynamicBatchedDrawCalls":0,"combinedTime":0.08405567705631256,"differenceTime":-0.01886850595474243,"extra":"speed tree tree"},{"frame":84,"time":0.06543145328760147,"triangles":62534020,"vertices":89019734,"batches":8577,"drawCalls":8577,"dynamicBatches":0,"frameTime":0.06668639183044434,"renderTime":0.01745356060564518,"instancedBatches":0,"shadowCasters":4580,"staticBatches":0,"dynamicBatchedDrawCalls":0,"combinedTime":0.08413995057344437,"differenceTime":-0.018708497285842897,"extra":"speed tree tree"},{"frame":85,"time":0.07304004579782486,"triangles":62534020,"vertices":89019734,"batches":8577,"drawCalls":8577,"dynamicBatches":0,"frameTime":0.06677401065826416,"renderTime":0.01565185748040676,"instancedBatches":0,"shadowCasters":4580,"staticBatches":0,"dynamicBatchedDrawCalls":0,"combinedTime":0.08242587000131607,"differenceTime":-0.009385824203491211,"extra":"speed tree tree"},{"frame":86,"time":0.06413502991199494,"triangles":62534020,"vertices":89019734,"batches":8577,"drawCalls":8577,"dynamicBatches":0,"frameTime":0.06847213208675385,"renderTime":0.015308249741792679,"instancedBatches":0,"shadowCasters":4580,"staticBatches":0,"dynamicBatchedDrawCalls":0,"combinedTime":0.08378037810325623,"differenceTime":-0.01964534819126129,"extra":"speed tree tree"},{"frame":87,"time":0.06356997787952423,"triangles":62534020,"vertices":89019734,"batches":8577,"drawCalls":8577,"dynamicBatches":0,"frameTime":0.06696455925703049,"renderTime":0.017526013776659967,"instancedBatches":0,"shadowCasters":4580,"staticBatches":0,"dynamicBatchedDrawCalls":0,"combinedTime":0.0844905748963356,"differenceTime":-0.02092059701681137,"extra":"speed tree tree"},{"frame":88,"time":0.07529841363430023,"triangles":62534020,"vertices":89019734,"batches":8577,"drawCalls":8577,"dynamicBatches":0,"frameTime":0.0676068514585495,"renderTime":0.014952873811125756,"instancedBatches":0,"shadowCasters":4580,"staticBatches":0,"dynamicBatchedDrawCalls":0,"combinedTime":0.0825597271323204,"differenceTime":-0.007261313498020172,"extra":"speed tree tree"},{"frame":89,"time":0.06055600568652153,"triangles":62534020,"vertices":89019734,"batches":8577,"drawCalls":8577,"dynamicBatches":0,"frameTime":0.06874627619981766,"renderTime":0.01554024126380682,"instancedBatches":0,"shadowCasters":4580,"staticBatches":0,"dynamicBatchedDrawCalls":0,"combinedTime":0.08428651839494705,"differenceTime":-0.023730512708425523,"extra":"speed tree tree"},{"frame":90,"time":0.06736232340335846,"triangles":62534020,"vertices":89019734,"batches":8577,"drawCalls":8577,"dynamicBatches":0,"frameTime":0.0669529139995575,"renderTime":0.014797570183873177,"instancedBatches":0,"shadowCasters":4580,"staticBatches":0,"dynamicBatchedDrawCalls":0,"combinedTime":0.08175048232078552,"differenceTime":-0.014388158917427063,"extra":"speed tree tree"},{"frame":91,"time":0.07552657276391983,"triangles":62534020,"vertices":89019734,"batches":8577,"drawCalls":8577,"dynamicBatches":0,"frameTime":0.06697648763656616,"renderTime":0.014918630942702294,"instancedBatches":0,"shadowCasters":4580,"staticBatches":0,"dynamicBatchedDrawCalls":0,"combinedTime":0.0818951204419136,"differenceTime":-0.006368547677993774,"extra":"speed tree tree"},{"frame":92,"time":0.05944966897368431,"triangles":62534020,"vertices":89019734,"batches":8577,"drawCalls":8577,"dynamicBatches":0,"frameTime":0.06866578012704849,"renderTime":0.015907391905784608,"instancedBatches":0,"shadowCasters":4580,"staticBatches":0,"dynamicBatchedDrawCalls":0,"combinedTime":0.0845731720328331,"differenceTime":-0.02512350305914879,"extra":"speed tree tree"},{"frame":93,"time":0.07090886682271958,"triangles":62534020,"vertices":89019734,"batches":8577,"drawCalls":8577,"dynamicBatches":0,"frameTime":0.06729810684919357,"renderTime":0.013966660015285015,"instancedBatches":0,"shadowCasters":4580,"staticBatches":0,"dynamicBatchedDrawCalls":0,"combinedTime":0.08126476407051087,"differenceTime":-0.01035589724779129,"extra":"speed tree tree"},{"frame":94,"time":0.07113630324602127,"triangles":62534020,"vertices":89019734,"batches":8577,"drawCalls":8577,"dynamicBatches":0,"frameTime":0.06668180227279663,"renderTime":0.016744369640946389,"instancedBatches":0,"shadowCasters":4580,"staticBatches":0,"dynamicBatchedDrawCalls":0,"combinedTime":0.08342617005109787,"differenceTime":-0.012289866805076599,"extra":"speed tree tree"},{"frame":95,"time":0.06115427613258362,"triangles":62534020,"vertices":89019734,"batches":8577,"drawCalls":8577,"dynamicBatches":0,"frameTime":0.06891161948442459,"renderTime":0.014630789868533612,"instancedBatches":0,"shadowCasters":4580,"staticBatches":0,"dynamicBatchedDrawCalls":0,"combinedTime":0.08354240655899048,"differenceTime":-0.02238813042640686,"extra":"speed tree tree"},{"frame":96,"time":0.06674378365278244,"triangles":62534020,"vertices":89019734,"batches":8577,"drawCalls":8577,"dynamicBatches":0,"frameTime":0.06699048727750778,"renderTime":0.014371630735695362,"instancedBatches":0,"shadowCasters":4580,"staticBatches":0,"dynamicBatchedDrawCalls":0,"combinedTime":0.08136212080717087,"differenceTime":-0.014618337154388428,"extra":"speed tree tree"},{"frame":97,"time":0.07516941428184509,"triangles":62534020,"vertices":89019734,"batches":8577,"drawCalls":8577,"dynamicBatches":0,"frameTime":0.06692519038915634,"renderTime":0.014325729571282864,"instancedBatches":0,"shadowCasters":4580,"staticBatches":0,"dynamicBatchedDrawCalls":0,"combinedTime":0.08125092089176178,"differenceTime":-0.006081506609916687,"extra":"speed tree tree"},{"frame":98,"time":0.0609796941280365,"triangles":62534020,"vertices":89019734,"batches":8577,"drawCalls":8577,"dynamicBatches":0,"frameTime":0.06865380704402924,"renderTime":0.01433594711124897,"instancedBatches":0,"shadowCasters":4580,"staticBatches":0,"dynamicBatchedDrawCalls":0,"combinedTime":0.08298975229263306,"differenceTime":-0.022010058164596559,"extra":"speed tree tree"},{"frame":99,"time":0.0681026354432106,"triangles":62534020,"vertices":89019734,"batches":8577,"drawCalls":8577,"dynamicBatches":0,"frameTime":0.06695279479026795,"renderTime":0.01471929345279932,"instancedBatches":0,"shadowCasters":4580,"staticBatches":0,"dynamicBatchedDrawCalls":0,"combinedTime":0.08167208731174469,"differenceTime":-0.013569451868534089,"extra":"speed tree tree"},{"frame":100,"time":0.07263058423995972,"triangles":62534020,"vertices":89019734,"batches":8577,"drawCalls":8577,"dynamicBatches":0,"frameTime":0.0669601783156395,"renderTime":0.016107682138681413,"instancedBatches":0,"shadowCasters":4580,"staticBatches":0,"dynamicBatchedDrawCalls":0,"combinedTime":0.0830678641796112,"differenceTime":-0.01043727993965149,"extra":"speed tree tree"}]}