{"data":[{"frame":1,"time":0.019999999552965165,"triangles":41476,"vertices":80222,"batches":3069,"drawCalls":3069,"dynamicBatches":0,"frameTime":0.1271597445011139,"renderTime":0.005460979882627726,"instancedBatches":0,"shadowCasters":1196,"staticBatches":0,"dynamicBatchedDrawCalls":0,"combinedTime":0.13262072205543519,"differenceTime":-0.11262072622776032,"extra":"regular cube again"},{"frame":2,"time":0.019999999552965165,"triangles":41476,"vertices":80222,"batches":3069,"drawCalls":3069,"dynamicBatches":0,"frameTime":0.1271597445011139,"renderTime":0.005460979882627726,"instancedBatches":0,"shadowCasters":1196,"staticBatches":0,"dynamicBatchedDrawCalls":0,"combinedTime":0.13262072205543519,"differenceTime":-0.11262072622776032,"extra":"regular cube again"},{"frame":3,"time":0.3333333432674408,"triangles":82956,"vertices":160452,"batches":6140,"drawCalls":6140,"dynamicBatches":0,"frameTime":6.740721702575684,"renderTime":-25259.2265625,"instancedBatches":0,"shadowCasters":2392,"staticBatches":0,"dynamicBatchedDrawCalls":0,"combinedTime":-25252.486328125,"differenceTime":25252.8203125,"extra":"regular cube again"},{"frame":4,"time":0.049135394394397739,"triangles":41476,"vertices":80222,"batches":3069,"drawCalls":3069,"dynamicBatches":0,"frameTime":0.04915181174874306,"renderTime":0.01063396967947483,"instancedBatches":0,"shadowCasters":1196,"staticBatches":0,"dynamicBatchedDrawCalls":0,"combinedTime":0.05978578329086304,"differenceTime":-0.010650388896465302,"extra":"regular cube again"},{"frame":5,"time":0.01666802540421486,"triangles":41476,"vertices":80222,"batches":3069,"drawCalls":3069,"dynamicBatches":0,"frameTime":0.016650302335619928,"renderTime":0.006585832219570875,"instancedBatches":0,"shadowCasters":1196,"staticBatches":0,"dynamicBatchedDrawCalls":0,"combinedTime":0.02323613502085209,"differenceTime":-0.00656810961663723,"extra":"regular cube again"},{"frame":6,"time":0.014890589751303196,"triangles":41476,"vertices":80222,"batches":3069,"drawCalls":3069,"dynamicBatches":0,"frameTime":0.014888277277350426,"renderTime":0.005262821912765503,"instancedBatches":0,"shadowCasters":1196,"staticBatches":0,"dynamicBatchedDrawCalls":0,"combinedTime":0.02015109919011593,"differenceTime":-0.005260509438812733,"extra":"regular cube again"},{"frame":7,"time":0.009193782694637776,"triangles":41476,"vertices":80222,"batches":3069,"drawCalls":3069,"dynamicBatches":0,"frameTime":0.009195229038596154,"renderTime":0.005959523841738701,"instancedBatches":0,"shadowCasters":1196,"staticBatches":0,"dynamicBatchedDrawCalls":0,"combinedTime":0.015154752880334854,"differenceTime":-0.005960970185697079,"extra":"regular cube again"},{"frame":8,"time":0.01363853458315134,"triangles":41476,"vertices":80222,"batches":3069,"drawCalls":3069,"dynamicBatches":0,"frameTime":0.013636674731969834,"renderTime":0.00558294216170907,"instancedBatches":0,"shadowCasters":1196,"staticBatches":0,"dynamicBatchedDrawCalls":0,"combinedTime":0.019219616428017618,"differenceTime":-0.005581081844866276,"extra":"regular cube again"},{"frame":9,"time":0.007475282996892929,"triangles":41476,"vertices":80222,"batches":3069,"drawCalls":3069,"dynamicBatches":0,"frameTime":0.007522906176745892,"renderTime":0.0052024670876562599,"instancedBatches":0,"shadowCasters":1196,"staticBatches":0,"dynamicBatchedDrawCalls":0,"combinedTime":0.012725373730063439,"differenceTime":-0.005250090733170509,"extra":"regular cube again"},{"frame":10,"time":0.007908590137958527,"triangles":41476,"vertices":80222,"batches":3069,"drawCalls":3069,"dynamicBatches":0,"frameTime":0.007952003739774228,"renderTime":0.0056295921094715599,"instancedBatches":0,"shadowCasters":1196,"staticBatches":0,"dynamicBatchedDrawCalls":0,"combinedTime":0.013581596314907074,"differenceTime":-0.005673006176948547,"extra":"regular cube again"},{"frame":11,"time":0.007349167950451374,"triangles":41476,"vertices":80222,"batches":3069,"drawCalls":3069,"dynamicBatches":0,"frameTime":0.007952003739774228,"renderTime":0.0056295921094715599,"instancedBatches":0,"shadowCasters":1196,"staticBatches":0,"dynamicBatchedDrawCalls":0,"combinedTime":0.013581596314907074,"differenceTime":-0.0062324283644557,"extra":"regular cube again"},{"frame":12,"time":0.008552794344723225,"triangles":41476,"vertices":80222,"batches":3069,"drawCalls":3069,"dynamicBatches":0,"frameTime":0.008162890560925007,"renderTime":0.005327029153704643,"instancedBatches":0,"shadowCasters":1196,"staticBatches":0,"dynamicBatchedDrawCalls":0,"combinedTime":0.01348991971462965,"differenceTime":-0.0049371253699064259,"extra":"regular cube again"},{"frame":13,"time":0.00938594713807106,"triangles":41476,"vertices":80222,"batches":3069,"drawCalls":3069,"dynamicBatches":0,"frameTime":0.00938722025603056,"renderTime":0.005390027072280645,"instancedBatches":0,"shadowCasters":1196,"staticBatches":0,"dynamicBatchedDrawCalls":0,"combinedTime":0.014777246862649918,"differenceTime":-0.005391299724578857,"extra":"regular cube again"},{"frame":14,"time":0.014106185175478459,"triangles":41476,"vertices":80222,"batches":3069,"drawCalls":3069,"dynamicBatches":0,"frameTime":0.014106939546763897,"renderTime":0.005159948952496052,"instancedBatches":0,"shadowCasters":1196,"staticBatches":0,"dynamicBatchedDrawCalls":0,"combinedTime":0.01926688849925995,"differenceTime":-0.00516070332378149,"extra":"regular cube again"},{"frame":15,"time":0.008126809261739254,"triangles":41476,"vertices":80222,"batches":3069,"drawCalls":3069,"dynamicBatches":0,"frameTime":0.008133480325341225,"renderTime":0.005580116994678974,"instancedBatches":0,"shadowCasters":1196,"staticBatches":0,"dynamicBatchedDrawCalls":0,"combinedTime":0.013713597320020199,"differenceTime":-0.005586788058280945,"extra":"regular cube again"},{"frame":16,"time":0.007471974939107895,"triangles":41476,"vertices":80222,"batches":3069,"drawCalls":3069,"dynamicBatches":0,"frameTime":0.007514556869864464,"renderTime":0.00523380097001791,"instancedBatches":0,"shadowCasters":1196,"staticBatches":0,"dynamicBatchedDrawCalls":0,"combinedTime":0.012748357839882374,"differenceTime":-0.005276382900774479,"extra":"regular cube again"},{"frame":17,"time":0.00769202783703804,"triangles":41476,"vertices":80222,"batches":3069,"drawCalls":3069,"dynamicBatches":0,"frameTime":0.007514556869864464,"renderTime":0.00523380097001791,"instancedBatches":0,"shadowCasters":1196,"staticBatches":0,"dynamicBatchedDrawCalls":0,"combinedTime":0.012748357839882374,"differenceTime":-0.005056330002844334,"extra":"regular cube again"},{"frame":18,"time":0.007396958768367767,"triangles":41476,"vertices":80222,"batches":3069,"drawCalls":3069,"dynamicBatches":0,"frameTime":0.007356769870966673,"renderTime":0.004999244119971991,"instancedBatches":0,"shadowCasters":1196,"staticBatches":0,"dynamicBatchedDrawCalls":0,"combinedTime":0.012356013990938664,"differenceTime":-0.004959055222570896,"extra":"regular cube again"},{"frame":19,"time":0.00764736020937562,"triangles":41476,"vertices":80222,"batches":3069,"drawCalls":3069,"dynamicBatches":0,"frameTime":0.007524862885475159,"renderTime":0.005248256027698517,"instancedBatches":0,"shadowCasters":1196,"staticBatches":0,"dynamicBatchedDrawCalls":0,"combinedTime":0.012773118913173676,"differenceTime":-0.005125758703798056,"extra":"regular cube again"},{"frame":20,"time":0.007193943951278925,"triangles":41476,"vertices":80222,"batches":3069,"drawCalls":3069,"dynamicBatches":0,"frameTime":0.007524862885475159,"renderTime":0.005248256027698517,"instancedBatches":0,"shadowCasters":1196,"staticBatches":0,"dynamicBatchedDrawCalls":0,"combinedTime":0.012773118913173676,"differenceTime":-0.005579174961894751,"extra":"regular cube again"},{"frame":21,"time":0.007509361021220684,"triangles":41476,"vertices":80222,"batches":3069,"drawCalls":3069,"dynamicBatches":0,"frameTime":0.00729910284280777,"renderTime":0.005044133868068457,"instancedBatches":0,"shadowCasters":1196,"staticBatches":0,"dynamicBatchedDrawCalls":0,"combinedTime":0.012343237176537514,"differenceTime":-0.00483387615531683,"extra":"regular cube again"},{"frame":22,"time":0.007716231048107147,"triangles":41476,"vertices":80222,"batches":3069,"drawCalls":3069,"dynamicBatches":0,"frameTime":0.00729910284280777,"renderTime":0.005044133868068457,"instancedBatches":0,"shadowCasters":1196,"staticBatches":0,"dynamicBatchedDrawCalls":0,"combinedTime":0.012343237176537514,"differenceTime":-0.0046270061284303669,"extra":"regular cube again"},{"frame":23,"time":0.00756547786295414,"triangles":41476,"vertices":80222,"batches":3069,"drawCalls":3069,"dynamicBatches":0,"frameTime":0.007382070180028677,"renderTime":0.005129578057676554,"instancedBatches":0,"shadowCasters":1196,"staticBatches":0,"dynamicBatchedDrawCalls":0,"combinedTime":0.01251164823770523,"differenceTime":-0.004946170374751091,"extra":"regular cube again"},{"frame":24,"time":0.007599283009767532,"triangles":41476,"vertices":80222,"batches":3069,"drawCalls":3069,"dynamicBatches":0,"frameTime":0.00759107293561101,"renderTime":0.0051299999468028549,"instancedBatches":0,"shadowCasters":1196,"staticBatches":0,"dynamicBatchedDrawCalls":0,"combinedTime":0.012721072882413865,"differenceTime":-0.005121789872646332,"extra":"regular cube again"},{"frame":25,"time":0.007599705830216408,"triangles":41476,"vertices":80222,"batches":3069,"drawCalls":3069,"dynamicBatches":0,"frameTime":0.00753494119271636,"renderTime":0.0053125531412661079,"instancedBatches":0,"shadowCasters":1196,"staticBatches":0,"dynamicBatchedDrawCalls":0,"combinedTime":0.012847494333982468,"differenceTime":-0.00524778850376606,"extra":"regular cube again"},{"frame":26,"time":0.013447923585772515,"triangles":41476,"vertices":80222,"batches":3069,"drawCalls":3069,"dynamicBatches":0,"frameTime":0.013450156897306443,"renderTime":0.005242970772087574,"instancedBatches":0,"shadowCasters":1196,"staticBatches":0,"dynamicBatchedDrawCalls":0,"combinedTime":0.01869312673807144,"differenceTime":-0.005245203152298927,"extra":"regular cube again"},{"frame":27,"time":0.007695438805967569,"triangles":41476,"vertices":80222,"batches":3069,"drawCalls":3069,"dynamicBatches":0,"frameTime":0.013450156897306443,"renderTime":0.005242970772087574,"instancedBatches":0,"shadowCasters":1196,"staticBatches":0,"dynamicBatchedDrawCalls":0,"combinedTime":0.01869312673807144,"differenceTime":-0.01099768839776516,"extra":"regular cube again"},{"frame":28,"time":0.007337877992540598,"triangles":41476,"vertices":80222,"batches":3069,"drawCalls":3069,"dynamicBatches":0,"frameTime":0.007808975875377655,"renderTime":0.00542171997949481,"instancedBatches":0,"shadowCasters":1196,"staticBatches":0,"dynamicBatchedDrawCalls":0,"combinedTime":0.013230696320533753,"differenceTime":-0.0058928183279931549,"extra":"regular cube again"},{"frame":29,"time":0.007631135173141956,"triangles":41476,"vertices":80222,"batches":3069,"drawCalls":3069,"dynamicBatches":0,"frameTime":0.00730558205395937,"renderTime":0.0050046080723404888,"instancedBatches":0,"shadowCasters":1196,"staticBatches":0,"dynamicBatchedDrawCalls":0,"combinedTime":0.012310190126299858,"differenceTime":-0.004679054953157902,"extra":"regular cube again"},{"frame":30,"time":0.00767018785700202,"triangles":41476,"vertices":80222,"batches":3069,"drawCalls":3069,"dynamicBatches":0,"frameTime":0.00730558205395937,"renderTime":0.0050046080723404888,"instancedBatches":0,"shadowCasters":1196,"staticBatches":0,"dynamicBatchedDrawCalls":0,"combinedTime":0.012310190126299858,"differenceTime":-0.004640002269297838,"extra":"regular cube again"},{"frame":31,"time":0.007235287223011255,"triangles":41476,"vertices":80222,"batches":3069,"drawCalls":3069,"dynamicBatches":0,"frameTime":0.007226015906780958,"renderTime":0.005017011892050505,"instancedBatches":0,"shadowCasters":1196,"staticBatches":0,"dynamicBatchedDrawCalls":0,"combinedTime":0.012243027798831463,"differenceTime":-0.005007740575820208,"extra":"regular cube again"},{"frame":32,"time":0.007840057834982872,"triangles":41476,"vertices":80222,"batches":3069,"drawCalls":3069,"dynamicBatches":0,"frameTime":0.007774828001856804,"renderTime":0.005402304232120514,"instancedBatches":0,"shadowCasters":1196,"staticBatches":0,"dynamicBatchedDrawCalls":0,"combinedTime":0.013177132233977318,"differenceTime":-0.005337074398994446,"extra":"regular cube again"},{"frame":33,"time":0.0071727498434484009,"triangles":41476,"vertices":80222,"batches":3069,"drawCalls":3069,"dynamicBatches":0,"frameTime":0.007331809028983116,"renderTime":0.00502019701525569,"instancedBatches":0,"shadowCasters":1196,"staticBatches":0,"dynamicBatchedDrawCalls":0,"combinedTime":0.012352006509900093,"differenceTime":-0.005179256666451693,"extra":"regular cube again"},{"frame":34,"time":0.007856490090489388,"triangles":41476,"vertices":80222,"batches":3069,"drawCalls":3069,"dynamicBatches":0,"frameTime":0.007331809028983116,"renderTime":0.00502019701525569,"instancedBatches":0,"shadowCasters":1196,"staticBatches":0,"dynamicBatchedDrawCalls":0,"combinedTime":0.012352006509900093,"differenceTime":-0.0044955164194107059,"extra":"regular cube again"},{"frame":35,"time":0.007258695084601641,"triangles":41476,"vertices":80222,"batches":3069,"drawCalls":3069,"dynamicBatches":0,"frameTime":0.007816051132977009,"renderTime":0.0054169208742678169,"instancedBatches":0,"shadowCasters":1196,"staticBatches":0,"dynamicBatchedDrawCalls":0,"combinedTime":0.013232972472906113,"differenceTime":-0.005974277388304472,"extra":"regular cube again"},{"frame":36,"time":0.007460338994860649,"triangles":41476,"vertices":80222,"batches":3069,"drawCalls":3069,"dynamicBatches":0,"frameTime":0.007445155177265406,"renderTime":0.005243679974228144,"instancedBatches":0,"shadowCasters":1196,"staticBatches":0,"dynamicBatchedDrawCalls":0,"combinedTime":0.01268883515149355,"differenceTime":-0.0052284961566329,"extra":"regular cube again"},{"frame":37,"time":0.007537461817264557,"triangles":41476,"vertices":80222,"batches":3069,"drawCalls":3069,"dynamicBatches":0,"frameTime":0.007445155177265406,"renderTime":0.005243679974228144,"instancedBatches":0,"shadowCasters":1196,"staticBatches":0,"dynamicBatchedDrawCalls":0,"combinedTime":0.01268883515149355,"differenceTime":-0.0051513733342289928,"extra":"regular cube again"},{"frame":38,"time":0.0075970059260725979,"triangles":41476,"vertices":80222,"batches":3069,"drawCalls":3069,"dynamicBatches":0,"frameTime":0.007448241114616394,"renderTime":0.0050259968265891079,"instancedBatches":0,"shadowCasters":1196,"staticBatches":0,"dynamicBatchedDrawCalls":0,"combinedTime":0.012474237941205502,"differenceTime":-0.004877232015132904,"extra":"regular cube again"},{"frame":39,"time":0.0077287182211875919,"triangles":41476,"vertices":80222,"batches":3069,"drawCalls":3069,"dynamicBatches":0,"frameTime":0.007448241114616394,"renderTime":0.0050259968265891079,"instancedBatches":0,"shadowCasters":1196,"staticBatches":0,"dynamicBatchedDrawCalls":0,"combinedTime":0.012474237941205502,"differenceTime":-0.00474551972001791,"extra":"regular cube again"},{"frame":40,"time":0.007436813786625862,"triangles":41476,"vertices":80222,"batches":3069,"drawCalls":3069,"dynamicBatches":0,"frameTime":0.008014931343495846,"renderTime":0.005373129155486822,"instancedBatches":0,"shadowCasters":1196,"staticBatches":0,"dynamicBatchedDrawCalls":0,"combinedTime":0.01338806003332138,"differenceTime":-0.0059512462466955189,"extra":"regular cube again"},{"frame":41,"time":0.007460243068635464,"triangles":41476,"vertices":80222,"batches":3069,"drawCalls":3069,"dynamicBatches":0,"frameTime":0.007451669778674841,"renderTime":0.0050624581053853039,"instancedBatches":0,"shadowCasters":1196,"staticBatches":0,"dynamicBatchedDrawCalls":0,"combinedTime":0.012514127418398857,"differenceTime":-0.005053884349763393,"extra":"regular cube again"},{"frame":42,"time":0.007809051778167486,"triangles":41476,"vertices":80222,"batches":3069,"drawCalls":3069,"dynamicBatches":0,"frameTime":0.007451669778674841,"renderTime":0.0050624581053853039,"instancedBatches":0,"shadowCasters":1196,"staticBatches":0,"dynamicBatchedDrawCalls":0,"combinedTime":0.012514127418398857,"differenceTime":-0.004705075640231371,"extra":"regular cube again"},{"frame":43,"time":0.007773965131491423,"triangles":41476,"vertices":80222,"batches":3069,"drawCalls":3069,"dynamicBatches":0,"frameTime":0.008025404997169972,"renderTime":0.005795945879071951,"instancedBatches":0,"shadowCasters":1196,"staticBatches":0,"dynamicBatchedDrawCalls":0,"combinedTime":0.013821350410580635,"differenceTime":-0.006047385279089212,"extra":"regular cube again"},{"frame":44,"time":0.007521079853177071,"triangles":41476,"vertices":80222,"batches":3069,"drawCalls":3069,"dynamicBatches":0,"frameTime":0.007806912064552307,"renderTime":0.005470513831824064,"instancedBatches":0,"shadowCasters":1196,"staticBatches":0,"dynamicBatchedDrawCalls":0,"combinedTime":0.013277426362037659,"differenceTime":-0.005756346508860588,"extra":"regular cube again"},{"frame":45,"time":0.007798784878104925,"triangles":41476,"vertices":80222,"batches":3069,"drawCalls":3069,"dynamicBatches":0,"frameTime":0.0075238607823848728,"renderTime":0.005219629965722561,"instancedBatches":0,"shadowCasters":1196,"staticBatches":0,"dynamicBatchedDrawCalls":0,"combinedTime":0.012743490748107434,"differenceTime":-0.004944705870002508,"extra":"regular cube again"},{"frame":46,"time":0.015344527550041676,"triangles":41476,"vertices":80222,"batches":3069,"drawCalls":3069,"dynamicBatches":0,"frameTime":0.015315261669456959,"renderTime":0.005175095051527023,"instancedBatches":0,"shadowCasters":1196,"staticBatches":0,"dynamicBatchedDrawCalls":0,"combinedTime":0.020490355789661409,"differenceTime":-0.005145828239619732,"extra":"regular cube again"},{"frame":47,"time":0.007847016677260399,"triangles":41476,"vertices":80222,"batches":3069,"drawCalls":3069,"dynamicBatches":0,"frameTime":0.015315261669456959,"renderTime":0.005175095051527023,"instancedBatches":0,"shadowCasters":1196,"staticBatches":0,"dynamicBatchedDrawCalls":0,"combinedTime":0.020490355789661409,"differenceTime":-0.012643339112401009,"extra":"regular cube again"},{"frame":48,"time":0.008224664255976677,"triangles":41476,"vertices":80222,"batches":3069,"drawCalls":3069,"dynamicBatches":0,"frameTime":0.008345535025000573,"renderTime":0.0059377169236540798,"instancedBatches":0,"shadowCasters":1196,"staticBatches":0,"dynamicBatchedDrawCalls":0,"combinedTime":0.014283251948654652,"differenceTime":-0.006058587692677975,"extra":"regular cube again"},{"frame":49,"time":0.009079024195671082,"triangles":41476,"vertices":80222,"batches":3069,"drawCalls":3069,"dynamicBatches":0,"frameTime":0.008976423181593418,"renderTime":0.006240462884306908,"instancedBatches":0,"shadowCasters":1196,"staticBatches":0,"dynamicBatchedDrawCalls":0,"combinedTime":0.015216886065900326,"differenceTime":-0.006137861870229244,"extra":"regular cube again"},{"frame":50,"time":0.009996909648180008,"triangles":41476,"vertices":80222,"batches":3069,"drawCalls":3069,"dynamicBatches":0,"frameTime":0.009876593016088009,"renderTime":0.006652704905718565,"instancedBatches":0,"shadowCasters":1196,"staticBatches":0,"dynamicBatchedDrawCalls":0,"combinedTime":0.016529297456145288,"differenceTime":-0.006532387807965279,"extra":"regular cube again"},{"frame":51,"time":0.0087643563747406,"triangles":41476,"vertices":80222,"batches":3069,"drawCalls":3069,"dynamicBatches":0,"frameTime":0.008909148164093495,"renderTime":0.006298530846834183,"instancedBatches":0,"shadowCasters":1196,"staticBatches":0,"dynamicBatchedDrawCalls":0,"combinedTime":0.016529297456145288,"differenceTime":-0.007764941081404686,"extra":"regular cube again"},{"frame":52,"time":0.00942192506045103,"triangles":41476,"vertices":80222,"batches":3069,"drawCalls":3069,"dynamicBatches":0,"frameTime":0.009331190958619118,"renderTime":0.00579041987657547,"instancedBatches":0,"shadowCasters":1196,"staticBatches":0,"dynamicBatchedDrawCalls":0,"combinedTime":0.015121610835194588,"differenceTime":-0.005699685774743557,"extra":"regular cube again"},{"frame":53,"time":0.008901285007596016,"triangles":41476,"vertices":80222,"batches":3069,"drawCalls":3069,"dynamicBatches":0,"frameTime":0.009331190958619118,"renderTime":0.00579041987657547,"instancedBatches":0,"shadowCasters":1196,"staticBatches":0,"dynamicBatchedDrawCalls":0,"combinedTime":0.015121610835194588,"differenceTime":-0.006220325827598572,"extra":"regular cube again"},{"frame":54,"time":0.010174489580094815,"triangles":41476,"vertices":80222,"batches":3069,"drawCalls":3069,"dynamicBatches":0,"frameTime":0.010081923566758633,"renderTime":0.006623321212828159,"instancedBatches":0,"shadowCasters":1196,"staticBatches":0,"dynamicBatchedDrawCalls":0,"combinedTime":0.016705244779586793,"differenceTime":-0.006530755199491978,"extra":"regular cube again"},{"frame":55,"time":0.009942015632987023,"triangles":41476,"vertices":80222,"batches":3069,"drawCalls":3069,"dynamicBatches":0,"frameTime":0.010024447925388813,"renderTime":0.007036490831524134,"instancedBatches":0,"shadowCasters":1196,"staticBatches":0,"dynamicBatchedDrawCalls":0,"combinedTime":0.017060939222574235,"differenceTime":-0.007118923589587212,"extra":"regular cube again"},{"frame":56,"time":0.009517122991383076,"triangles":41476,"vertices":80222,"batches":3069,"drawCalls":3069,"dynamicBatches":0,"frameTime":0.010024447925388813,"renderTime":0.007036490831524134,"instancedBatches":0,"shadowCasters":1196,"staticBatches":0,"dynamicBatchedDrawCalls":0,"combinedTime":0.017060939222574235,"differenceTime":-0.007543816231191158,"extra":"regular cube again"},{"frame":57,"time":0.010081673040986061,"triangles":41476,"vertices":80222,"batches":3069,"drawCalls":3069,"dynamicBatches":0,"frameTime":0.009942756034433842,"renderTime":0.006738970056176186,"instancedBatches":0,"shadowCasters":1196,"staticBatches":0,"dynamicBatchedDrawCalls":0,"combinedTime":0.016681727021932603,"differenceTime":-0.006600053980946541,"extra":"regular cube again"},{"frame":58,"time":0.010548151098191738,"triangles":41476,"vertices":80222,"batches":3069,"drawCalls":3069,"dynamicBatches":0,"frameTime":0.010627372190356255,"renderTime":0.0077708871103823189,"instancedBatches":0,"shadowCasters":1196,"staticBatches":0,"dynamicBatchedDrawCalls":0,"combinedTime":0.018398258835077287,"differenceTime":-0.007850107736885548,"extra":"regular cube again"},{"frame":59,"time":0.010515240952372551,"triangles":41476,"vertices":80222,"batches":3069,"drawCalls":3069,"dynamicBatches":0,"frameTime":0.010627372190356255,"renderTime":0.0077708871103823189,"instancedBatches":0,"shadowCasters":1196,"staticBatches":0,"dynamicBatchedDrawCalls":0,"combinedTime":0.018398258835077287,"differenceTime":-0.007883017882704735,"extra":"regular cube again"},{"frame":60,"time":0.007766474969685078,"triangles":41476,"vertices":80222,"batches":3069,"drawCalls":3069,"dynamicBatches":0,"frameTime":0.007639066781848669,"renderTime":0.004875794984400272,"instancedBatches":0,"shadowCasters":1196,"staticBatches":0,"dynamicBatchedDrawCalls":0,"combinedTime":0.012514861300587654,"differenceTime":-0.0047483863309025768,"extra":"regular cube again"},{"frame":61,"time":0.0077335829846560959,"triangles":41476,"vertices":80222,"batches":3069,"drawCalls":3069,"dynamicBatches":0,"frameTime":0.007760266773402691,"renderTime":0.005155988968908787,"instancedBatches":0,"shadowCasters":1196,"staticBatches":0,"dynamicBatchedDrawCalls":0,"combinedTime":0.012916255742311478,"differenceTime":-0.005182672757655382,"extra":"regular cube again"},{"frame":62,"time":0.014725618064403534,"triangles":41476,"vertices":80222,"batches":3069,"drawCalls":3069,"dynamicBatches":0,"frameTime":0.014699659310281277,"renderTime":0.005424200091511011,"instancedBatches":0,"shadowCasters":1196,"staticBatches":0,"dynamicBatchedDrawCalls":0,"combinedTime":0.020123859867453576,"differenceTime":-0.005398241803050041,"extra":"regular cube again"},{"frame":63,"time":0.007535974960774183,"triangles":41476,"vertices":80222,"batches":3069,"drawCalls":3069,"dynamicBatches":0,"frameTime":0.014699659310281277,"renderTime":0.005424200091511011,"instancedBatches":0,"shadowCasters":1196,"staticBatches":0,"dynamicBatchedDrawCalls":0,"combinedTime":0.020123859867453576,"differenceTime":-0.012587884441018105,"extra":"regular cube again"},{"frame":64,"time":0.008248507976531983,"triangles":41476,"vertices":80222,"batches":3069,"drawCalls":3069,"dynamicBatches":0,"frameTime":0.008057503029704094,"renderTime":0.0054989769123494629,"instancedBatches":0,"shadowCasters":1196,"staticBatches":0,"dynamicBatchedDrawCalls":0,"combinedTime":0.013556480407714844,"differenceTime":-0.005307972431182861,"extra":"regular cube again"},{"frame":65,"time":0.006971148774027824,"triangles":41476,"vertices":80222,"batches":3069,"drawCalls":3069,"dynamicBatches":0,"frameTime":0.008057503029704094,"renderTime":0.0054989769123494629,"instancedBatches":0,"shadowCasters":1196,"staticBatches":0,"dynamicBatchedDrawCalls":0,"combinedTime":0.013556480407714844,"differenceTime":-0.006585331633687019,"extra":"regular cube again"},{"frame":66,"time":0.008768412284553051,"triangles":41476,"vertices":80222,"batches":3069,"drawCalls":3069,"dynamicBatches":0,"frameTime":0.00822629127651453,"renderTime":0.005431353114545345,"instancedBatches":0,"shadowCasters":1196,"staticBatches":0,"dynamicBatchedDrawCalls":0,"combinedTime":0.013657644391059876,"differenceTime":-0.0048892321065068249,"extra":"regular cube again"},{"frame":67,"time":0.007189447060227394,"triangles":41476,"vertices":80222,"batches":3069,"drawCalls":3069,"dynamicBatches":0,"frameTime":0.00822629127651453,"renderTime":0.005431353114545345,"instancedBatches":0,"shadowCasters":1196,"staticBatches":0,"dynamicBatchedDrawCalls":0,"combinedTime":0.013657644391059876,"differenceTime":-0.006468197330832481,"extra":"regular cube again"},{"frame":68,"time":0.008679230697453022,"triangles":41476,"vertices":80222,"batches":3069,"drawCalls":3069,"dynamicBatches":0,"frameTime":0.008346009068191052,"renderTime":0.00599896302446723,"instancedBatches":0,"shadowCasters":1196,"staticBatches":0,"dynamicBatchedDrawCalls":0,"combinedTime":0.014344971626996994,"differenceTime":-0.005665740929543972,"extra":"regular cube again"},{"frame":69,"time":0.007398324087262154,"triangles":41476,"vertices":80222,"batches":3069,"drawCalls":3069,"dynamicBatches":0,"frameTime":0.008346009068191052,"renderTime":0.00599896302446723,"instancedBatches":0,"shadowCasters":1196,"staticBatches":0,"dynamicBatchedDrawCalls":0,"combinedTime":0.014344971626996994,"differenceTime":-0.00694664753973484,"extra":"regular cube again"},{"frame":70,"time":0.0076966960914433,"triangles":41476,"vertices":80222,"batches":3069,"drawCalls":3069,"dynamicBatches":0,"frameTime":0.007567238062620163,"renderTime":0.005285934079438448,"instancedBatches":0,"shadowCasters":1196,"staticBatches":0,"dynamicBatchedDrawCalls":0,"combinedTime":0.012853171676397324,"differenceTime":-0.005156475584954023,"extra":"regular cube again"},{"frame":71,"time":0.007516637910157442,"triangles":41476,"vertices":80222,"batches":3069,"drawCalls":3069,"dynamicBatches":0,"frameTime":0.007567238062620163,"renderTime":0.005285934079438448,"instancedBatches":0,"shadowCasters":1196,"staticBatches":0,"dynamicBatchedDrawCalls":0,"combinedTime":0.012853171676397324,"differenceTime":-0.0053365337662398819,"extra":"regular cube again"},{"frame":72,"time":0.007826810702681542,"triangles":41476,"vertices":80222,"batches":3069,"drawCalls":3069,"dynamicBatches":0,"frameTime":0.007755768019706011,"renderTime":0.005472533870488405,"instancedBatches":0,"shadowCasters":1196,"staticBatches":0,"dynamicBatchedDrawCalls":0,"combinedTime":0.013228301890194416,"differenceTime":-0.005401491187512875,"extra":"regular cube again"},{"frame":73,"time":0.007669474929571152,"triangles":41476,"vertices":80222,"batches":3069,"drawCalls":3069,"dynamicBatches":0,"frameTime":0.00768403522670269,"renderTime":0.005131991114467382,"instancedBatches":0,"shadowCasters":1196,"staticBatches":0,"dynamicBatchedDrawCalls":0,"combinedTime":0.01281602680683136,"differenceTime":-0.005146551877260208,"extra":"regular cube again"},{"frame":74,"time":0.007265877909958363,"triangles":41476,"vertices":80222,"batches":3069,"drawCalls":3069,"dynamicBatches":0,"frameTime":0.007897344417870045,"renderTime":0.005026135127991438,"instancedBatches":0,"shadowCasters":1196,"staticBatches":0,"dynamicBatchedDrawCalls":0,"combinedTime":0.012923479080200196,"differenceTime":-0.005657601170241833,"extra":"regular cube again"},{"frame":75,"time":0.008027356117963791,"triangles":41476,"vertices":80222,"batches":3069,"drawCalls":3069,"dynamicBatches":0,"frameTime":0.008168883621692658,"renderTime":0.0053427619859576229,"instancedBatches":0,"shadowCasters":1196,"staticBatches":0,"dynamicBatchedDrawCalls":0,"combinedTime":0.01351164560765028,"differenceTime":-0.005484289489686489,"extra":"regular cube again"},{"frame":76,"time":0.008412934839725495,"triangles":41476,"vertices":80222,"batches":3069,"drawCalls":3069,"dynamicBatches":0,"frameTime":0.008168883621692658,"renderTime":0.0053427619859576229,"instancedBatches":0,"shadowCasters":1196,"staticBatches":0,"dynamicBatchedDrawCalls":0,"combinedTime":0.01351164560765028,"differenceTime":-0.005098710767924786,"extra":"regular cube again"},{"frame":77,"time":0.007936724461615086,"triangles":41476,"vertices":80222,"batches":3069,"drawCalls":3069,"dynamicBatches":0,"frameTime":0.008211915381252766,"renderTime":0.005229397211223841,"instancedBatches":0,"shadowCasters":1196,"staticBatches":0,"dynamicBatchedDrawCalls":0,"combinedTime":0.013441313058137894,"differenceTime":-0.005504588596522808,"extra":"regular cube again"},{"frame":78,"time":0.00801131222397089,"triangles":41476,"vertices":80222,"batches":3069,"drawCalls":3069,"dynamicBatches":0,"frameTime":0.007755824830383062,"renderTime":0.005070724990218878,"instancedBatches":0,"shadowCasters":1196,"staticBatches":0,"dynamicBatchedDrawCalls":0,"combinedTime":0.01282654982060194,"differenceTime":-0.00481523759663105,"extra":"regular cube again"},{"frame":79,"time":0.009897235780954361,"triangles":41476,"vertices":80222,"batches":3069,"drawCalls":3069,"dynamicBatches":0,"frameTime":0.007755824830383062,"renderTime":0.005070724990218878,"instancedBatches":0,"shadowCasters":1196,"staticBatches":0,"dynamicBatchedDrawCalls":0,"combinedTime":0.01282654982060194,"differenceTime":-0.002929314039647579,"extra":"regular cube again"},{"frame":80,"time":0.00853334553539753,"triangles":41476,"vertices":80222,"batches":3069,"drawCalls":3069,"dynamicBatches":0,"frameTime":0.008450494147837162,"renderTime":0.005413386970758438,"instancedBatches":0,"shadowCasters":1196,"staticBatches":0,"dynamicBatchedDrawCalls":0,"combinedTime":0.0138638811185956,"differenceTime":-0.0053305355831980709,"extra":"regular cube again"},{"frame":81,"time":0.015768250450491906,"triangles":41476,"vertices":80222,"batches":3069,"drawCalls":3069,"dynamicBatches":0,"frameTime":0.01566106639802456,"renderTime":0.005741237197071314,"instancedBatches":0,"shadowCasters":1196,"staticBatches":0,"dynamicBatchedDrawCalls":0,"combinedTime":0.021402303129434587,"differenceTime":-0.00563405267894268,"extra":"regular cube again"},{"frame":82,"time":0.008682983927428723,"triangles":41476,"vertices":80222,"batches":3069,"drawCalls":3069,"dynamicBatches":0,"frameTime":0.01566106639802456,"renderTime":0.005741237197071314,"instancedBatches":0,"shadowCasters":1196,"staticBatches":0,"dynamicBatchedDrawCalls":0,"combinedTime":0.021402303129434587,"differenceTime":-0.012719319202005864,"extra":"regular cube again"},{"frame":83,"time":0.007966567762196064,"triangles":41476,"vertices":80222,"batches":3069,"drawCalls":3069,"dynamicBatches":0,"frameTime":0.007739481050521135,"renderTime":0.0051428452134132389,"instancedBatches":0,"shadowCasters":1196,"staticBatches":0,"dynamicBatchedDrawCalls":0,"combinedTime":0.012882325798273087,"differenceTime":-0.0049157580360770229,"extra":"regular cube again"},{"frame":84,"time":0.009405733086168766,"triangles":41476,"vertices":80222,"batches":3069,"drawCalls":3069,"dynamicBatches":0,"frameTime":0.00949428603053093,"renderTime":0.0063645727932453159,"instancedBatches":0,"shadowCasters":1196,"staticBatches":0,"dynamicBatchedDrawCalls":0,"combinedTime":0.015858858823776246,"differenceTime":-0.006453125737607479,"extra":"regular cube again"},{"frame":85,"time":0.009187497198581696,"triangles":41476,"vertices":80222,"batches":3069,"drawCalls":3069,"dynamicBatches":0,"frameTime":0.009097629226744175,"renderTime":0.006601877976208925,"instancedBatches":0,"shadowCasters":1196,"staticBatches":0,"dynamicBatchedDrawCalls":0,"combinedTime":0.015699507668614389,"differenceTime":-0.006512010470032692,"extra":"regular cube again"},{"frame":86,"time":0.008894938975572586,"triangles":41476,"vertices":80222,"batches":3069,"drawCalls":3069,"dynamicBatches":0,"frameTime":0.009090055711567402,"renderTime":0.0059674750082194809,"instancedBatches":0,"shadowCasters":1196,"staticBatches":0,"dynamicBatchedDrawCalls":0,"combinedTime":0.015057530254125595,"differenceTime":-0.006162591278553009,"extra":"regular cube again"},{"frame":87,"time":0.011305594816803933,"triangles":41476,"vertices":80222,"batches":3069,"drawCalls":3069,"dynamicBatches":0,"frameTime":0.011106153018772602,"renderTime":0.006637246813625097,"instancedBatches":0,"shadowCasters":1196,"staticBatches":0,"dynamicBatchedDrawCalls":0,"combinedTime":0.017743399366736413,"differenceTime":-0.00643780454993248,"extra":"regular cube again"},{"frame":88,"time":0.00921265222132206,"triangles":41476,"vertices":80222,"batches":3069,"drawCalls":3069,"dynamicBatches":0,"frameTime":0.009218796156346798,"renderTime":0.005665669217705727,"instancedBatches":0,"shadowCasters":1196,"staticBatches":0,"dynamicBatchedDrawCalls":0,"combinedTime":0.014884465374052525,"differenceTime":-0.005671813152730465,"extra":"regular cube again"},{"frame":89,"time":0.008632773533463478,"triangles":41476,"vertices":80222,"batches":3069,"drawCalls":3069,"dynamicBatches":0,"frameTime":0.008633362129330635,"renderTime":0.006080387160181999,"instancedBatches":0,"shadowCasters":1196,"staticBatches":0,"dynamicBatchedDrawCalls":0,"combinedTime":0.014713749289512635,"differenceTime":-0.006080975756049156,"extra":"regular cube again"},{"frame":90,"time":0.014459105208516121,"triangles":41476,"vertices":80222,"batches":3069,"drawCalls":3069,"dynamicBatches":0,"frameTime":0.014458234421908856,"renderTime":0.005219005048274994,"instancedBatches":0,"shadowCasters":1196,"staticBatches":0,"dynamicBatchedDrawCalls":0,"combinedTime":0.019677240401506425,"differenceTime":-0.005218135192990303,"extra":"regular cube again"},{"frame":91,"time":0.009552939794957638,"triangles":41476,"vertices":80222,"batches":3069,"drawCalls":3069,"dynamicBatches":0,"frameTime":0.009549278765916825,"renderTime":0.005658320151269436,"instancedBatches":0,"shadowCasters":1196,"staticBatches":0,"dynamicBatchedDrawCalls":0,"combinedTime":0.01520759891718626,"differenceTime":-0.0056546591222286228,"extra":"regular cube again"},{"frame":92,"time":0.008229725994169712,"triangles":41476,"vertices":80222,"batches":3069,"drawCalls":3069,"dynamicBatches":0,"frameTime":0.00823829136788845,"renderTime":0.005671977065503597,"instancedBatches":0,"shadowCasters":1196,"staticBatches":0,"dynamicBatchedDrawCalls":0,"combinedTime":0.013910268433392048,"differenceTime":-0.005680542439222336,"extra":"regular cube again"},{"frame":93,"time":0.00792494136840105,"triangles":41476,"vertices":80222,"batches":3069,"drawCalls":3069,"dynamicBatches":0,"frameTime":0.007931181229650975,"renderTime":0.005452633835375309,"instancedBatches":0,"shadowCasters":1196,"staticBatches":0,"dynamicBatchedDrawCalls":0,"combinedTime":0.013383815065026284,"differenceTime":-0.005458873696625233,"extra":"regular cube again"},{"frame":94,"time":0.010138834826648236,"triangles":41476,"vertices":80222,"batches":3069,"drawCalls":3069,"dynamicBatches":0,"frameTime":0.010129463858902455,"renderTime":0.005289542023092508,"instancedBatches":0,"shadowCasters":1196,"staticBatches":0,"dynamicBatchedDrawCalls":0,"combinedTime":0.01541900634765625,"differenceTime":-0.005280171521008015,"extra":"regular cube again"},{"frame":95,"time":0.014546407386660576,"triangles":41476,"vertices":80222,"batches":3069,"drawCalls":3069,"dynamicBatches":0,"frameTime":0.014568462036550045,"renderTime":0.005370276048779488,"instancedBatches":0,"shadowCasters":1196,"staticBatches":0,"dynamicBatchedDrawCalls":0,"combinedTime":0.019938737154006959,"differenceTime":-0.005392329767346382,"extra":"regular cube again"},{"frame":96,"time":0.01408496405929327,"triangles":41476,"vertices":80222,"batches":3069,"drawCalls":3069,"dynamicBatches":0,"frameTime":0.014061939902603627,"renderTime":0.005208802875131369,"instancedBatches":0,"shadowCasters":1196,"staticBatches":0,"dynamicBatchedDrawCalls":0,"combinedTime":0.019270742312073709,"differenceTime":-0.0051857782527804379,"extra":"regular cube again"},{"frame":97,"time":0.00806962326169014,"triangles":41476,"vertices":80222,"batches":3069,"drawCalls":3069,"dynamicBatches":0,"frameTime":0.008068191818892956,"renderTime":0.005388149991631508,"instancedBatches":0,"shadowCasters":1196,"staticBatches":0,"dynamicBatchedDrawCalls":0,"combinedTime":0.013456341810524464,"differenceTime":-0.005386718548834324,"extra":"regular cube again"},{"frame":98,"time":0.00782232079654932,"triangles":41476,"vertices":80222,"batches":3069,"drawCalls":3069,"dynamicBatches":0,"frameTime":0.007886274717748165,"renderTime":0.0054393550381064419,"instancedBatches":0,"shadowCasters":1196,"staticBatches":0,"dynamicBatchedDrawCalls":0,"combinedTime":0.013325629755854607,"differenceTime":-0.005503308959305286,"extra":"regular cube again"},{"frame":99,"time":0.011071605607867241,"triangles":41476,"vertices":80222,"batches":3069,"drawCalls":3069,"dynamicBatches":0,"frameTime":0.007992273196578026,"renderTime":0.005243861116468906,"instancedBatches":0,"shadowCasters":1196,"staticBatches":0,"dynamicBatchedDrawCalls":0,"combinedTime":0.013236134313046933,"differenceTime":-0.0021645287051796915,"extra":"regular cube again"},{"frame":100,"time":0.010409151203930378,"triangles":41476,"vertices":80222,"batches":3069,"drawCalls":3069,"dynamicBatches":0,"frameTime":0.0113655561581254,"renderTime":0.008457071147859097,"instancedBatches":0,"shadowCasters":1196,"staticBatches":0,"dynamicBatchedDrawCalls":0,"combinedTime":0.019822627305984498,"differenceTime":-0.009413476102054119,"extra":"regular cube again"}]}