{"data":[{"frame":1,"time":0.0,"triangles":16082250,"vertices":29676786,"batches":48,"drawCalls":48,"dynamicBatches":0,"frameTime":0.06384312361478806,"renderTime":0.0022405029740184547,"instancedBatches":39,"shadowCasters":4820,"staticBatches":0,"dynamicBatchedDrawCalls":0,"combinedTime":0.066083624958992,"differenceTime":-0.066083624958992,"extra":"lod tree gpu"},{"frame":2,"time":0.0,"triangles":32164504,"vertices":59353580,"batches":98,"drawCalls":98,"dynamicBatches":0,"frameTime":4.06678581237793,"renderTime":-16698.4453125,"instancedBatches":78,"shadowCasters":9640,"staticBatches":0,"dynamicBatchedDrawCalls":0,"combinedTime":-16694.37890625,"differenceTime":16694.37890625,"extra":"lod tree gpu"},{"frame":3,"time":0.019999999552965165,"triangles":16082250,"vertices":29676786,"batches":48,"drawCalls":48,"dynamicBatches":0,"frameTime":0.08808600157499314,"renderTime":0.002494686981663108,"instancedBatches":39,"shadowCasters":4820,"staticBatches":0,"dynamicBatchedDrawCalls":0,"combinedTime":0.09058068692684174,"differenceTime":-0.07058069109916687,"extra":"lod tree gpu"},{"frame":4,"time":0.016078829765319825,"triangles":16082250,"vertices":29676786,"batches":48,"drawCalls":48,"dynamicBatches":0,"frameTime":0.08808600157499314,"renderTime":0.002494686981663108,"instancedBatches":39,"shadowCasters":4820,"staticBatches":0,"dynamicBatchedDrawCalls":0,"combinedTime":0.09058068692684174,"differenceTime":-0.07450185716152191,"extra":"lod tree gpu"},{"frame":5,"time":0.02978556416928768,"triangles":16082250,"vertices":29676786,"batches":48,"drawCalls":48,"dynamicBatches":0,"frameTime":0.006685271859169006,"renderTime":0.002932243049144745,"instancedBatches":39,"shadowCasters":4820,"staticBatches":0,"dynamicBatchedDrawCalls":0,"combinedTime":0.009617514908313752,"differenceTime":0.02016804926097393,"extra":"lod tree gpu"},{"frame":6,"time":0.006092960014939308,"triangles":16082250,"vertices":29676786,"batches":48,"drawCalls":48,"dynamicBatches":0,"frameTime":0.0060926200821995739,"renderTime":0.003682818030938506,"instancedBatches":39,"shadowCasters":4820,"staticBatches":0,"dynamicBatchedDrawCalls":0,"combinedTime":0.009775438345968724,"differenceTime":-0.003682478331029415,"extra":"lod tree gpu"},{"frame":7,"time":0.006106027867645025,"triangles":16082250,"vertices":29676786,"batches":48,"drawCalls":48,"dynamicBatches":0,"frameTime":0.0060926200821995739,"renderTime":0.003682818030938506,"instancedBatches":39,"shadowCasters":4820,"staticBatches":0,"dynamicBatchedDrawCalls":0,"combinedTime":0.009775438345968724,"differenceTime":-0.003669410478323698,"extra":"lod tree gpu"},{"frame":8,"time":0.01960570551455021,"triangles":16082250,"vertices":29676786,"batches":48,"drawCalls":48,"dynamicBatches":0,"frameTime":0.005392585881054401,"renderTime":0.002430069027468562,"instancedBatches":39,"shadowCasters":4820,"staticBatches":0,"dynamicBatchedDrawCalls":0,"combinedTime":0.007822655141353608,"differenceTime":0.011783050373196602,"extra":"lod tree gpu"},{"frame":9,"time":0.0050161248072981838,"triangles":16082250,"vertices":29676786,"batches":48,"drawCalls":48,"dynamicBatches":0,"frameTime":0.005392585881054401,"renderTime":0.002430069027468562,"instancedBatches":39,"shadowCasters":4820,"staticBatches":0,"dynamicBatchedDrawCalls":0,"combinedTime":0.007822655141353608,"differenceTime":-0.0028065303340554239,"extra":"lod tree gpu"},{"frame":10,"time":0.021632390096783639,"triangles":16082250,"vertices":29676786,"batches":48,"drawCalls":48,"dynamicBatches":0,"frameTime":0.02145262248814106,"renderTime":0.0026490481104701759,"instancedBatches":39,"shadowCasters":4820,"staticBatches":0,"dynamicBatchedDrawCalls":0,"combinedTime":0.02410167083144188,"differenceTime":-0.0024692807346582414,"extra":"lod tree gpu"},{"frame":11,"time":0.02798370271921158,"triangles":16082250,"vertices":29676786,"batches":48,"drawCalls":48,"dynamicBatches":0,"frameTime":0.027919575572013856,"renderTime":0.0021802899427711965,"instancedBatches":39,"shadowCasters":4820,"staticBatches":0,"dynamicBatchedDrawCalls":0,"combinedTime":0.030099865049123765,"differenceTime":-0.0021161623299121858,"extra":"lod tree gpu"},{"frame":12,"time":0.026472268626093866,"triangles":16082250,"vertices":29676786,"batches":48,"drawCalls":48,"dynamicBatches":0,"frameTime":0.026768025010824205,"renderTime":0.002320741070434451,"instancedBatches":39,"shadowCasters":4820,"staticBatches":0,"dynamicBatchedDrawCalls":0,"combinedTime":0.029088765382766725,"differenceTime":-0.002616496756672859,"extra":"lod tree gpu"},{"frame":13,"time":0.027523687109351159,"triangles":16082250,"vertices":29676786,"batches":48,"drawCalls":48,"dynamicBatches":0,"frameTime":0.027559172362089158,"renderTime":0.00224485294893384,"instancedBatches":39,"shadowCasters":4820,"staticBatches":0,"dynamicBatchedDrawCalls":0,"combinedTime":0.02980402484536171,"differenceTime":-0.0022803377360105516,"extra":"lod tree gpu"},{"frame":14,"time":0.027408495545387269,"triangles":16082250,"vertices":29676786,"batches":48,"drawCalls":48,"dynamicBatches":0,"frameTime":0.02745930105447769,"renderTime":0.0023856579791754486,"instancedBatches":39,"shadowCasters":4820,"staticBatches":0,"dynamicBatchedDrawCalls":0,"combinedTime":0.02984495833516121,"differenceTime":-0.002436462789773941,"extra":"lod tree gpu"},{"frame":15,"time":0.028578607365489007,"triangles":16082250,"vertices":29676786,"batches":48,"drawCalls":48,"dynamicBatches":0,"frameTime":0.02722984179854393,"renderTime":0.002555711893364787,"instancedBatches":39,"shadowCasters":4820,"staticBatches":0,"dynamicBatchedDrawCalls":0,"combinedTime":0.029785552993416787,"differenceTime":-0.0012069456279277802,"extra":"lod tree gpu"},{"frame":16,"time":0.026004070416092874,"triangles":16082250,"vertices":29676786,"batches":48,"drawCalls":48,"dynamicBatches":0,"frameTime":0.027259649708867074,"renderTime":0.003087943885475397,"instancedBatches":39,"shadowCasters":4820,"staticBatches":0,"dynamicBatchedDrawCalls":0,"combinedTime":0.030347593128681184,"differenceTime":-0.00434352271258831,"extra":"lod tree gpu"},{"frame":17,"time":0.027881598100066186,"triangles":16082250,"vertices":29676786,"batches":48,"drawCalls":48,"dynamicBatches":0,"frameTime":0.027458256110548974,"renderTime":0.0026117649395018818,"instancedBatches":39,"shadowCasters":4820,"staticBatches":0,"dynamicBatchedDrawCalls":0,"combinedTime":0.030070021748542787,"differenceTime":-0.0021884236484766008,"extra":"lod tree gpu"},{"frame":18,"time":0.027313241735100747,"triangles":16082250,"vertices":29676786,"batches":48,"drawCalls":48,"dynamicBatches":0,"frameTime":0.02706167846918106,"renderTime":0.002734211040660739,"instancedBatches":39,"shadowCasters":4820,"staticBatches":0,"dynamicBatchedDrawCalls":0,"combinedTime":0.02979588881134987,"differenceTime":-0.0024826470762491228,"extra":"lod tree gpu"},{"frame":19,"time":0.026623515412211419,"triangles":16082250,"vertices":29676786,"batches":48,"drawCalls":48,"dynamicBatches":0,"frameTime":0.0272280965000391,"renderTime":0.0028157129418104889,"instancedBatches":39,"shadowCasters":4820,"staticBatches":0,"dynamicBatchedDrawCalls":0,"combinedTime":0.03004380874335766,"differenceTime":-0.0034202933311462404,"extra":"lod tree gpu"},{"frame":20,"time":0.028111837804317476,"triangles":16082250,"vertices":29676786,"batches":48,"drawCalls":48,"dynamicBatches":0,"frameTime":0.027373170480132104,"renderTime":0.0024315400514751674,"instancedBatches":39,"shadowCasters":4820,"staticBatches":0,"dynamicBatchedDrawCalls":0,"combinedTime":0.029804710298776628,"differenceTime":-0.0016928724944591523,"extra":"lod tree gpu"},{"frame":21,"time":0.026354312896728517,"triangles":16082250,"vertices":29676786,"batches":48,"drawCalls":48,"dynamicBatches":0,"frameTime":0.0269694235175848,"renderTime":0.0029576700180768968,"instancedBatches":39,"shadowCasters":4820,"staticBatches":0,"dynamicBatchedDrawCalls":0,"combinedTime":0.029927093535661699,"differenceTime":-0.0035727806389331819,"extra":"lod tree gpu"},{"frame":22,"time":0.027389995753765107,"triangles":16082250,"vertices":29676786,"batches":48,"drawCalls":48,"dynamicBatches":0,"frameTime":0.027408262714743615,"renderTime":0.002380443038418889,"instancedBatches":39,"shadowCasters":4820,"staticBatches":0,"dynamicBatchedDrawCalls":0,"combinedTime":0.029788706451654435,"differenceTime":-0.002398710697889328,"extra":"lod tree gpu"},{"frame":23,"time":0.026985647156834604,"triangles":16082250,"vertices":29676786,"batches":48,"drawCalls":48,"dynamicBatches":0,"frameTime":0.027366237714886667,"renderTime":0.0024527469649910928,"instancedBatches":39,"shadowCasters":4820,"staticBatches":0,"dynamicBatchedDrawCalls":0,"combinedTime":0.029818985611200334,"differenceTime":-0.0028333384543657305,"extra":"lod tree gpu"},{"frame":24,"time":0.02804667316377163,"triangles":16082250,"vertices":29676786,"batches":48,"drawCalls":48,"dynamicBatches":0,"frameTime":0.027152815833687784,"renderTime":0.002305821981281042,"instancedBatches":39,"shadowCasters":4820,"staticBatches":0,"dynamicBatchedDrawCalls":0,"combinedTime":0.02945863828063011,"differenceTime":-0.0014119651168584824,"extra":"lod tree gpu"},{"frame":25,"time":0.02658679336309433,"triangles":16082250,"vertices":29676786,"batches":48,"drawCalls":48,"dynamicBatches":0,"frameTime":0.02742164582014084,"renderTime":0.0029481640085577966,"instancedBatches":39,"shadowCasters":4820,"staticBatches":0,"dynamicBatchedDrawCalls":0,"combinedTime":0.03036981076002121,"differenceTime":-0.00378301739692688,"extra":"lod tree gpu"},{"frame":26,"time":0.028021490201354028,"triangles":16082250,"vertices":29676786,"batches":48,"drawCalls":48,"dynamicBatches":0,"frameTime":0.027429545298218728,"renderTime":0.002269902965053916,"instancedBatches":39,"shadowCasters":4820,"staticBatches":0,"dynamicBatchedDrawCalls":0,"combinedTime":0.029699448496103288,"differenceTime":-0.00167795829474926,"extra":"lod tree gpu"},{"frame":27,"time":0.027003876864910127,"triangles":16082250,"vertices":29676786,"batches":48,"drawCalls":48,"dynamicBatches":0,"frameTime":0.02720390260219574,"renderTime":0.0027485270984470846,"instancedBatches":39,"shadowCasters":4820,"staticBatches":0,"dynamicBatchedDrawCalls":0,"combinedTime":0.029952429234981538,"differenceTime":-0.002948552370071411,"extra":"lod tree gpu"},{"frame":28,"time":0.02843814343214035,"triangles":16082250,"vertices":29676786,"batches":48,"drawCalls":48,"dynamicBatches":0,"frameTime":0.027433374896645547,"renderTime":0.0026745509821921589,"instancedBatches":39,"shadowCasters":4820,"staticBatches":0,"dynamicBatchedDrawCalls":0,"combinedTime":0.030107926577329637,"differenceTime":-0.0016697831451892853,"extra":"lod tree gpu"},{"frame":29,"time":0.026926521211862565,"triangles":16082250,"vertices":29676786,"batches":48,"drawCalls":48,"dynamicBatches":0,"frameTime":0.02740435115993023,"renderTime":0.002903054002672434,"instancedBatches":39,"shadowCasters":4820,"staticBatches":0,"dynamicBatchedDrawCalls":0,"combinedTime":0.030307404696941377,"differenceTime":-0.0033808834850788118,"extra":"lod tree gpu"},{"frame":30,"time":0.042321883141994479,"triangles":16082250,"vertices":29676786,"batches":48,"drawCalls":48,"dynamicBatches":0,"frameTime":0.02717544138431549,"renderTime":0.0030017520766705276,"instancedBatches":39,"shadowCasters":4820,"staticBatches":0,"dynamicBatchedDrawCalls":0,"combinedTime":0.030177192762494088,"differenceTime":0.012144690379500389,"extra":"lod tree gpu"},{"frame":31,"time":0.01519392803311348,"triangles":16082250,"vertices":29676786,"batches":48,"drawCalls":48,"dynamicBatches":0,"frameTime":0.03050055168569088,"renderTime":0.0028225178830325605,"instancedBatches":39,"shadowCasters":4820,"staticBatches":0,"dynamicBatchedDrawCalls":0,"combinedTime":0.03332306817173958,"differenceTime":-0.0181291401386261,"extra":"lod tree gpu"},{"frame":32,"time":0.02705792337656021,"triangles":16082250,"vertices":29676786,"batches":48,"drawCalls":48,"dynamicBatches":0,"frameTime":0.027421321719884874,"renderTime":0.0025138340424746277,"instancedBatches":39,"shadowCasters":4820,"staticBatches":0,"dynamicBatchedDrawCalls":0,"combinedTime":0.02993515506386757,"differenceTime":-0.002877231687307358,"extra":"lod tree gpu"},{"frame":33,"time":0.026972230523824693,"triangles":16082250,"vertices":29676786,"batches":48,"drawCalls":48,"dynamicBatches":0,"frameTime":0.02709241211414337,"renderTime":0.002518319059163332,"instancedBatches":39,"shadowCasters":4820,"staticBatches":0,"dynamicBatchedDrawCalls":0,"combinedTime":0.029610730707645417,"differenceTime":-0.0026385001838207247,"extra":"lod tree gpu"},{"frame":34,"time":0.027588408440351487,"triangles":16082250,"vertices":29676786,"batches":48,"drawCalls":48,"dynamicBatches":0,"frameTime":0.02774007059633732,"renderTime":0.002389238914474845,"instancedBatches":39,"shadowCasters":4820,"staticBatches":0,"dynamicBatchedDrawCalls":0,"combinedTime":0.030129309743642808,"differenceTime":-0.002540901303291321,"extra":"lod tree gpu"},{"frame":35,"time":0.02798338606953621,"triangles":16082250,"vertices":29676786,"batches":48,"drawCalls":48,"dynamicBatches":0,"frameTime":0.027801938354969026,"renderTime":0.002326139947399497,"instancedBatches":39,"shadowCasters":4820,"staticBatches":0,"dynamicBatchedDrawCalls":0,"combinedTime":0.030128078535199167,"differenceTime":-0.0021446924656629564,"extra":"lod tree gpu"},{"frame":36,"time":0.028994178399443628,"triangles":16082250,"vertices":29676786,"batches":48,"drawCalls":48,"dynamicBatches":0,"frameTime":0.02712262235581875,"renderTime":0.002646626904606819,"instancedBatches":39,"shadowCasters":4820,"staticBatches":0,"dynamicBatchedDrawCalls":0,"combinedTime":0.029769249260425569,"differenceTime":-0.0007750708609819412,"extra":"lod tree gpu"},{"frame":37,"time":0.02606399729847908,"triangles":16082250,"vertices":29676786,"batches":48,"drawCalls":48,"dynamicBatches":0,"frameTime":0.027610313147306443,"renderTime":0.0030776180792599918,"instancedBatches":39,"shadowCasters":4820,"staticBatches":0,"dynamicBatchedDrawCalls":0,"combinedTime":0.030687931925058366,"differenceTime":-0.004623934626579285,"extra":"lod tree gpu"},{"frame":38,"time":0.02713727578520775,"triangles":16082250,"vertices":29676786,"batches":48,"drawCalls":48,"dynamicBatches":0,"frameTime":0.027360856533050538,"renderTime":0.0027989079244434835,"instancedBatches":39,"shadowCasters":4820,"staticBatches":0,"dynamicBatchedDrawCalls":0,"combinedTime":0.030159763991832734,"differenceTime":-0.0030224882066249849,"extra":"lod tree gpu"},{"frame":39,"time":0.028345925733447076,"triangles":16082250,"vertices":29676786,"batches":48,"drawCalls":48,"dynamicBatches":0,"frameTime":0.027204204350709916,"renderTime":0.002635898068547249,"instancedBatches":39,"shadowCasters":4820,"staticBatches":0,"dynamicBatchedDrawCalls":0,"combinedTime":0.029840102419257165,"differenceTime":-0.0014941766858100892,"extra":"lod tree gpu"},{"frame":40,"time":0.027150355279445649,"triangles":16082250,"vertices":29676786,"batches":48,"drawCalls":48,"dynamicBatches":0,"frameTime":0.027868514880537988,"renderTime":0.0027284249663352968,"instancedBatches":39,"shadowCasters":4820,"staticBatches":0,"dynamicBatchedDrawCalls":0,"combinedTime":0.030596939846873285,"differenceTime":-0.003446584567427635,"extra":"lod tree gpu"},{"frame":41,"time":0.027076898142695428,"triangles":16082250,"vertices":29676786,"batches":48,"drawCalls":48,"dynamicBatches":0,"frameTime":0.027388421818614007,"renderTime":0.0026620388962328436,"instancedBatches":39,"shadowCasters":4820,"staticBatches":0,"dynamicBatchedDrawCalls":0,"combinedTime":0.030050460249185563,"differenceTime":-0.002973562106490135,"extra":"lod tree gpu"},{"frame":42,"time":0.02778051421046257,"triangles":16082250,"vertices":29676786,"batches":48,"drawCalls":48,"dynamicBatches":0,"frameTime":0.027169611304998399,"renderTime":0.0025645040441304447,"instancedBatches":39,"shadowCasters":4820,"staticBatches":0,"dynamicBatchedDrawCalls":0,"combinedTime":0.029734116047620775,"differenceTime":-0.001953601837158203,"extra":"lod tree gpu"},{"frame":43,"time":0.027756014838814737,"triangles":16082250,"vertices":29676786,"batches":48,"drawCalls":48,"dynamicBatches":0,"frameTime":0.02737843059003353,"renderTime":0.002843536902219057,"instancedBatches":39,"shadowCasters":4820,"staticBatches":0,"dynamicBatchedDrawCalls":0,"combinedTime":0.0302219670265913,"differenceTime":-0.0024659521877765657,"extra":"lod tree gpu"},{"frame":44,"time":0.02686956711113453,"triangles":16082250,"vertices":29676786,"batches":48,"drawCalls":48,"dynamicBatches":0,"frameTime":0.027536457404494287,"renderTime":0.0028687850572168829,"instancedBatches":39,"shadowCasters":4820,"staticBatches":0,"dynamicBatchedDrawCalls":0,"combinedTime":0.03040524199604988,"differenceTime":-0.003535674884915352,"extra":"lod tree gpu"},{"frame":45,"time":0.02634339965879917,"triangles":16082250,"vertices":29676786,"batches":48,"drawCalls":48,"dynamicBatches":0,"frameTime":0.02690022438764572,"renderTime":0.0027699009515345098,"instancedBatches":39,"shadowCasters":4820,"staticBatches":0,"dynamicBatchedDrawCalls":0,"combinedTime":0.029670124873518945,"differenceTime":-0.0033267252147197725,"extra":"lod tree gpu"},{"frame":46,"time":0.027454301714897157,"triangles":16082250,"vertices":29676786,"batches":48,"drawCalls":48,"dynamicBatches":0,"frameTime":0.02740824781358242,"renderTime":0.0022125099785625936,"instancedBatches":39,"shadowCasters":4820,"staticBatches":0,"dynamicBatchedDrawCalls":0,"combinedTime":0.029620757326483728,"differenceTime":-0.0021664556115865709,"extra":"lod tree gpu"},{"frame":47,"time":0.02699108049273491,"triangles":16082250,"vertices":29676786,"batches":48,"drawCalls":48,"dynamicBatches":0,"frameTime":0.027382563799619676,"renderTime":0.0024698979686945678,"instancedBatches":39,"shadowCasters":4820,"staticBatches":0,"dynamicBatchedDrawCalls":0,"combinedTime":0.02985246106982231,"differenceTime":-0.0028613805770874025,"extra":"lod tree gpu"},{"frame":48,"time":0.027610087767243387,"triangles":16082250,"vertices":29676786,"batches":48,"drawCalls":48,"dynamicBatches":0,"frameTime":0.02710367739200592,"renderTime":0.002250202000141144,"instancedBatches":39,"shadowCasters":4820,"staticBatches":0,"dynamicBatchedDrawCalls":0,"combinedTime":0.029353879392147065,"differenceTime":-0.001743791624903679,"extra":"lod tree gpu"},{"frame":49,"time":0.027031144127249719,"triangles":16082250,"vertices":29676786,"batches":48,"drawCalls":48,"dynamicBatches":0,"frameTime":0.02728680521249771,"renderTime":0.0025052169803529979,"instancedBatches":39,"shadowCasters":4820,"staticBatches":0,"dynamicBatchedDrawCalls":0,"combinedTime":0.029792021960020067,"differenceTime":-0.0027608778327703478,"extra":"lod tree gpu"},{"frame":50,"time":0.027553165331482889,"triangles":16082250,"vertices":29676786,"batches":48,"drawCalls":48,"dynamicBatches":0,"frameTime":0.02738996222615242,"renderTime":0.0024296080227941276,"instancedBatches":39,"shadowCasters":4820,"staticBatches":0,"dynamicBatchedDrawCalls":0,"combinedTime":0.02981957048177719,"differenceTime":-0.002266405150294304,"extra":"lod tree gpu"},{"frame":51,"time":0.027600007131695749,"triangles":16082250,"vertices":29676786,"batches":48,"drawCalls":48,"dynamicBatches":0,"frameTime":0.02714063972234726,"renderTime":0.0024630948901176454,"instancedBatches":39,"shadowCasters":4820,"staticBatches":0,"dynamicBatchedDrawCalls":0,"combinedTime":0.029603734612464906,"differenceTime":-0.0020037274807691576,"extra":"lod tree gpu"},{"frame":52,"time":0.02690715342760086,"triangles":16082250,"vertices":29676786,"batches":48,"drawCalls":48,"dynamicBatches":0,"frameTime":0.02739514410495758,"renderTime":0.002911505987867713,"instancedBatches":39,"shadowCasters":4820,"staticBatches":0,"dynamicBatchedDrawCalls":0,"combinedTime":0.030306650325655938,"differenceTime":-0.0033994968980550768,"extra":"lod tree gpu"},{"frame":53,"time":0.027972139418125154,"triangles":16082250,"vertices":29676786,"batches":48,"drawCalls":48,"dynamicBatches":0,"frameTime":0.02753542736172676,"renderTime":0.002412314061075449,"instancedBatches":39,"shadowCasters":4820,"staticBatches":0,"dynamicBatchedDrawCalls":0,"combinedTime":0.029947740957140924,"differenceTime":-0.00197560153901577,"extra":"lod tree gpu"},{"frame":54,"time":0.027483023703098298,"triangles":16082250,"vertices":29676786,"batches":48,"drawCalls":48,"dynamicBatches":0,"frameTime":0.027094775810837747,"renderTime":0.0029027368873357774,"instancedBatches":39,"shadowCasters":4820,"staticBatches":0,"dynamicBatchedDrawCalls":0,"combinedTime":0.029997512698173524,"differenceTime":-0.002514488995075226,"extra":"lod tree gpu"},{"frame":55,"time":0.027492215856909753,"triangles":16082250,"vertices":29676786,"batches":48,"drawCalls":48,"dynamicBatches":0,"frameTime":0.02741098962724209,"renderTime":0.0028751608915627004,"instancedBatches":39,"shadowCasters":4820,"staticBatches":0,"dynamicBatchedDrawCalls":0,"combinedTime":0.0302861500531435,"differenceTime":-0.0027939341962337496,"extra":"lod tree gpu"},{"frame":56,"time":0.026814883574843408,"triangles":16082250,"vertices":29676786,"batches":48,"drawCalls":48,"dynamicBatches":0,"frameTime":0.02742660976946354,"renderTime":0.0028429070953279735,"instancedBatches":39,"shadowCasters":4820,"staticBatches":0,"dynamicBatchedDrawCalls":0,"combinedTime":0.03026951663196087,"differenceTime":-0.003454633057117462,"extra":"lod tree gpu"},{"frame":57,"time":0.027949368581175805,"triangles":16082250,"vertices":29676786,"batches":48,"drawCalls":48,"dynamicBatches":0,"frameTime":0.026970012113451959,"renderTime":0.0024524149484932424,"instancedBatches":39,"shadowCasters":4820,"staticBatches":0,"dynamicBatchedDrawCalls":0,"combinedTime":0.029422426596283914,"differenceTime":-0.0014730580151081086,"extra":"lod tree gpu"},{"frame":58,"time":0.027511494234204294,"triangles":16082250,"vertices":29676786,"batches":48,"drawCalls":48,"dynamicBatches":0,"frameTime":0.027315596118569375,"renderTime":0.0032126749865710737,"instancedBatches":39,"shadowCasters":4820,"staticBatches":0,"dynamicBatchedDrawCalls":0,"combinedTime":0.030528271570801736,"differenceTime":-0.0030167773365974428,"extra":"lod tree gpu"},{"frame":59,"time":0.02680126763880253,"triangles":16082250,"vertices":29676786,"batches":48,"drawCalls":48,"dynamicBatches":0,"frameTime":0.027537157759070398,"renderTime":0.002933396026492119,"instancedBatches":39,"shadowCasters":4820,"staticBatches":0,"dynamicBatchedDrawCalls":0,"combinedTime":0.030470553785562516,"differenceTime":-0.003669286146759987,"extra":"lod tree gpu"},{"frame":60,"time":0.026367351412773134,"triangles":16082250,"vertices":29676786,"batches":48,"drawCalls":48,"dynamicBatches":0,"frameTime":0.0270927045494318,"renderTime":0.0026177531108260156,"instancedBatches":39,"shadowCasters":4820,"staticBatches":0,"dynamicBatchedDrawCalls":0,"combinedTime":0.02971045672893524,"differenceTime":-0.0033431053161621095,"extra":"lod tree gpu"},{"frame":61,"time":0.02754322811961174,"triangles":16082250,"vertices":29676786,"batches":48,"drawCalls":48,"dynamicBatches":0,"frameTime":0.0273514986038208,"renderTime":0.002590389922261238,"instancedBatches":39,"shadowCasters":4820,"staticBatches":0,"dynamicBatchedDrawCalls":0,"combinedTime":0.02994188852608204,"differenceTime":-0.0023986604064702989,"extra":"lod tree gpu"},{"frame":62,"time":0.029087085276842119,"triangles":16082250,"vertices":29676786,"batches":48,"drawCalls":48,"dynamicBatches":0,"frameTime":0.02749454416334629,"renderTime":0.002397910924628377,"instancedBatches":39,"shadowCasters":4820,"staticBatches":0,"dynamicBatchedDrawCalls":0,"combinedTime":0.0298924557864666,"differenceTime":-0.0008053705096244812,"extra":"lod tree gpu"},{"frame":63,"time":0.02705279178917408,"triangles":16082250,"vertices":29676786,"batches":48,"drawCalls":48,"dynamicBatches":0,"frameTime":0.026928462088108064,"renderTime":0.003462123917415738,"instancedBatches":39,"shadowCasters":4820,"staticBatches":0,"dynamicBatchedDrawCalls":0,"combinedTime":0.030390586704015733,"differenceTime":-0.003337794914841652,"extra":"lod tree gpu"},{"frame":64,"time":0.025333408266305925,"triangles":16082250,"vertices":29676786,"batches":48,"drawCalls":48,"dynamicBatches":0,"frameTime":0.027290139347314836,"renderTime":0.0032854019664227964,"instancedBatches":39,"shadowCasters":4820,"staticBatches":0,"dynamicBatchedDrawCalls":0,"combinedTime":0.030575541779398919,"differenceTime":-0.005242133513092995,"extra":"lod tree gpu"},{"frame":65,"time":0.026835281401872636,"triangles":16082250,"vertices":29676786,"batches":48,"drawCalls":48,"dynamicBatches":0,"frameTime":0.027361644431948663,"renderTime":0.0022518320474773647,"instancedBatches":39,"shadowCasters":4820,"staticBatches":0,"dynamicBatchedDrawCalls":0,"combinedTime":0.029613476246595384,"differenceTime":-0.002778194844722748,"extra":"lod tree gpu"},{"frame":66,"time":0.028740594163537027,"triangles":16082250,"vertices":29676786,"batches":48,"drawCalls":48,"dynamicBatches":0,"frameTime":0.027128225192427636,"renderTime":0.002141179982572794,"instancedBatches":39,"shadowCasters":4820,"staticBatches":0,"dynamicBatchedDrawCalls":0,"combinedTime":0.029269404709339143,"differenceTime":-0.0005288105458021164,"extra":"lod tree gpu"},{"frame":67,"time":0.0271327905356884,"triangles":16082250,"vertices":29676786,"batches":48,"drawCalls":48,"dynamicBatches":0,"frameTime":0.027387116104364396,"renderTime":0.0028048749081790449,"instancedBatches":39,"shadowCasters":4820,"staticBatches":0,"dynamicBatchedDrawCalls":0,"combinedTime":0.030191991478204728,"differenceTime":-0.003059200942516327,"extra":"lod tree gpu"},{"frame":68,"time":0.027438076213002206,"triangles":16082250,"vertices":29676786,"batches":48,"drawCalls":48,"dynamicBatches":0,"frameTime":0.0275109875947237,"renderTime":0.0027714460156857969,"instancedBatches":39,"shadowCasters":4820,"staticBatches":0,"dynamicBatchedDrawCalls":0,"combinedTime":0.030282434076070787,"differenceTime":-0.0028443578630685808,"extra":"lod tree gpu"},{"frame":69,"time":0.026185814291238786,"triangles":16082250,"vertices":29676786,"batches":48,"drawCalls":48,"dynamicBatches":0,"frameTime":0.027097757905721666,"renderTime":0.0028912790585309269,"instancedBatches":39,"shadowCasters":4820,"staticBatches":0,"dynamicBatchedDrawCalls":0,"combinedTime":0.029989037662744523,"differenceTime":-0.0038032233715057375,"extra":"lod tree gpu"},{"frame":70,"time":0.02761712111532688,"triangles":16082250,"vertices":29676786,"batches":48,"drawCalls":48,"dynamicBatches":0,"frameTime":0.02740641124546528,"renderTime":0.0024603940546512605,"instancedBatches":39,"shadowCasters":4820,"staticBatches":0,"dynamicBatchedDrawCalls":0,"combinedTime":0.02986680530011654,"differenceTime":-0.0022496841847896578,"extra":"lod tree gpu"},{"frame":71,"time":0.027067866176366807,"triangles":16082250,"vertices":29676786,"batches":48,"drawCalls":48,"dynamicBatches":0,"frameTime":0.027406342327594758,"renderTime":0.002567978110164404,"instancedBatches":39,"shadowCasters":4820,"staticBatches":0,"dynamicBatchedDrawCalls":0,"combinedTime":0.02997432090342045,"differenceTime":-0.0029064547270536424,"extra":"lod tree gpu"},{"frame":72,"time":0.027125246822834016,"triangles":16082250,"vertices":29676786,"batches":48,"drawCalls":48,"dynamicBatches":0,"frameTime":0.027101142331957818,"renderTime":0.0023730190005153419,"instancedBatches":39,"shadowCasters":4820,"staticBatches":0,"dynamicBatchedDrawCalls":0,"combinedTime":0.029474161565303804,"differenceTime":-0.0023489147424697878,"extra":"lod tree gpu"},{"frame":73,"time":0.03059655800461769,"triangles":16082250,"vertices":29676786,"batches":48,"drawCalls":48,"dynamicBatches":0,"frameTime":0.0308504868298769,"renderTime":0.0023764949291944505,"instancedBatches":39,"shadowCasters":4820,"staticBatches":0,"dynamicBatchedDrawCalls":0,"combinedTime":0.03322698175907135,"differenceTime":-0.002630423754453659,"extra":"lod tree gpu"},{"frame":74,"time":0.027160704135894777,"triangles":16082250,"vertices":29676786,"batches":48,"drawCalls":48,"dynamicBatches":0,"frameTime":0.0274124126881361,"renderTime":0.0022242660634219648,"instancedBatches":39,"shadowCasters":4820,"staticBatches":0,"dynamicBatchedDrawCalls":0,"combinedTime":0.029636679217219354,"differenceTime":-0.0024759750813245775,"extra":"lod tree gpu"},{"frame":75,"time":0.029273126274347307,"triangles":16082250,"vertices":29676786,"batches":48,"drawCalls":48,"dynamicBatches":0,"frameTime":0.027177637442946435,"renderTime":0.002009450923651457,"instancedBatches":39,"shadowCasters":4820,"staticBatches":0,"dynamicBatchedDrawCalls":0,"combinedTime":0.029187088832259179,"differenceTime":0.00008603744208812714,"extra":"lod tree gpu"},{"frame":76,"time":0.02847868762910366,"triangles":16082250,"vertices":29676786,"batches":48,"drawCalls":48,"dynamicBatches":0,"frameTime":0.027819473296403886,"renderTime":0.0032188359182327987,"instancedBatches":39,"shadowCasters":4820,"staticBatches":0,"dynamicBatchedDrawCalls":0,"combinedTime":0.031038308516144754,"differenceTime":-0.002559620887041092,"extra":"lod tree gpu"},{"frame":77,"time":0.025529084727168084,"triangles":16082250,"vertices":29676786,"batches":48,"drawCalls":48,"dynamicBatches":0,"frameTime":0.02782856673002243,"renderTime":0.003558139083907008,"instancedBatches":39,"shadowCasters":4820,"staticBatches":0,"dynamicBatchedDrawCalls":0,"combinedTime":0.03138670697808266,"differenceTime":-0.005857622250914574,"extra":"lod tree gpu"},{"frame":78,"time":0.027305133640766145,"triangles":16082250,"vertices":29676786,"batches":48,"drawCalls":48,"dynamicBatches":0,"frameTime":0.027154291048645974,"renderTime":0.0022641681134700777,"instancedBatches":39,"shadowCasters":4820,"staticBatches":0,"dynamicBatchedDrawCalls":0,"combinedTime":0.02941845916211605,"differenceTime":-0.002113325521349907,"extra":"lod tree gpu"},{"frame":79,"time":0.027868401259183885,"triangles":16082250,"vertices":29676786,"batches":48,"drawCalls":48,"dynamicBatches":0,"frameTime":0.02771536074578762,"renderTime":0.002178607974201441,"instancedBatches":39,"shadowCasters":4820,"staticBatches":0,"dynamicBatchedDrawCalls":0,"combinedTime":0.029893968254327775,"differenceTime":-0.0020255669951438905,"extra":"lod tree gpu"},{"frame":80,"time":0.02752656117081642,"triangles":16082250,"vertices":29676786,"batches":48,"drawCalls":48,"dynamicBatches":0,"frameTime":0.02748895063996315,"renderTime":0.0023683339823037388,"instancedBatches":39,"shadowCasters":4820,"staticBatches":0,"dynamicBatchedDrawCalls":0,"combinedTime":0.02985728532075882,"differenceTime":-0.002330724149942398,"extra":"lod tree gpu"},{"frame":81,"time":0.027289368212223054,"triangles":16082250,"vertices":29676786,"batches":48,"drawCalls":48,"dynamicBatches":0,"frameTime":0.02713845856487751,"renderTime":0.0027079100254923107,"instancedBatches":39,"shadowCasters":4820,"staticBatches":0,"dynamicBatchedDrawCalls":0,"combinedTime":0.029846368357539178,"differenceTime":-0.002557000145316124,"extra":"lod tree gpu"},{"frame":82,"time":0.02678731456398964,"triangles":16082250,"vertices":29676786,"batches":48,"drawCalls":48,"dynamicBatches":0,"frameTime":0.02738996036350727,"renderTime":0.0023115649819374086,"instancedBatches":39,"shadowCasters":4820,"staticBatches":0,"dynamicBatchedDrawCalls":0,"combinedTime":0.02970152534544468,"differenceTime":-0.00291421078145504,"extra":"lod tree gpu"},{"frame":83,"time":0.027704594656825067,"triangles":16082250,"vertices":29676786,"batches":48,"drawCalls":48,"dynamicBatches":0,"frameTime":0.02742178738117218,"renderTime":0.0023077179212123157,"instancedBatches":39,"shadowCasters":4820,"staticBatches":0,"dynamicBatchedDrawCalls":0,"combinedTime":0.029729506000876428,"differenceTime":-0.002024911344051361,"extra":"lod tree gpu"},{"frame":84,"time":0.027331439778208734,"triangles":16082250,"vertices":29676786,"batches":48,"drawCalls":48,"dynamicBatches":0,"frameTime":0.02714540809392929,"renderTime":0.002587065100669861,"instancedBatches":39,"shadowCasters":4820,"staticBatches":0,"dynamicBatchedDrawCalls":0,"combinedTime":0.02973247319459915,"differenceTime":-0.002401033416390419,"extra":"lod tree gpu"},{"frame":85,"time":0.02784797176718712,"triangles":16082250,"vertices":29676786,"batches":48,"drawCalls":48,"dynamicBatches":0,"frameTime":0.027422849088907243,"renderTime":0.0022766380570828916,"instancedBatches":39,"shadowCasters":4820,"staticBatches":0,"dynamicBatchedDrawCalls":0,"combinedTime":0.02969948761165142,"differenceTime":-0.001851515844464302,"extra":"lod tree gpu"},{"frame":86,"time":0.026784125715494157,"triangles":16082250,"vertices":29676786,"batches":48,"drawCalls":48,"dynamicBatches":0,"frameTime":0.027367545291781427,"renderTime":0.0029093569610267879,"instancedBatches":39,"shadowCasters":4820,"staticBatches":0,"dynamicBatchedDrawCalls":0,"combinedTime":0.03027690201997757,"differenceTime":-0.0034927763044834139,"extra":"lod tree gpu"},{"frame":87,"time":0.027421526610851289,"triangles":16082250,"vertices":29676786,"batches":48,"drawCalls":48,"dynamicBatches":0,"frameTime":0.02715982310473919,"renderTime":0.0024432800710201265,"instancedBatches":39,"shadowCasters":4820,"staticBatches":0,"dynamicBatchedDrawCalls":0,"combinedTime":0.029603103175759317,"differenceTime":-0.0021815765649080278,"extra":"lod tree gpu"},{"frame":88,"time":0.02733171358704567,"triangles":16082250,"vertices":29676786,"batches":48,"drawCalls":48,"dynamicBatches":0,"frameTime":0.02743895910680294,"renderTime":0.002447770908474922,"instancedBatches":39,"shadowCasters":4820,"staticBatches":0,"dynamicBatchedDrawCalls":0,"combinedTime":0.029886730015277864,"differenceTime":-0.002555016428232193,"extra":"lod tree gpu"},{"frame":89,"time":0.02719046361744404,"triangles":16082250,"vertices":29676786,"batches":48,"drawCalls":48,"dynamicBatches":0,"frameTime":0.02739807404577732,"renderTime":0.002400703029707074,"instancedBatches":39,"shadowCasters":4820,"staticBatches":0,"dynamicBatchedDrawCalls":0,"combinedTime":0.029798777773976327,"differenceTime":-0.0026083141565322878,"extra":"lod tree gpu"},{"frame":90,"time":0.027224348857998849,"triangles":16082250,"vertices":29676786,"batches":48,"drawCalls":48,"dynamicBatches":0,"frameTime":0.027098197489976884,"renderTime":0.0024219690822064878,"instancedBatches":39,"shadowCasters":4820,"staticBatches":0,"dynamicBatchedDrawCalls":0,"combinedTime":0.029520167037844659,"differenceTime":-0.00229581817984581,"extra":"lod tree gpu"},{"frame":91,"time":0.02783832885324955,"triangles":16082250,"vertices":29676786,"batches":48,"drawCalls":48,"dynamicBatches":0,"frameTime":0.027437955141067506,"renderTime":0.002321545034646988,"instancedBatches":39,"shadowCasters":4820,"staticBatches":0,"dynamicBatchedDrawCalls":0,"combinedTime":0.029759500175714494,"differenceTime":-0.001921171322464943,"extra":"lod tree gpu"},{"frame":92,"time":0.02660490572452545,"triangles":16082250,"vertices":29676786,"batches":48,"drawCalls":48,"dynamicBatches":0,"frameTime":0.027394741773605348,"renderTime":0.002521880902349949,"instancedBatches":39,"shadowCasters":4820,"staticBatches":0,"dynamicBatchedDrawCalls":0,"combinedTime":0.02991662174463272,"differenceTime":-0.0033117160201072695,"extra":"lod tree gpu"},{"frame":93,"time":0.02780030108988285,"triangles":16082250,"vertices":29676786,"batches":48,"drawCalls":48,"dynamicBatches":0,"frameTime":0.02712147869169712,"renderTime":0.0022847529035061599,"instancedBatches":39,"shadowCasters":4820,"staticBatches":0,"dynamicBatchedDrawCalls":0,"combinedTime":0.02940623089671135,"differenceTime":-0.0016059298068284989,"extra":"lod tree gpu"},{"frame":94,"time":0.027266263961791993,"triangles":16082250,"vertices":29676786,"batches":48,"drawCalls":48,"dynamicBatches":0,"frameTime":0.027295207604765893,"renderTime":0.0023674529511481525,"instancedBatches":39,"shadowCasters":4820,"staticBatches":0,"dynamicBatchedDrawCalls":0,"combinedTime":0.029662661254405977,"differenceTime":-0.002396397292613983,"extra":"lod tree gpu"},{"frame":95,"time":0.027307992801070215,"triangles":16082250,"vertices":29676786,"batches":48,"drawCalls":48,"dynamicBatches":0,"frameTime":0.02751387283205986,"renderTime":0.002597563900053501,"instancedBatches":39,"shadowCasters":4820,"staticBatches":0,"dynamicBatchedDrawCalls":0,"combinedTime":0.030111435800790788,"differenceTime":-0.0028034429997205736,"extra":"lod tree gpu"},{"frame":96,"time":0.027180679142475129,"triangles":16082250,"vertices":29676786,"batches":48,"drawCalls":48,"dynamicBatches":0,"frameTime":0.027096668258309366,"renderTime":0.0026179261039942505,"instancedBatches":39,"shadowCasters":4820,"staticBatches":0,"dynamicBatchedDrawCalls":0,"combinedTime":0.029714593663811685,"differenceTime":-0.0025339145213365556,"extra":"lod tree gpu"},{"frame":97,"time":0.02748074196279049,"triangles":16082250,"vertices":29676786,"batches":48,"drawCalls":48,"dynamicBatches":0,"frameTime":0.02737618237733841,"renderTime":0.0025308590847998859,"instancedBatches":39,"shadowCasters":4820,"staticBatches":0,"dynamicBatchedDrawCalls":0,"combinedTime":0.029907042160630227,"differenceTime":-0.002426300197839737,"extra":"lod tree gpu"},{"frame":98,"time":0.027174318209290506,"triangles":16082250,"vertices":29676786,"batches":48,"drawCalls":48,"dynamicBatches":0,"frameTime":0.0274130217730999,"renderTime":0.0023569429758936168,"instancedBatches":39,"shadowCasters":4820,"staticBatches":0,"dynamicBatchedDrawCalls":0,"combinedTime":0.029769964516162874,"differenceTime":-0.002595646306872368,"extra":"lod tree gpu"},{"frame":99,"time":0.026915166527032853,"triangles":16082250,"vertices":29676786,"batches":48,"drawCalls":48,"dynamicBatches":0,"frameTime":0.02712899260222912,"renderTime":0.0025170319713652136,"instancedBatches":39,"shadowCasters":4820,"staticBatches":0,"dynamicBatchedDrawCalls":0,"combinedTime":0.029646024107933046,"differenceTime":-0.0027308575809001924,"extra":"lod tree gpu"},{"frame":100,"time":0.027454759925603868,"triangles":16082250,"vertices":29676786,"batches":48,"drawCalls":48,"dynamicBatches":0,"frameTime":0.027298662811517717,"renderTime":0.0023208819329738619,"instancedBatches":39,"shadowCasters":4820,"staticBatches":0,"dynamicBatchedDrawCalls":0,"combinedTime":0.029619544744491578,"differenceTime":-0.0021647848188877107,"extra":"lod tree gpu"}]}