{"data":[{"frame":1,"time":0.019999999552965165,"triangles":41476,"vertices":80222,"batches":3069,"drawCalls":3069,"dynamicBatches":0,"frameTime":0.008203853853046894,"renderTime":0.005531129892915487,"instancedBatches":0,"shadowCasters":1196,"staticBatches":0,"dynamicBatchedDrawCalls":0,"combinedTime":0.013734983280301094,"differenceTime":0.00626501627266407,"extra":"regular cube prefab"},{"frame":2,"time":0.019999999552965165,"triangles":41476,"vertices":80222,"batches":3069,"drawCalls":3069,"dynamicBatches":0,"frameTime":0.008203853853046894,"renderTime":0.005531129892915487,"instancedBatches":0,"shadowCasters":1196,"staticBatches":0,"dynamicBatchedDrawCalls":0,"combinedTime":0.013734983280301094,"differenceTime":0.00626501627266407,"extra":"regular cube prefab"},{"frame":3,"time":0.3333333432674408,"triangles":82956,"vertices":160452,"batches":6140,"drawCalls":6140,"dynamicBatches":0,"frameTime":3.8860371112823488,"renderTime":-19075.724609375,"instancedBatches":0,"shadowCasters":2392,"staticBatches":0,"dynamicBatchedDrawCalls":0,"combinedTime":-19071.837890625,"differenceTime":19072.171875,"extra":"regular cube prefab"},{"frame":4,"time":0.030256006866693498,"triangles":82956,"vertices":160452,"batches":6140,"drawCalls":6140,"dynamicBatches":0,"frameTime":3.8860371112823488,"renderTime":-19075.724609375,"instancedBatches":0,"shadowCasters":2392,"staticBatches":0,"dynamicBatchedDrawCalls":0,"combinedTime":-19071.837890625,"differenceTime":19071.8671875,"extra":"regular cube prefab"},{"frame":5,"time":0.037095002830028537,"triangles":41476,"vertices":80222,"batches":3069,"drawCalls":3069,"dynamicBatches":0,"frameTime":0.03017822839319706,"renderTime":0.007927484810352326,"instancedBatches":0,"shadowCasters":1196,"staticBatches":0,"dynamicBatchedDrawCalls":0,"combinedTime":0.038105711340904239,"differenceTime":-0.001010708510875702,"extra":"regular cube prefab"},{"frame":6,"time":0.016719844192266465,"triangles":41476,"vertices":80222,"batches":3069,"drawCalls":3069,"dynamicBatches":0,"frameTime":0.016828419640660287,"renderTime":0.006122022867202759,"instancedBatches":0,"shadowCasters":1196,"staticBatches":0,"dynamicBatchedDrawCalls":0,"combinedTime":0.022950442507863046,"differenceTime":-0.0062305983155965809,"extra":"regular cube prefab"},{"frame":7,"time":0.016675153747200967,"triangles":41476,"vertices":80222,"batches":3069,"drawCalls":3069,"dynamicBatches":0,"frameTime":0.016640592366456987,"renderTime":0.005924216005951166,"instancedBatches":0,"shadowCasters":1196,"staticBatches":0,"dynamicBatchedDrawCalls":0,"combinedTime":0.022564807906746866,"differenceTime":-0.0058896541595458988,"extra":"regular cube prefab"},{"frame":8,"time":0.01709536276757717,"triangles":41476,"vertices":80222,"batches":3069,"drawCalls":3069,"dynamicBatches":0,"frameTime":0.017056891694664956,"renderTime":0.006320980843156576,"instancedBatches":0,"shadowCasters":1196,"staticBatches":0,"dynamicBatchedDrawCalls":0,"combinedTime":0.02337787300348282,"differenceTime":-0.006282510235905647,"extra":"regular cube prefab"},{"frame":9,"time":0.01743702031672001,"triangles":41476,"vertices":80222,"batches":3069,"drawCalls":3069,"dynamicBatches":0,"frameTime":0.01745322160422802,"renderTime":0.006319655105471611,"instancedBatches":0,"shadowCasters":1196,"staticBatches":0,"dynamicBatchedDrawCalls":0,"combinedTime":0.02377287670969963,"differenceTime":-0.006335856392979622,"extra":"regular cube prefab"},{"frame":10,"time":0.02065294422209263,"triangles":41476,"vertices":80222,"batches":3069,"drawCalls":3069,"dynamicBatches":0,"frameTime":0.020604876801371576,"renderTime":0.0060281092301011089,"instancedBatches":0,"shadowCasters":1196,"staticBatches":0,"dynamicBatchedDrawCalls":0,"combinedTime":0.026632986962795259,"differenceTime":-0.005980042740702629,"extra":"regular cube prefab"},{"frame":11,"time":0.021617228165268899,"triangles":41476,"vertices":80222,"batches":3069,"drawCalls":3069,"dynamicBatches":0,"frameTime":0.021667281165719034,"renderTime":0.007892145775258541,"instancedBatches":0,"shadowCasters":1196,"staticBatches":0,"dynamicBatchedDrawCalls":0,"combinedTime":0.029559426009655,"differenceTime":-0.0079421978443861,"extra":"regular cube prefab"},{"frame":12,"time":0.0187030378729105,"triangles":41476,"vertices":80222,"batches":3069,"drawCalls":3069,"dynamicBatches":0,"frameTime":0.018729256466031076,"renderTime":0.00695215817540884,"instancedBatches":0,"shadowCasters":1196,"staticBatches":0,"dynamicBatchedDrawCalls":0,"combinedTime":0.02568141371011734,"differenceTime":-0.0069783758372068409,"extra":"regular cube prefab"},{"frame":13,"time":0.0201742984354496,"triangles":41476,"vertices":80222,"batches":3069,"drawCalls":3069,"dynamicBatches":0,"frameTime":0.020145397633314134,"renderTime":0.006847735960036516,"instancedBatches":0,"shadowCasters":1196,"staticBatches":0,"dynamicBatchedDrawCalls":0,"combinedTime":0.02699313312768936,"differenceTime":-0.006818834692239761,"extra":"regular cube prefab"},{"frame":14,"time":0.02145267464220524,"triangles":41476,"vertices":80222,"batches":3069,"drawCalls":3069,"dynamicBatches":0,"frameTime":0.02145151048898697,"renderTime":0.007257894147187471,"instancedBatches":0,"shadowCasters":1196,"staticBatches":0,"dynamicBatchedDrawCalls":0,"combinedTime":0.028709404170513154,"differenceTime":-0.007256729528307915,"extra":"regular cube prefab"},{"frame":15,"time":0.020638596266508104,"triangles":41476,"vertices":80222,"batches":3069,"drawCalls":3069,"dynamicBatches":0,"frameTime":0.020638981834053994,"renderTime":0.0065862699411809448,"instancedBatches":0,"shadowCasters":1196,"staticBatches":0,"dynamicBatchedDrawCalls":0,"combinedTime":0.027225252240896226,"differenceTime":-0.0065866559743881229,"extra":"regular cube prefab"},{"frame":16,"time":0.01881864108145237,"triangles":41476,"vertices":80222,"batches":3069,"drawCalls":3069,"dynamicBatches":0,"frameTime":0.018793124705553056,"renderTime":0.006276241969317198,"instancedBatches":0,"shadowCasters":1196,"staticBatches":0,"dynamicBatchedDrawCalls":0,"combinedTime":0.02506936714053154,"differenceTime":-0.00625072605907917,"extra":"regular cube prefab"},{"frame":17,"time":0.018953194841742517,"triangles":41476,"vertices":80222,"batches":3069,"drawCalls":3069,"dynamicBatches":0,"frameTime":0.0189803559333086,"renderTime":0.00666268914937973,"instancedBatches":0,"shadowCasters":1196,"staticBatches":0,"dynamicBatchedDrawCalls":0,"combinedTime":0.02564304508268833,"differenceTime":-0.006689850240945816,"extra":"regular cube prefab"},{"frame":18,"time":0.02058897353708744,"triangles":41476,"vertices":80222,"batches":3069,"drawCalls":3069,"dynamicBatches":0,"frameTime":0.020586244761943818,"renderTime":0.007428865879774094,"instancedBatches":0,"shadowCasters":1196,"staticBatches":0,"dynamicBatchedDrawCalls":0,"combinedTime":0.02801511064171791,"differenceTime":-0.00742613710463047,"extra":"regular cube prefab"},{"frame":19,"time":0.01925063505768776,"triangles":41476,"vertices":80222,"batches":3069,"drawCalls":3069,"dynamicBatches":0,"frameTime":0.01924889162182808,"renderTime":0.006192979868501425,"instancedBatches":0,"shadowCasters":1196,"staticBatches":0,"dynamicBatchedDrawCalls":0,"combinedTime":0.02544187195599079,"differenceTime":-0.006191236898303032,"extra":"regular cube prefab"},{"frame":20,"time":0.019233157858252527,"triangles":41476,"vertices":80222,"batches":3069,"drawCalls":3069,"dynamicBatches":0,"frameTime":0.019240571185946466,"renderTime":0.00593072222545743,"instancedBatches":0,"shadowCasters":1196,"staticBatches":0,"dynamicBatchedDrawCalls":0,"combinedTime":0.025171292945742608,"differenceTime":-0.005938135087490082,"extra":"regular cube prefab"},{"frame":21,"time":0.019611716270446779,"triangles":41476,"vertices":80222,"batches":3069,"drawCalls":3069,"dynamicBatches":0,"frameTime":0.019608067348599435,"renderTime":0.00598898297175765,"instancedBatches":0,"shadowCasters":1196,"staticBatches":0,"dynamicBatchedDrawCalls":0,"combinedTime":0.02559705078601837,"differenceTime":-0.005985334515571594,"extra":"regular cube prefab"},{"frame":22,"time":0.01836702786386013,"triangles":41476,"vertices":80222,"batches":3069,"drawCalls":3069,"dynamicBatches":0,"frameTime":0.01836637407541275,"renderTime":0.005983483046293259,"instancedBatches":0,"shadowCasters":1196,"staticBatches":0,"dynamicBatchedDrawCalls":0,"combinedTime":0.02434985712170601,"differenceTime":-0.005982829257845879,"extra":"regular cube prefab"},{"frame":23,"time":0.02788439951837063,"triangles":41476,"vertices":80222,"batches":3069,"drawCalls":3069,"dynamicBatches":0,"frameTime":0.02788672409951687,"renderTime":0.006137759890407324,"instancedBatches":0,"shadowCasters":1196,"staticBatches":0,"dynamicBatchedDrawCalls":0,"combinedTime":0.03402448445558548,"differenceTime":-0.006140084937214851,"extra":"regular cube prefab"},{"frame":24,"time":0.019894402474164964,"triangles":41476,"vertices":80222,"batches":3069,"drawCalls":3069,"dynamicBatches":0,"frameTime":0.019891291856765748,"renderTime":0.005843549035489559,"instancedBatches":0,"shadowCasters":1196,"staticBatches":0,"dynamicBatchedDrawCalls":0,"combinedTime":0.02573484182357788,"differenceTime":-0.005840439349412918,"extra":"regular cube prefab"},{"frame":25,"time":0.027451198548078538,"triangles":41476,"vertices":80222,"batches":3069,"drawCalls":3069,"dynamicBatches":0,"frameTime":0.023762233555316926,"renderTime":0.006209618877619505,"instancedBatches":0,"shadowCasters":1196,"staticBatches":0,"dynamicBatchedDrawCalls":0,"combinedTime":0.029971852898597719,"differenceTime":-0.0025206543505191805,"extra":"regular cube prefab"},{"frame":26,"time":0.02003835141658783,"triangles":41476,"vertices":80222,"batches":3069,"drawCalls":3069,"dynamicBatches":0,"frameTime":0.02372700907289982,"renderTime":0.010106569156050682,"instancedBatches":0,"shadowCasters":1196,"staticBatches":0,"dynamicBatchedDrawCalls":0,"combinedTime":0.0338335782289505,"differenceTime":-0.013795226812362671,"extra":"regular cube prefab"},{"frame":27,"time":0.021292302757501603,"triangles":41476,"vertices":80222,"batches":3069,"drawCalls":3069,"dynamicBatches":0,"frameTime":0.021293675526976587,"renderTime":0.005962260067462921,"instancedBatches":0,"shadowCasters":1196,"staticBatches":0,"dynamicBatchedDrawCalls":0,"combinedTime":0.027255935594439508,"differenceTime":-0.005963632836937904,"extra":"regular cube prefab"},{"frame":28,"time":0.020400086417794229,"triangles":41476,"vertices":80222,"batches":3069,"drawCalls":3069,"dynamicBatches":0,"frameTime":0.020398879423737527,"renderTime":0.00618245592340827,"instancedBatches":0,"shadowCasters":1196,"staticBatches":0,"dynamicBatchedDrawCalls":0,"combinedTime":0.026581335812807084,"differenceTime":-0.0061812493950128559,"extra":"regular cube prefab"},{"frame":29,"time":0.024459777399897577,"triangles":41476,"vertices":80222,"batches":3069,"drawCalls":3069,"dynamicBatches":0,"frameTime":0.024460745975375177,"renderTime":0.009120618924498558,"instancedBatches":0,"shadowCasters":1196,"staticBatches":0,"dynamicBatchedDrawCalls":0,"combinedTime":0.033581364899873736,"differenceTime":-0.009121587499976159,"extra":"regular cube prefab"},{"frame":30,"time":0.021488584578037263,"triangles":41476,"vertices":80222,"batches":3069,"drawCalls":3069,"dynamicBatches":0,"frameTime":0.021526768803596498,"renderTime":0.006076448131352663,"instancedBatches":0,"shadowCasters":1196,"staticBatches":0,"dynamicBatchedDrawCalls":0,"combinedTime":0.027603216469287874,"differenceTime":-0.00611463189125061,"extra":"regular cube prefab"},{"frame":31,"time":0.020541315898299218,"triangles":41476,"vertices":80222,"batches":3069,"drawCalls":3069,"dynamicBatches":0,"frameTime":0.02050456590950489,"renderTime":0.00597325898706913,"instancedBatches":0,"shadowCasters":1196,"staticBatches":0,"dynamicBatchedDrawCalls":0,"combinedTime":0.02647782489657402,"differenceTime":-0.005936508998274803,"extra":"regular cube prefab"},{"frame":32,"time":0.02151682786643505,"triangles":41476,"vertices":80222,"batches":3069,"drawCalls":3069,"dynamicBatches":0,"frameTime":0.021514132618904115,"renderTime":0.006684020161628723,"instancedBatches":0,"shadowCasters":1196,"staticBatches":0,"dynamicBatchedDrawCalls":0,"combinedTime":0.028198152780532838,"differenceTime":-0.006681324914097786,"extra":"regular cube prefab"},{"frame":33,"time":0.02036060020327568,"triangles":41476,"vertices":80222,"batches":3069,"drawCalls":3069,"dynamicBatches":0,"frameTime":0.02036026306450367,"renderTime":0.0061514899134635929,"instancedBatches":0,"shadowCasters":1196,"staticBatches":0,"dynamicBatchedDrawCalls":0,"combinedTime":0.026511752977967264,"differenceTime":-0.006151152774691582,"extra":"regular cube prefab"},{"frame":34,"time":0.023044105619192125,"triangles":41476,"vertices":80222,"batches":3069,"drawCalls":3069,"dynamicBatches":0,"frameTime":0.023043423891067506,"renderTime":0.006647766102105379,"instancedBatches":0,"shadowCasters":1196,"staticBatches":0,"dynamicBatchedDrawCalls":0,"combinedTime":0.029691189527511598,"differenceTime":-0.006647083908319473,"extra":"regular cube prefab"},{"frame":35,"time":0.021013585850596429,"triangles":41476,"vertices":80222,"batches":3069,"drawCalls":3069,"dynamicBatches":0,"frameTime":0.021015714854002,"renderTime":0.006236108019948006,"instancedBatches":0,"shadowCasters":1196,"staticBatches":0,"dynamicBatchedDrawCalls":0,"combinedTime":0.027251822873950006,"differenceTime":-0.006238237023353577,"extra":"regular cube prefab"},{"frame":36,"time":0.02168692834675312,"triangles":41476,"vertices":80222,"batches":3069,"drawCalls":3069,"dynamicBatches":0,"frameTime":0.02168632671236992,"renderTime":0.0059561352245509628,"instancedBatches":0,"shadowCasters":1196,"staticBatches":0,"dynamicBatchedDrawCalls":0,"combinedTime":0.02764246240258217,"differenceTime":-0.005955534055829048,"extra":"regular cube prefab"},{"frame":37,"time":0.02110891044139862,"triangles":41476,"vertices":80222,"batches":3069,"drawCalls":3069,"dynamicBatches":0,"frameTime":0.021109547466039659,"renderTime":0.006243763025850058,"instancedBatches":0,"shadowCasters":1196,"staticBatches":0,"dynamicBatchedDrawCalls":0,"combinedTime":0.027353310957551004,"differenceTime":-0.006244400516152382,"extra":"regular cube prefab"},{"frame":38,"time":0.022489849478006364,"triangles":41476,"vertices":80222,"batches":3069,"drawCalls":3069,"dynamicBatches":0,"frameTime":0.022489506751298906,"renderTime":0.005962892901152372,"instancedBatches":0,"shadowCasters":1196,"staticBatches":0,"dynamicBatchedDrawCalls":0,"combinedTime":0.028452400118112565,"differenceTime":-0.005962550640106201,"extra":"regular cube prefab"},{"frame":39,"time":0.02160572074353695,"triangles":41476,"vertices":80222,"batches":3069,"drawCalls":3069,"dynamicBatches":0,"frameTime":0.02159222401678562,"renderTime":0.006149179767817259,"instancedBatches":0,"shadowCasters":1196,"staticBatches":0,"dynamicBatchedDrawCalls":0,"combinedTime":0.027741404250264169,"differenceTime":-0.006135683506727219,"extra":"regular cube prefab"},{"frame":40,"time":0.022542230784893037,"triangles":41476,"vertices":80222,"batches":3069,"drawCalls":3069,"dynamicBatches":0,"frameTime":0.022555237635970117,"renderTime":0.00649378914386034,"instancedBatches":0,"shadowCasters":1196,"staticBatches":0,"dynamicBatchedDrawCalls":0,"combinedTime":0.02904902771115303,"differenceTime":-0.0065067969262599949,"extra":"regular cube prefab"},{"frame":41,"time":0.021816998720169069,"triangles":41476,"vertices":80222,"batches":3069,"drawCalls":3069,"dynamicBatches":0,"frameTime":0.021817512810230256,"renderTime":0.005971057806164026,"instancedBatches":0,"shadowCasters":1196,"staticBatches":0,"dynamicBatchedDrawCalls":0,"combinedTime":0.027788570150732995,"differenceTime":-0.005971571430563927,"extra":"regular cube prefab"},{"frame":42,"time":0.023440448567271234,"triangles":41476,"vertices":80222,"batches":3069,"drawCalls":3069,"dynamicBatches":0,"frameTime":0.023442678153514863,"renderTime":0.006346563808619976,"instancedBatches":0,"shadowCasters":1196,"staticBatches":0,"dynamicBatchedDrawCalls":0,"combinedTime":0.029789242893457414,"differenceTime":-0.00634879432618618,"extra":"regular cube prefab"},{"frame":43,"time":0.0220585186034441,"triangles":41476,"vertices":80222,"batches":3069,"drawCalls":3069,"dynamicBatches":0,"frameTime":0.022056376561522485,"renderTime":0.006373822223395109,"instancedBatches":0,"shadowCasters":1196,"staticBatches":0,"dynamicBatchedDrawCalls":0,"combinedTime":0.02843019925057888,"differenceTime":-0.006371680647134781,"extra":"regular cube prefab"},{"frame":44,"time":0.023424316197633745,"triangles":41476,"vertices":80222,"batches":3069,"drawCalls":3069,"dynamicBatches":0,"frameTime":0.02342546358704567,"renderTime":0.005981569178402424,"instancedBatches":0,"shadowCasters":1196,"staticBatches":0,"dynamicBatchedDrawCalls":0,"combinedTime":0.02940703183412552,"differenceTime":-0.0059827156364917759,"extra":"regular cube prefab"},{"frame":45,"time":0.02183571644127369,"triangles":41476,"vertices":80222,"batches":3069,"drawCalls":3069,"dynamicBatches":0,"frameTime":0.021840877830982209,"renderTime":0.0059523978270590309,"instancedBatches":0,"shadowCasters":1196,"staticBatches":0,"dynamicBatchedDrawCalls":0,"combinedTime":0.02779327519237995,"differenceTime":-0.005957558751106262,"extra":"regular cube prefab"},{"frame":46,"time":0.027406219393014909,"triangles":41476,"vertices":80222,"batches":3069,"drawCalls":3069,"dynamicBatches":0,"frameTime":0.02741430327296257,"renderTime":0.008874901570379734,"instancedBatches":0,"shadowCasters":1196,"staticBatches":0,"dynamicBatchedDrawCalls":0,"combinedTime":0.03628920391201973,"differenceTime":-0.008882984519004822,"extra":"regular cube prefab"},{"frame":47,"time":0.03032555617392063,"triangles":41476,"vertices":80222,"batches":3069,"drawCalls":3069,"dynamicBatches":0,"frameTime":0.030310695990920068,"renderTime":0.008735571056604386,"instancedBatches":0,"shadowCasters":1196,"staticBatches":0,"dynamicBatchedDrawCalls":0,"combinedTime":0.0390462651848793,"differenceTime":-0.008720709010958672,"extra":"regular cube prefab"},{"frame":48,"time":0.03742446005344391,"triangles":41476,"vertices":80222,"batches":3069,"drawCalls":3069,"dynamicBatches":0,"frameTime":0.03441407531499863,"renderTime":0.010049865581095219,"instancedBatches":0,"shadowCasters":1196,"staticBatches":0,"dynamicBatchedDrawCalls":0,"combinedTime":0.04446393996477127,"differenceTime":-0.007039479911327362,"extra":"regular cube prefab"},{"frame":49,"time":0.031093092635273935,"triangles":41476,"vertices":80222,"batches":3069,"drawCalls":3069,"dynamicBatches":0,"frameTime":0.029934734106063844,"renderTime":0.010063458234071732,"instancedBatches":0,"shadowCasters":1196,"staticBatches":0,"dynamicBatchedDrawCalls":0,"combinedTime":0.039998192340135577,"differenceTime":-0.008905099704861641,"extra":"regular cube prefab"},{"frame":50,"time":0.02316054329276085,"triangles":41476,"vertices":80222,"batches":3069,"drawCalls":3069,"dynamicBatches":0,"frameTime":0.027339184656739236,"renderTime":0.010509726591408253,"instancedBatches":0,"shadowCasters":1196,"staticBatches":0,"dynamicBatchedDrawCalls":0,"combinedTime":0.03784891217947006,"differenceTime":-0.014688368886709214,"extra":"regular cube prefab"},{"frame":51,"time":0.02452871948480606,"triangles":41476,"vertices":80222,"batches":3069,"drawCalls":3069,"dynamicBatches":0,"frameTime":0.024568039923906328,"renderTime":0.006547178141772747,"instancedBatches":0,"shadowCasters":1196,"staticBatches":0,"dynamicBatchedDrawCalls":0,"combinedTime":0.031115218997001649,"differenceTime":-0.006586499512195587,"extra":"regular cube prefab"},{"frame":52,"time":0.021793680265545846,"triangles":41476,"vertices":80222,"batches":3069,"drawCalls":3069,"dynamicBatches":0,"frameTime":0.02177656814455986,"renderTime":0.005896278191357851,"instancedBatches":0,"shadowCasters":1196,"staticBatches":0,"dynamicBatchedDrawCalls":0,"combinedTime":0.027672845870256425,"differenceTime":-0.005879165604710579,"extra":"regular cube prefab"},{"frame":53,"time":0.02362760715186596,"triangles":41476,"vertices":80222,"batches":3069,"drawCalls":3069,"dynamicBatches":0,"frameTime":0.023609954863786699,"renderTime":0.006088948808610439,"instancedBatches":0,"shadowCasters":1196,"staticBatches":0,"dynamicBatchedDrawCalls":0,"combinedTime":0.02969890460371971,"differenceTime":-0.006071297451853752,"extra":"regular cube prefab"},{"frame":54,"time":0.022608287632465364,"triangles":41476,"vertices":80222,"batches":3069,"drawCalls":3069,"dynamicBatches":0,"frameTime":0.022592466324567796,"renderTime":0.006021160166710615,"instancedBatches":0,"shadowCasters":1196,"staticBatches":0,"dynamicBatchedDrawCalls":0,"combinedTime":0.028613626956939698,"differenceTime":-0.006005339324474335,"extra":"regular cube prefab"},{"frame":55,"time":0.02548629231750965,"triangles":41476,"vertices":80222,"batches":3069,"drawCalls":3069,"dynamicBatches":0,"frameTime":0.02548745833337307,"renderTime":0.007266337983310223,"instancedBatches":0,"shadowCasters":1196,"staticBatches":0,"dynamicBatchedDrawCalls":0,"combinedTime":0.03275379538536072,"differenceTime":-0.007267503067851067,"extra":"regular cube prefab"},{"frame":56,"time":0.02276216633617878,"triangles":41476,"vertices":80222,"batches":3069,"drawCalls":3069,"dynamicBatches":0,"frameTime":0.02276630513370037,"renderTime":0.006096289958804846,"instancedBatches":0,"shadowCasters":1196,"staticBatches":0,"dynamicBatchedDrawCalls":0,"combinedTime":0.028862595558166505,"differenceTime":-0.006100429221987724,"extra":"regular cube prefab"},{"frame":57,"time":0.02354857511818409,"triangles":41476,"vertices":80222,"batches":3069,"drawCalls":3069,"dynamicBatches":0,"frameTime":0.02354416437447071,"renderTime":0.005880327895283699,"instancedBatches":0,"shadowCasters":1196,"staticBatches":0,"dynamicBatchedDrawCalls":0,"combinedTime":0.02942449226975441,"differenceTime":-0.00587591715157032,"extra":"regular cube prefab"},{"frame":58,"time":0.023104006424546243,"triangles":41476,"vertices":80222,"batches":3069,"drawCalls":3069,"dynamicBatches":0,"frameTime":0.023109672591090204,"renderTime":0.005903252866119146,"instancedBatches":0,"shadowCasters":1196,"staticBatches":0,"dynamicBatchedDrawCalls":0,"combinedTime":0.029012925922870637,"differenceTime":-0.005908919498324394,"extra":"regular cube prefab"},{"frame":59,"time":0.03941168263554573,"triangles":41476,"vertices":80222,"batches":3069,"drawCalls":3069,"dynamicBatches":0,"frameTime":0.03942084684967995,"renderTime":0.006241015158593655,"instancedBatches":0,"shadowCasters":1196,"staticBatches":0,"dynamicBatchedDrawCalls":0,"combinedTime":0.045661862939596179,"differenceTime":-0.0062501803040504459,"extra":"regular cube prefab"},{"frame":60,"time":0.02457672357559204,"triangles":41476,"vertices":80222,"batches":3069,"drawCalls":3069,"dynamicBatches":0,"frameTime":0.024563437327742578,"renderTime":0.007277238182723522,"instancedBatches":0,"shadowCasters":1196,"staticBatches":0,"dynamicBatchedDrawCalls":0,"combinedTime":0.031840674579143527,"differenceTime":-0.007263951003551483,"extra":"regular cube prefab"},{"frame":61,"time":0.02368677407503128,"triangles":41476,"vertices":80222,"batches":3069,"drawCalls":3069,"dynamicBatches":0,"frameTime":0.023732490837574006,"renderTime":0.006075889803469181,"instancedBatches":0,"shadowCasters":1196,"staticBatches":0,"dynamicBatchedDrawCalls":0,"combinedTime":0.02980837970972061,"differenceTime":-0.006121605634689331,"extra":"regular cube prefab"},{"frame":62,"time":0.024841684848070146,"triangles":41476,"vertices":80222,"batches":3069,"drawCalls":3069,"dynamicBatches":0,"frameTime":0.024795453995466234,"renderTime":0.006224478129297495,"instancedBatches":0,"shadowCasters":1196,"staticBatches":0,"dynamicBatchedDrawCalls":0,"combinedTime":0.03101993165910244,"differenceTime":-0.006178246811032295,"extra":"regular cube prefab"},{"frame":63,"time":0.023549115285277368,"triangles":41476,"vertices":80222,"batches":3069,"drawCalls":3069,"dynamicBatches":0,"frameTime":0.023549873381853105,"renderTime":0.0059427968226373199,"instancedBatches":0,"shadowCasters":1196,"staticBatches":0,"dynamicBatchedDrawCalls":0,"combinedTime":0.02949267067015171,"differenceTime":-0.005943555384874344,"extra":"regular cube prefab"},{"frame":64,"time":0.02379036322236061,"triangles":41476,"vertices":80222,"batches":3069,"drawCalls":3069,"dynamicBatches":0,"frameTime":0.023824581876397134,"renderTime":0.005943315103650093,"instancedBatches":0,"shadowCasters":1196,"staticBatches":0,"dynamicBatchedDrawCalls":0,"combinedTime":0.029767896980047227,"differenceTime":-0.005977533757686615,"extra":"regular cube prefab"},{"frame":65,"time":0.02981886826455593,"triangles":41476,"vertices":80222,"batches":3069,"drawCalls":3069,"dynamicBatches":0,"frameTime":0.026171404868364335,"renderTime":0.005846220999956131,"instancedBatches":0,"shadowCasters":1196,"staticBatches":0,"dynamicBatchedDrawCalls":0,"combinedTime":0.032017625868320468,"differenceTime":-0.002198757603764534,"extra":"regular cube prefab"},{"frame":66,"time":0.025214046239852907,"triangles":41476,"vertices":80222,"batches":3069,"drawCalls":3069,"dynamicBatches":0,"frameTime":0.028825750574469568,"renderTime":0.010137648321688176,"instancedBatches":0,"shadowCasters":1196,"staticBatches":0,"dynamicBatchedDrawCalls":0,"combinedTime":0.038963399827480319,"differenceTime":-0.013749353587627411,"extra":"regular cube prefab"},{"frame":67,"time":0.023103881627321245,"triangles":41476,"vertices":80222,"batches":3069,"drawCalls":3069,"dynamicBatches":0,"frameTime":0.023108063265681268,"renderTime":0.00593724986538291,"instancedBatches":0,"shadowCasters":1196,"staticBatches":0,"dynamicBatchedDrawCalls":0,"combinedTime":0.029045313596725465,"differenceTime":-0.005941431969404221,"extra":"regular cube prefab"},{"frame":68,"time":0.02463267371058464,"triangles":41476,"vertices":80222,"batches":3069,"drawCalls":3069,"dynamicBatches":0,"frameTime":0.024627631530165674,"renderTime":0.005858963821083307,"instancedBatches":0,"shadowCasters":1196,"staticBatches":0,"dynamicBatchedDrawCalls":0,"combinedTime":0.030486594885587693,"differenceTime":-0.005853921175003052,"extra":"regular cube prefab"},{"frame":69,"time":0.02414015680551529,"triangles":41476,"vertices":80222,"batches":3069,"drawCalls":3069,"dynamicBatches":0,"frameTime":0.024155108258128167,"renderTime":0.006472438108175993,"instancedBatches":0,"shadowCasters":1196,"staticBatches":0,"dynamicBatchedDrawCalls":0,"combinedTime":0.030627546831965448,"differenceTime":-0.006487390026450157,"extra":"regular cube prefab"},{"frame":70,"time":0.024283191189169885,"triangles":41476,"vertices":80222,"batches":3069,"drawCalls":3069,"dynamicBatches":0,"frameTime":0.02426972985267639,"renderTime":0.006080104969441891,"instancedBatches":0,"shadowCasters":1196,"staticBatches":0,"dynamicBatchedDrawCalls":0,"combinedTime":0.030349835753440858,"differenceTime":-0.006066644564270973,"extra":"regular cube prefab"},{"frame":71,"time":0.02397819422185421,"triangles":41476,"vertices":80222,"batches":3069,"drawCalls":3069,"dynamicBatches":0,"frameTime":0.023982806131243707,"renderTime":0.0067222691141068939,"instancedBatches":0,"shadowCasters":1196,"staticBatches":0,"dynamicBatchedDrawCalls":0,"combinedTime":0.030705075711011888,"differenceTime":-0.006726881489157677,"extra":"regular cube prefab"},{"frame":72,"time":0.02473348379135132,"triangles":41476,"vertices":80222,"batches":3069,"drawCalls":3069,"dynamicBatches":0,"frameTime":0.02473471686244011,"renderTime":0.00603075185790658,"instancedBatches":0,"shadowCasters":1196,"staticBatches":0,"dynamicBatchedDrawCalls":0,"combinedTime":0.030765468254685403,"differenceTime":-0.0060319844633340839,"extra":"regular cube prefab"},{"frame":73,"time":0.02280362695455551,"triangles":41476,"vertices":80222,"batches":3069,"drawCalls":3069,"dynamicBatches":0,"frameTime":0.022798283025622369,"renderTime":0.00595334405079484,"instancedBatches":0,"shadowCasters":1196,"staticBatches":0,"dynamicBatchedDrawCalls":0,"combinedTime":0.02875162661075592,"differenceTime":-0.005947999656200409,"extra":"regular cube prefab"},{"frame":74,"time":0.024686602875590326,"triangles":41476,"vertices":80222,"batches":3069,"drawCalls":3069,"dynamicBatches":0,"frameTime":0.024701932445168496,"renderTime":0.005939371883869171,"instancedBatches":0,"shadowCasters":1196,"staticBatches":0,"dynamicBatchedDrawCalls":0,"combinedTime":0.030641304329037668,"differenceTime":-0.005954701453447342,"extra":"regular cube prefab"},{"frame":75,"time":0.02385832369327545,"triangles":41476,"vertices":80222,"batches":3069,"drawCalls":3069,"dynamicBatches":0,"frameTime":0.023843752220273019,"renderTime":0.0064270938746631149,"instancedBatches":0,"shadowCasters":1196,"staticBatches":0,"dynamicBatchedDrawCalls":0,"combinedTime":0.03027084656059742,"differenceTime":-0.006412522867321968,"extra":"regular cube prefab"},{"frame":76,"time":0.024643750861287118,"triangles":41476,"vertices":80222,"batches":3069,"drawCalls":3069,"dynamicBatches":0,"frameTime":0.0246422216296196,"renderTime":0.0059469640254974369,"instancedBatches":0,"shadowCasters":1196,"staticBatches":0,"dynamicBatchedDrawCalls":0,"combinedTime":0.030589185655117036,"differenceTime":-0.005945434793829918,"extra":"regular cube prefab"},{"frame":77,"time":0.024613376706838609,"triangles":41476,"vertices":80222,"batches":3069,"drawCalls":3069,"dynamicBatches":0,"frameTime":0.024613531306385995,"renderTime":0.006848565768450499,"instancedBatches":0,"shadowCasters":1196,"staticBatches":0,"dynamicBatchedDrawCalls":0,"combinedTime":0.03146209567785263,"differenceTime":-0.006848718971014023,"extra":"regular cube prefab"},{"frame":78,"time":0.025198863819241525,"triangles":41476,"vertices":80222,"batches":3069,"drawCalls":3069,"dynamicBatches":0,"frameTime":0.025200171396136285,"renderTime":0.006070795003324747,"instancedBatches":0,"shadowCasters":1196,"staticBatches":0,"dynamicBatchedDrawCalls":0,"combinedTime":0.031270965933799747,"differenceTime":-0.00607210211455822,"extra":"regular cube prefab"},{"frame":79,"time":0.02427360974252224,"triangles":41476,"vertices":80222,"batches":3069,"drawCalls":3069,"dynamicBatches":0,"frameTime":0.024271061643958093,"renderTime":0.006124083884060383,"instancedBatches":0,"shadowCasters":1196,"staticBatches":0,"dynamicBatchedDrawCalls":0,"combinedTime":0.03039514645934105,"differenceTime":-0.0061215367168188099,"extra":"regular cube prefab"},{"frame":80,"time":0.02372116409242153,"triangles":41476,"vertices":80222,"batches":3069,"drawCalls":3069,"dynamicBatches":0,"frameTime":0.023723121732473375,"renderTime":0.0062900809571146969,"instancedBatches":0,"shadowCasters":1196,"staticBatches":0,"dynamicBatchedDrawCalls":0,"combinedTime":0.030013203620910646,"differenceTime":-0.006292039528489113,"extra":"regular cube prefab"},{"frame":81,"time":0.02551678568124771,"triangles":41476,"vertices":80222,"batches":3069,"drawCalls":3069,"dynamicBatches":0,"frameTime":0.025517761707305909,"renderTime":0.007408025208860636,"instancedBatches":0,"shadowCasters":1196,"staticBatches":0,"dynamicBatchedDrawCalls":0,"combinedTime":0.032925788313150409,"differenceTime":-0.007409002631902695,"extra":"regular cube prefab"},{"frame":82,"time":0.035049937665462497,"triangles":41476,"vertices":80222,"batches":3069,"drawCalls":3069,"dynamicBatches":0,"frameTime":0.03074229508638382,"renderTime":0.0075544738210737709,"instancedBatches":0,"shadowCasters":1196,"staticBatches":0,"dynamicBatchedDrawCalls":0,"combinedTime":0.03829677030444145,"differenceTime":-0.003246832638978958,"extra":"regular cube prefab"},{"frame":83,"time":0.03160396218299866,"triangles":41476,"vertices":80222,"batches":3069,"drawCalls":3069,"dynamicBatches":0,"frameTime":0.03592792898416519,"renderTime":0.01182213332504034,"instancedBatches":0,"shadowCasters":1196,"staticBatches":0,"dynamicBatchedDrawCalls":0,"combinedTime":0.04775006324052811,"differenceTime":-0.01614610105752945,"extra":"regular cube prefab"},{"frame":84,"time":0.02508794330060482,"triangles":41476,"vertices":80222,"batches":3069,"drawCalls":3069,"dynamicBatches":0,"frameTime":0.025070752948522569,"renderTime":0.006776257883757353,"instancedBatches":0,"shadowCasters":1196,"staticBatches":0,"dynamicBatchedDrawCalls":0,"combinedTime":0.03184701129794121,"differenceTime":-0.006759067997336388,"extra":"regular cube prefab"},{"frame":85,"time":0.026553427800536157,"triangles":41476,"vertices":80222,"batches":3069,"drawCalls":3069,"dynamicBatches":0,"frameTime":0.026586920022964479,"renderTime":0.0065063731744885448,"instancedBatches":0,"shadowCasters":1196,"staticBatches":0,"dynamicBatchedDrawCalls":0,"combinedTime":0.03309329226613045,"differenceTime":-0.006539864465594292,"extra":"regular cube prefab"},{"frame":86,"time":0.024390924721956254,"triangles":41476,"vertices":80222,"batches":3069,"drawCalls":3069,"dynamicBatches":0,"frameTime":0.024358125403523446,"renderTime":0.006699935998767614,"instancedBatches":0,"shadowCasters":1196,"staticBatches":0,"dynamicBatchedDrawCalls":0,"combinedTime":0.031058061867952348,"differenceTime":-0.006667137145996094,"extra":"regular cube prefab"},{"frame":87,"time":0.027071818709373475,"triangles":41476,"vertices":80222,"batches":3069,"drawCalls":3069,"dynamicBatches":0,"frameTime":0.02705451101064682,"renderTime":0.007160672917962074,"instancedBatches":0,"shadowCasters":1196,"staticBatches":0,"dynamicBatchedDrawCalls":0,"combinedTime":0.034215182065963748,"differenceTime":-0.007143363356590271,"extra":"regular cube prefab"},{"frame":88,"time":0.02706703543663025,"triangles":41476,"vertices":80222,"batches":3069,"drawCalls":3069,"dynamicBatches":0,"frameTime":0.027062561362981797,"renderTime":0.00629724096506834,"instancedBatches":0,"shadowCasters":1196,"staticBatches":0,"dynamicBatchedDrawCalls":0,"combinedTime":0.03335980325937271,"differenceTime":-0.006292767822742462,"extra":"regular cube prefab"},{"frame":89,"time":0.02699517272412777,"triangles":41476,"vertices":80222,"batches":3069,"drawCalls":3069,"dynamicBatches":0,"frameTime":0.027017252519726754,"renderTime":0.006678258068859577,"instancedBatches":0,"shadowCasters":1196,"staticBatches":0,"dynamicBatchedDrawCalls":0,"combinedTime":0.033695511519908908,"differenceTime":-0.0067003387957811359,"extra":"regular cube prefab"},{"frame":90,"time":0.024448810145258905,"triangles":41476,"vertices":80222,"batches":3069,"drawCalls":3069,"dynamicBatches":0,"frameTime":0.024445069953799249,"renderTime":0.006055866833776236,"instancedBatches":0,"shadowCasters":1196,"staticBatches":0,"dynamicBatchedDrawCalls":0,"combinedTime":0.03050093725323677,"differenceTime":-0.006052127107977867,"extra":"regular cube prefab"},{"frame":91,"time":0.025545815005898477,"triangles":41476,"vertices":80222,"batches":3069,"drawCalls":3069,"dynamicBatches":0,"frameTime":0.025581873953342439,"renderTime":0.0062220171093940739,"instancedBatches":0,"shadowCasters":1196,"staticBatches":0,"dynamicBatchedDrawCalls":0,"combinedTime":0.03180389106273651,"differenceTime":-0.006258076056838036,"extra":"regular cube prefab"},{"frame":92,"time":0.024193646386265756,"triangles":41476,"vertices":80222,"batches":3069,"drawCalls":3069,"dynamicBatches":0,"frameTime":0.02416134998202324,"renderTime":0.006292751990258694,"instancedBatches":0,"shadowCasters":1196,"staticBatches":0,"dynamicBatchedDrawCalls":0,"combinedTime":0.030454102903604509,"differenceTime":-0.006260456517338753,"extra":"regular cube prefab"},{"frame":93,"time":0.024844162166118623,"triangles":41476,"vertices":80222,"batches":3069,"drawCalls":3069,"dynamicBatches":0,"frameTime":0.024843761697411538,"renderTime":0.00653179781511426,"instancedBatches":0,"shadowCasters":1196,"staticBatches":0,"dynamicBatchedDrawCalls":0,"combinedTime":0.03137556090950966,"differenceTime":-0.006531398743391037,"extra":"regular cube prefab"},{"frame":94,"time":0.02515420876443386,"triangles":41476,"vertices":80222,"batches":3069,"drawCalls":3069,"dynamicBatches":0,"frameTime":0.02515397034585476,"renderTime":0.006473072804510593,"instancedBatches":0,"shadowCasters":1196,"staticBatches":0,"dynamicBatchedDrawCalls":0,"combinedTime":0.03162704408168793,"differenceTime":-0.0064728353172540669,"extra":"regular cube prefab"},{"frame":95,"time":0.02649402804672718,"triangles":41476,"vertices":80222,"batches":3069,"drawCalls":3069,"dynamicBatches":0,"frameTime":0.0264943428337574,"renderTime":0.007222041953355074,"instancedBatches":0,"shadowCasters":1196,"staticBatches":0,"dynamicBatchedDrawCalls":0,"combinedTime":0.03371638432145119,"differenceTime":-0.007222356274724007,"extra":"regular cube prefab"},{"frame":96,"time":0.024695616215467454,"triangles":41476,"vertices":80222,"batches":3069,"drawCalls":3069,"dynamicBatches":0,"frameTime":0.024703500792384149,"renderTime":0.006373606156557798,"instancedBatches":0,"shadowCasters":1196,"staticBatches":0,"dynamicBatchedDrawCalls":0,"combinedTime":0.031077107414603235,"differenceTime":-0.00638149119913578,"extra":"regular cube prefab"},{"frame":97,"time":0.028097989037632943,"triangles":41476,"vertices":80222,"batches":3069,"drawCalls":3069,"dynamicBatches":0,"frameTime":0.02808924950659275,"renderTime":0.007167202886193991,"instancedBatches":0,"shadowCasters":1196,"staticBatches":0,"dynamicBatchedDrawCalls":0,"combinedTime":0.03525645285844803,"differenceTime":-0.007158463820815086,"extra":"regular cube prefab"},{"frame":98,"time":0.028999650850892068,"triangles":41476,"vertices":80222,"batches":3069,"drawCalls":3069,"dynamicBatches":0,"frameTime":0.028997505083680154,"renderTime":0.006931522861123085,"instancedBatches":0,"shadowCasters":1196,"staticBatches":0,"dynamicBatchedDrawCalls":0,"combinedTime":0.03592902794480324,"differenceTime":-0.006929377093911171,"extra":"regular cube prefab"},{"frame":99,"time":0.03370782732963562,"triangles":41476,"vertices":80222,"batches":3069,"drawCalls":3069,"dynamicBatches":0,"frameTime":0.028643673285841943,"renderTime":0.006462024990469217,"instancedBatches":0,"shadowCasters":1196,"staticBatches":0,"dynamicBatchedDrawCalls":0,"combinedTime":0.03510569781064987,"differenceTime":-0.0013978704810142518,"extra":"regular cube prefab"},{"frame":100,"time":0.029472757130861284,"triangles":41476,"vertices":80222,"batches":3069,"drawCalls":3069,"dynamicBatches":0,"frameTime":0.03454006463289261,"renderTime":0.012865075841546059,"instancedBatches":0,"shadowCasters":1196,"staticBatches":0,"dynamicBatchedDrawCalls":0,"combinedTime":0.04740513861179352,"differenceTime":-0.017932381480932237,"extra":"regular cube prefab"}]}